source,question_id,title,tags,question_body,question_score,question_url,answer_body,answer_score,is_accepted_answer,human_verified,content_license,attribution,scraped_at
StackExchange - Quantitative Finance,141,What data sources are available online?,"finance, economics, data-source",What sources of financial and economic data are available online? Which ones are free or cheap? What has your experience been like with these data sources?,334,https://quant.stackexchange.com/questions/141/what-data-sources-are-available-online,"This post is Quant Stack Exchange's master list of data sources. Please append your links to other data sources to the list below. Note that a source listed under a certain topic may provide extensive data on other types of instruments as well. Economic Data See What are the most useful sources of economics data? on Cross Validated SE. World OECD.StatExtracts includes data and metadata for OECD countries and selected non-member economies. http://www.assetmacro.com/ includes data for 20,000+ Macroeconomic and Financial Indicators of 150 countries https://db.nomics.world is an open platform with more than 16,000 datasets among 50+ providers. https://data.bis.org/ BIS statistics United Kingdom http://www.statistics.gov.uk/ United States Federal Reserve Economic Data - FRED (includes URL-based API) http://www.census.gov/ http://www.bls.gov/ http://www.ssa.gov/ http://www.treasury.gov/ http://www.sec.gov/ http://www.economagic.com/ http://www.forecasts.org/ Foreign Exchange 1Forge Realtime FX Quotes OANDA Historical Exchange Rates Dukascopy - Historical FX prices; XML and CSV . There is a non-affiliated downloader called tickstory . ForexForums Historical Data - Historical FX downloads via Amazon S3 FXCM provides an open repository of tick data starting from January 4th 2015, with a download script on github. GAIN Capital - Historical FX rates (in ZIP format) TrueFX - Historical FX rates (in ZIP/CSV format) . A download helper script is available on GitHub. TrueFX.com asks for free registration. Same files are linked from Pepperstone , no registration needed. TraderMade - Real Time Forex Data [RTFXD - Real Time FX Data] 9 : Delivered via ssh. Very low pricing. Olsen Data / Olsen Financial Technologies : Historical FX data can be ordered online in custom format. Download link sent in 2 business days. Real time data service. Expensive but very high quality. Zorro : 1Minute bars from 2010 in t6 format (OHLC and tick volume) Norgate Data : Historical FX data covering 74 currency currency and 14 bullion crosses with daily updates. PortaraCQG - Historical Forex Data Supplies FX 1 min, tick and level 1 from 1987. Updates and data tools included. Databento Real time and historical data direct from colocation facilities. Integrates with Python, C++ and raw TCP. Includes order book, tick data, and subsampled OHLCV aggregates at 1s, 1min, 1h, daily granularity. ForexFeed Real time and historical forex and precious metals data in various data formats through a Data API or a REST API Web Service. Equity and Equity Indices http://finance.yahoo.com/ http://www.iasg.com/managed-futures/market-quotes http://kumo.swcp.com/stocks/ Kenneth French Data Library http://unicorn.us.com/advdec/ http://siblisresearch.com/ Center for Research in Security Prices (CRSP) - Historic US stock market, investable index and other investing related data. Especially used by academics and subscribed by universities and university libraries in the US. usfundamentals.com - Quarterly and annual financial data for US companies for the five years up until 2016 http://simfin.com/ Olsen Data / Olsen Financial Technologies https://www.tiingo.com/welcome - Equity, ETF, and Mutual Fund price and fundamental data Norgate Data - Deep daily history of US, Australian and Canadian equities and indices, survivorship bias-free, and daily updates. PortaraCQG - Historical Intraday Data - Supplies global indices 1 min, tick and level 1 from 1987. Updates and data tools included. Databento - Real-time and historical data direct from colocation facilities. Integrates with Python, C++ and raw TCP. Includes order book, tick data, and subsampled OHLCV aggregates at 1s, 1min, 1h, daily granularity. EquityRT - Historic stock trading, index and detailed fundamental equity (historic and forecast) data and financial analysis along with industry-specific financial analysis and comparisons, institutional shareholding data and news reports provided through Excel APIs or a web browser. Service includes foreign exchange, commodity and cryptocurrency prices in addition to some fixed income, and macroeconomic data. Service was geared towards emerging countries' markets but recently expanded to include developed country markets. Not free but quite reasonably priced. Investing.com - Trading and some fundamental data for equities in addition to pricing data for commodities, futures, foreign exchange, fixed income and cryptocurrencies through a web browser. Only pricing data can be downloaded for free. Historic financials and forecasts and financial analysis available for companies with the pro subscription through a browser along with downloading and charting, no APIs. algoseek - Non-free provider of intraday and other data through various types of APIs and platforms for equities, ETFs, options, cash forex, futures, and cryptocurrencies mainly for US markets. tidyquant - Provides APIs for R to get financial data (historic stock prices, financial statements, corporate action as well as historic economic and FX data) in a “tidy” data frame format from web-based sources. Fixed Income FRB: H.15 Selected Interest Rates Barclays Capital Live (institutional clients only) CDS spreads PortaraCQG - Institutional Supplier - Supplies Tullet Prebon Sovereign Debt 1 min, tick and level 1 from 1987. Updates and data tools included. Credit Rating Agency Ratings History Data - Corporate rating histories from multiple agencies converted to CSV format. Data on historical, cross-country nominal yield curves - A Q&A on fixed income yield data providing links to official and commercial sources for many different countries. Cbonds - Provides data on global financial markets with the main focus being the bond markets. Options and Implied Volatility http://www.ivolatility.com/ http://www.optionmetrics.com/ http://www.historicaloptiondata.com/ https://www.commodityvol.com/ https://datamine.cmegroup.com/ Olsen Data / Olsen Financial Technologies Databento - All US equity options, 1.4+ million instruments including single names, ETFs, and indices, e.g. VIX, SPX, SPY, QQQ. Options on futures on CME and ICE. Futures http://www.simiansavants.com/cmedata.shtml http://www.cmegroup.com/market-data/index.html http://www.quandl.com Olsen Data / Olsen Financial Technologies Norgate Data - Deep daily history of 100 futures markets from 11 worldwide exchanges, and daily updates. PortaraCQG - Historical Futures Data Supplies Global Futures. Daily from 1899, 1 min, tick and level 1 from 1987. Updates and data tools included. Databento . Real-time and historical data direct from colocation facilities. Integrates with Python, C++ and raw TCP. Includes order book, tick data, and subsampled OHLCV aggregates at 1s, 1min, 1h, daily granularity. Commodities LIFFE Commodity Derivatives - 15 min delay; free registration PortaraCQG - Historical Commodities Data Global Commodities including LME, Asian and Russian commodity exchanges. Multiple Asset Classes and Miscellaneous http://www.eoddata.com/ Robert Shiller Online Data S#.Data is a free application for downloading and storing market data from various sources Specific Exchanges Spanish Futures & Options (MEFF) CBOE Futures Exchange (CFE Vix Futures )",275,True,True,CC BY-SA 4.0,Stack Exchange Inc. - https://quant.stackexchange.com,2026-07-30 19:22:19
StackExchange - Quantitative Finance,111,How can I go about applying machine learning algorithms to stock markets?,"machine-learning, prediction, mathematics","Can anyone share their experience and basic pointers about how to go about it or at least start applying it to see results from data sets? How ambitious is this? Also, mention standard algorithms that should be investigated.",146,https://quant.stackexchange.com/questions/111/how-can-i-go-about-applying-machine-learning-algorithms-to-stock-markets,"There seems to be a basic fallacy that someone can come along and learn some machine learning or AI algorithms, set them up as a black box, hit go, and sit back while they retire. My advice to you: Learn statistics and machine learning first, then worry about how to apply them to a given problem. There is no free lunch here. Data analysis is hard work . Read ""The Elements of Statistical Learning"" (the pdf is available for free on the website), and don't start trying to build a model until you understand at least the first 8 chapters. Once you understand the statistics and machine learning, then you need to learn how to backtest and build a trading model, accounting for transaction costs, etc. which is a whole other area. After you have a handle on both the analysis and the finance, then it will be somewhat obvious how to apply it. The entire point of these algorithms is trying to find a way to fit a model to data and produce low bias and variance in prediction (i.e. that the training and test prediction error will be low and similar). Here is an example of a trading system using a support vector machine in R , but just keep in mind that you will be doing yourself a huge disservice if you don't spend the time to understand the basics before trying to apply something esoteric. [Edit:] Just to add an entertaining update: I recently came across this master's thesis: ""A Novel Algorithmic Trading Framework Applying Evolution and Machine Learning for Portfolio Optimization"" (2012). It's an extensive review of different machine learning approaches compared against buy-and-hold. After almost 200 pages, they reach the basic conclusion: ""No trading system was able to outperform the benchmark when using transaction costs."" Needless to say, this does not mean that it can't be done (I haven't spent any time reviewing their methods to see the validity of the approach), but it certainly provides some more evidence in favor of the no-free lunch theorem .",166,True,True,CC BY-SA 4.0,Stack Exchange Inc. - https://quant.stackexchange.com,2026-07-30 19:22:19
StackExchange - Quantitative Finance,156,What concepts are the most dangerous ones in quantitative finance work?,"theory, research","There are a few things that form the common canon of education in (quantitative) finance, yet everybody knows they are not exactly true, useful, well-behaved, or empirically supported. So here is the question: which is the single worst idea still actively propagated? Please make it one suggestion per post.",116,https://quant.stackexchange.com/questions/156/what-concepts-are-the-most-dangerous-ones-in-quantitative-finance-work,"Correlation Correlations are notoriously unstable in financial time series - yet one of the most used concepts in quant finance because their is no good theoretical substitute for it. You could say theory is not working with it yet neither without it. For example the concept is used for diversification of uncorrelated assets or for the modelling of credit default swaps (correlation of defaults). Unfortunately when you need it most (e.g. a crash) it just vanishes. This is one of the reasons that the financial crises started because the quants modeled the cds's with certain assumptions concerning default correlations - but when a regime shift happens this no longer works. Edit See my follow-up question: What is the most stable, non-trivial dependence structure in finance?",86,False,False,CC BY-SA 4.0,Stack Exchange Inc. - https://quant.stackexchange.com,2026-07-30 19:22:19
StackExchange - Quantitative Finance,431,Video lectures and presentations on quantitative finance,"research, education, big-list","What are your favourite video lectures, presentations and talks available online? A few rules: Must be related to quantitative finance . No Economics 101 courses, please. Try to avoid DIY lectures for wannabe Soros types (e.g. how to earn millions trading S&P 500 futures). Try to post specific links to freely available stuff.",111,https://quant.stackexchange.com/questions/431/video-lectures-and-presentations-on-quantitative-finance,"Department of Mathematics at University of Minnesota has 4 online lectures on financial mathematics - Lectures on financial mathematics : Notes on Financial Mathematics The Risk-Neutral World Δ-Hedging The Central Limit Theorem David Harper aka Bionic Turtle has set of small videos on his website about quantitative finance and risk management - Bionic Turtle videos Salomon Center at NYU Stern School of Business has free to download videos from Derivatives 2009 and Derivatives 2007 conferences with presentations by J.Hull, P.Carr, E.Derman and others: Derivatives 2009 Derivatives 2007",38,False,False,CC BY-SA 4.0,Stack Exchange Inc. - https://quant.stackexchange.com,2026-07-30 19:22:19
StackExchange - Quantitative Finance,1640,"Where to download list of all common stocks traded on NYSE, NASDAQ and AMEX?","data, market-data","How to get a list of all common stocks traded on NYSE, NASDAQ and AMEX? I need to be able to get the approximate list of common stocks as is available in Telechart... I can not get this data at eoddata , for example... I would like to calculate market breadth indicators and would like to find out how many of common stocks traded were up or down 4% (breakouts/breakdowns) (Cl-Lag(Cl) > 0.04 (4% breakout), Cl-Lag(Cl) < -0.04 (4% breakdown)), how many of common stocks traded are down/up 25% in quarter etc. My first problem is how to get a list of symbols with only common stocks (no ETFs).",111,https://quant.stackexchange.com/questions/1640/where-to-download-list-of-all-common-stocks-traded-on-nyse-nasdaq-and-amex,"NASDAQ makes this information available via FTP and they update it every night. Log into ftp.nasdaqtrader.com anonymously. Look in the directory SymbolDirectory . You'll notice two files: nasdaqlisted.txt and otherlisted.txt . These two files will give you the entire list of tradeable symbols, where they are listed, their name/description, and an indicator as to whether they are an ETF. Given this list, which you can pull each night, you can then query Yahoo to obtain the necessary data to calculate your statistics. UPDATE: More information about these files and their fields can be found here .",122,False,False,CC BY-SA 4.0,Stack Exchange Inc. - https://quant.stackexchange.com,2026-07-30 19:22:19
StackExchange - Quantitative Finance,38862,What are the quantitative finance books that we should all have in our shelves?,"books, big-list","I often use: An Introduction to Financial Option Valuation: Mathematics, Stochastics and Computation Asset Pricing (Cochrane) Which books/papers do you recommend for which topics?",109,https://quant.stackexchange.com/questions/38862/what-are-the-quantitative-finance-books-that-we-should-all-have-in-our-shelves,"General Finance Textbooks Options, Futures and Other Derivatives , John Hull The Concepts and Practice of Mathematical Finance , Mark Joshi Paul Wilmott on Quantitative Finance , Paul Wilmott Asset Pricing Asset Pricing (Revised Edition) , Cochrane, John H. Princeton University Press, 2009. Financial Decisions and Markets: A Course in Asset Pricing , Campbell, John Y. Princeton University Press, 2017. Asset pricing and portfolio choice theory , Back, Kerry. Oxford University Press, 2010. Damodaran on Valuation , Damodaran, Aswath, Wiley Finance, 2006 Dynamic Asset Pricing Theory (Third Edition) , Duffie, Darrell. Princeton University Press, 2001. Asset Allocation Introduction to Risk Parity and Budgeting , Roncalli, Thierry, 2013 Asset Management: A Systematic Approach to Factor Investing , Ang, Andrew, Financial Management Association, 2014 Expected Returns: An Investor's Guide to Harvesting Market Rewards , Illmanen, Anti, The Wiley Finance Series, 2011 Option Pricing Theory and Stochastic Calculus Financial Calculus: An Introduction to Derivative Pricing , Martin Baxter and Andrew Rennie Arbitrage Theory in Continuous Time , Tomas Björk Stochastic Calculus for Finance I: The Binomial Asset Pricing Model , Steven Shreve Stochastic Calculus for Finance II: Continuous-Time Models , Steven Shreve Martingale Methods in Financial Modelling , Marek Musiela and Marek Rutkowski Mathematical Methods for Financial Markets , Monique Jeanblanc, Marc Yor, and Marc Chesney Financial Modelling With Jump Processes , Rama Cont and Peter Tankov Option Volatility and Pricing , Sheldon Natenberg Asset Classes Equity Derivatives: Equity derivatives , Marcus Overhaus et al. Equity Hybrid Derivatives , Marcus Overhaus et al. The Volatility Surface , Jim Gatheral Stochastic Volatility Modeling , Lorenzo Bergomi Dynamic Hedging: Managing Vanilla and Exotic Options , Nassim Nicholas Taleb Option Volatility & Pricing , Sheldon Natenberg Option Valuation Under Stochastic Volatility: With Mathematica Code , Alan L. Lewis FX Derivatives: Foreign Exchange Option Pricing , Iain J. Clark FX Options and Smile Risk , Antonio Castagna FX Options and Structured Products , Uwe Wystup Commodity Derivatives: Commodity Option Pricing , Iain J. Clark Commodities and Commodity Derivatives , Helyette Geman Energy and Power Risk Management: New Developments in Modeling, Pricing, and Hedging , Alexander Eydeland, Krzysztof Wolyniec Interest Rate Derivatives: Interest Rate Option Models , Rebonato Interest Rate Models – Theory and Practice (with Smile, Inflation and Credit) , Damiano Brigo and Fabio Mercurio Interest Rate Modeling I, II & III , Leif B. G. Andersen and Vladimir V. Piterbarg Pricing and Trading Interest Rate Derivatives , J H M Darbyshire Inflation Derivatives: Interest Rate Models – Theory and Practice (with Smile, Inflation and Credit) , Damiano Brigo and Fabio Mercurio Credit Derivatives: Credit Risk - Modeling, Valuation & Hedging , Tomasz R. Bielecki and Marek Rutkowski Modelling Single-name and Multi-name Credit Derivatives , Dominic O’Kane Interest Rate Models – Theory and Practice (with Smile, Inflation and Credit) , Damiano Brigo and Fabio Mercurio XVA: XVA: Credit, Funding and Capital Valuation Adjustments , Andrew Green Counterparty Credit Risk, Collateral and Funding , Damiano Brigo, Massimo Morini, and Andrea Pallavicini Quantitative Risk Management Quantitative Risk Management: Concepts, Techniques and Tools , Alexander J. McNeil, Rudiger Frey, and Paul Embrechts Mathematics Probability and Stochastic Processes: Probability , A.N. Shiryaev Probability , Leo Breiman Stochastic Calculus and Applications , Samuel N. Cohen and Robert J. Elliott Stochastic Differential Equations , Bernt Oksendal Diffusions Markov Processes and Martingales , L. C. G. Roger and D. Williams Statistics: Statistical Inference , George Casella and Roger Berger Theoretical Statistics - Topics for a Core Course , Robert W. Keener Time Series Analysis , James Hamilton The econometrics of financial markets , Campbell, John Y., Andrew Wen-Chuan Lo, and Archie Craig MacKinlay. Vol. 2. Princeton, NJ: Princeton University Press, 1997. The Elements of Statistical Learning , Hastie, Tibshirani and Friedman Handbook of Markov Chain Monte Carlo , Brooks, Steve, Gelman, Andrew, Jones, Galin , and Meng, Xiao-Li. Analysis of Financial Time Series , Ruey S. Tsay Machine Learning : Machine Learning: A Probabilistic Perspective , Kevin P Murphy Pattern Recognition and Machine Learning , Christopher Bishop Reinforcement Learning: An introduction , Richard S. Sutton and Andrew G. Barto Advances in Financial Machine Learning , Marcos Lopez de Prado Programming C++ Design Patterns and Derivatives Pricing , Mark Joshi Python for Data Analysis , Wes McKinney Applied Computational Economics and Finance , Mario J. Miranda and Paul L. Fackler Modern Computational Finance , Antoine Savine Interviews Quant Job Interview Questions and Answers , Mark Joshi Heard on the Street: Quantitative Questions from Wall Street Job Interviews , Timothy Crack 150 Most Frequently Asked Questions on Quant Interviews , Dan Stefanica, Radoš Radoičić, and Tai-ho Wang An Interview primer for quantitative finance , Dirk Bester Being a Quant My Life as a Quant: Reflections on Physics and Finance , Emanuel Derman The Quants: How a New Breed of Math Whizzes Conquered Wall Street and Nearly Destroyed It , Scott Patterson A Man for All Markets: From Las Vegas to Wall Street, How I Beat the Dealer and the Market , Edward Thorpe The Man Who Solved the Market: How Jim Simons Launched the Quant Revolution , Gregory Zuckerman Cultural Classics Reminiscences of a Stock Operator , Jesse Livermore Liar’s Poker , Michael Lewis Against the Gods , Peter Bernstein",106,False,False,CC BY-SA 4.0,Stack Exchange Inc. - https://quant.stackexchange.com,2026-07-30 19:22:19
StackExchange - Quantitative Finance,549,Innovative ways of visualizing financial data,"data, derivatives, visualization","Finance is drowning in a deluge of data. Humans are not very good at comprehending large amounts of data. One way out may be visualization. Traditional ways of visualizing patterns, complexities and contexts are of course charts and for derivatives e.g. payoff diagrams, a more modern approach are heat maps . My question: Do you know of any innovative (or experimental) ways of visualizing financial and/or derivatives data?",98,https://quant.stackexchange.com/questions/549/innovative-ways-of-visualizing-financial-data,"Visualization should lead to truth and understanding. As such, I find that simple visualizations tend to be the best. My favorite visualization for showing relationships is the scatterplot . Once you start to even introduce a line plot, you are implying continuities between data that may not exist. And trying to introduce more advanced visualizations like network diagrams ( ex ) or complicated pie charts ( ex ) can lead to more confusion than understanding if misapplied. A few thoughts: I think that you have already mentioned a few good ones. Heatmaps are good because they allow you to show three (or more) dimensional data without the added issues that arise when trying to create a 3D visualization. Payoff diagrams are simple but they accomplish their goal efficiently as a result. The FinViz website has a few nice examples of visualizations, including a simple bar chart , candlesticks , and heatmap . People often don't consider that it is possible to include more dimensions in a typical plot by changing the width, size, color, or intensity of a shape. This is a much better idea than trying to plot more than 2 dimensions spatially. The fourth real dimension is time, and time plays a very important role in financial data. One popular way to incorporate this as another dimension in a visualization is through video . A great example is gapminder , the software created by Hans Rosling, which made for some very compelling TED talks about global poverty. This was acquired by google and is now available as part of their web toolkit (also mentioned by Ben Hoffstein ). Visualization techniques from other fields are still very appropriate in finance, and the best starting point is Edward Tufte , especially ""The Visual Display of Quantitative Information"" and ""Envisioning Information"" . You also can get a benefit from learning a visualization language. I recommend any of these three (in order of complexity): R with ggplot2 , ( plotly now provide an easy way to make ggplot graphes interactive) Protovis Processing These each have a learning curve, but once you learn how to use them they all allow for exploratory data analysis in a way that can't be achieved with other tools. There are also many great and innovative commercial tools. To mention a few that are all used by banks and hedge funds: Panopticon does an amazing job with real-time visualization. Tableau , Spotfire , and Qlikview all allow for interactive visualization of data using in-memory databases.",66,True,True,CC BY-SA 4.0,Stack Exchange Inc. - https://quant.stackexchange.com,2026-07-30 19:22:19
StackExchange - Quantitative Finance,29572,Building Financial Data Time Series Database from scratch,"time-series, data, historical-data, database","My company is starting a new initiative aimed at building a financial database from scratch. We would be using it in these ways: Time series analysis of: a company's financial data (ex: IBM's total fixed assets over time), aggregations (ex: total fixed assets for the materials sector over time), etc. Single company snapshot: various data points of a single company Analysis of multiple companies across multiple data fields for a single time frame, usually the current day. Backtesting, rank analysis, data analysis, etc. of ideas and custom factors. Approximate breadth of data: 3000 companies 3500 data fields (ex: total fixed assets, earnings, etc.) 500 aggregation levels Periodicity: daily, monthly, quarterly, annual 20 year look-back that would grow over time Questions: What database should we choose? We are currently limited to free options and we prefer open source (on principle). Currently we use PostgreSQL. How should I structure this schema-wise? I am thinking of breaking up the field types into categories (balance sheet, descriptive, income statement, custom calculations, etc.) so each company would have a table for balance sheet, descriptive, income statement, custom calculations, etc. with each row representing one day and appropriate fields for the category of table for columns/fields. That will be my fully normalized database. Using the fully normalized database, I will then build a data warehouse, temp tables, views, etc. that are not fully normalized to make queries fast for the various use cases described previously. One issue with this approach is the number of tables. If I have, say, 5 categories of company data and 3000 companies I will have 15,000 tables in my fully normalized database for just storing the company data. But still, from my perspective, it seems like the best way to do it. What is the best strategy for indexing and structuring the time series portion of this? I've talked to a few people and I did some research on time series database indexing/structure, but help/references/tips/etc. in this area, even if they duplicate what I have found, would be helpful. I realize this depends on the answer to #1 above, so maybe assume I am staying with PostgreSQL and I will be building out the ""time series"" functionality specific bells and whistles myself. Notes: In-depth technical answers and references/links much preferred. This is for a small buy side financial investment firm. If you have been down this road before, suggestions outside of the scope of my initial question are welcome. We cannot compromise on the amount of data, so reducing the amount of data isn't an option for us; however, the numbers I supplied are estimates only. If there is a better place to ask this question, please let me know. There is much more to what we want to do, but this represents the core of what we want to do from a data structure perspective.",96,https://quant.stackexchange.com/questions/29572/building-financial-data-time-series-database-from-scratch,"I am going to recommend something that I have no doubt will get people completely up in arms and probably get people to attack me. It happened in the past and I lost many points on StackOverflow as people downvoted my answer. I certainly hope people are more open minded in the quant forum. Note - It seems that this suggestion has created some strong disagreement again. Before you read this I would like to point out that this suggestion is for a ""Small buy side firm"" and not a massive multiuser system. I spent 7 years managing a high-frequency trading operation and our primary focus was building systems just like this. We spent a huge amount of time trying to figure out the most efficient way to store, retrieve and analyze order level data from both the NYSE, NASDAQ and a wide variety of ECNs. What I am giving you is the result of that work. Our answer was Don't Use a Database . A basic structured file system of serialized data chunks works far better. Market time series data is unique in many ways, both in how it is used and how it is stored. Databases were developed for wildly different needs and actually hurt the performance of what you are trying to do. This is in the context of a small to mid-sized trading operation that is focused on data analysis related to trading strategies or risk analytics. If you are creating a solution for a large brokerage, bank or have to meet the needs of a large number of simultaneous clients then I imagine that your solution would differ from mine. I happen to love databases. I am using MongoDB right now for part of a new project allowing us to analyze options trades, but my market timeseries data, including 16 years of options data, is all built into a structured file store. Let me explain the reasoning behind this and why it is more performant. First, let's look at storing the data. Databases are designed to allow a system to do a wide variety of things with data. The basic CRUD functions; Create, Read, Update and Delete. To do these things effectively and safely, many checks and safety mechanisms must be implemented. Before you read data the database needs to be sure the data isn't being modified, it is checking for colisions, etc.. When you do read the data in a database the server puts a lot of effort into caching that data and determining if it can be served up faster later. There are indexing operations and replicating data to prepare it to be viewed in different ways. Database designers have put huge amounts of effort into designing these functions to be fast, but they all take processing time and if they are not used they are just an impediment. Market time series data is stored in a completely different way. In fact, I would say it is prepared rather than stored. Each data item only needs to be written once and after that never needs to be modified or changed. Data items can be written sequentially, there is no need to insert anything in the middle. It needs no ACID functionality at all. They have little to no references out to any other data. The time series is effectively its own thing. As a database does all the magic that makes databases wonderful it also packs on the bytes. The minimum space data can take up is its own original size. They may be able to play some tricks with normalizing data and compression, but those only go so far and slow things down. The indexing, caching and referencing the data ends up packing on the bytes and chewing up storage. Reading is also very simplified. Finding data is as simple as time & symbol. Complex indexing does it no good. Since time series data is typically read in a linear fashion and a sequential chunk at once, Caching strategies actually slow the access down instead of help. It takes the processor cycles to cache the data you aren't going to read again anytime soon. This is the basic structures that worked for us. We created basic data structures for serializing the data. If your major concern is speed and data size you can go with a simple custom binary storage. In another answer, omencat suggested using TeaFiles and that looks like it has some promise also. Our recent need is for more flexibility so we chose to use a fairly dense, but flexible JSON format. We broke the data up into fairly obvious chunks. The EOD stock data is a very easy example, but the concept works for our larger datasets also. We use the data for analysis in fairly traditional time series scenarios. It could be referenced as one quote or out to a series containing years of data at a time. It was important to break the data down to bite-sized chunks for storage so we chose to make one ""Block"" of our data equal one year of EOD stock time series data. Each block is one file that contains a year of OHLC EOD data serialized as JSON. The name of the file is the Stock symbol prefixed by an underscore. Note - the underscore prevents issues when the stock symbol conflicts with DOS commands such as COM or PRN. Note, make sure you understand the limitations of your file system. We got in trouble when we put too many files in one place. This led to a directory structure that is effectively its own index. It is broken down by the year of data and then also sorted by the first letter of the stock symbol. This gives us roughly 20 to a few hundred symbol files per directory. It looks roughly like this; \StockEOD\{YYYY}\{Initial}\_symbol.json AAPL data for 2015 would be \StockEOD\2015\A\_AAPL.json A small piece of its data file looks like this; [{""dt"":""2007-01-03T00:00:00"",""o"":86.28,""h"":86.58,""l"":81.9,""c"":83.8,""v"":43674760}, {""dt"":""2007-01-04T00:00:00"",""o"":84.17,""h"":85.95,""l"":83.82,""c"":85.66,""v"":29854074}, {""dt"":""2007-01-05T00:00:00"",""o"":85.84,""h"":86.2,""l"":84.4,""c"":85.05,""v"":29631186}, {""dt"":""2007-01-08T00:00:00"",""o"":85.98,""h"":86.53,""l"":85.28,""c"":85.47,""v"":28269652} We have a router object that can give us a list of filenames for any data request in just a handful of lines. Each file is read with an Async filestream and deserialized. Each quote is turned into an Object and added to a sorted list in the system. At that point, we can do a very quick query to trim off the unneeded data. The data is now in memory and can be used in almost any way needed. If the query size gets too big for the computer to handle it isn't difficult chunking the process. It takes a massive request to get there. I have had programmers who I described this to almost go into a rage telling me how I was doing it wrong. That this was ""Rolling my own database"" and a complete waste of time. In fact, we switched from a fairly sophisticated database. When we did our codebase to handle this dropped to a small handful of classes and less than 1/4 of the code we used to manage the database solution. We also got nearly a 100x jump in speed. I can retrieve 7 years of stock end of day data for 20 symbols in a couple of milliseconds. Our old HF trading system used similar concepts but in a highly optimized Linux environment and operated in the nanosecond range.",112,True,True,CC BY-SA 4.0,Stack Exchange Inc. - https://quant.stackexchange.com,2026-07-30 19:22:19
StackExchange - Quantitative Finance,3783,What is an efficient data structure to model order book?,"limit-order-book, market-microstructure",What is an efficient data structure to model order book of prices and quantities to ensure: constant look up iteration in order of prices retrieving best bid and ask in constant time fast quantity updates,90,https://quant.stackexchange.com/questions/3783/what-is-an-efficient-data-structure-to-model-order-book,"The specifics depend on if you're implementing for equities (order-based) or futures (level-based). I recommend https://web.archive.org/web/20110219163448/http://howtohft.wordpress.com/2011/02/15/how-to-build-a-fast-limit-order-book/ for a general overview of a good architecture for the former. Building off of that, though, I have found that using array-based over pointer-based data structures provides faster performance. This is because for modern pipelining, caching CPUs, branching and dereferences (especially from uncached memory) are the biggest performance killers because they introduce data dependencies resulting in pipeline / memory stalls. If you can, you should also optimize for the particular exchange. For instance, it turns out that, last I checked, Nasdaq generates order IDs incrementally starting from a small number, so you can store all the orders in a giant array instead of a hashtable. This is really cache- and TLB-friendly compared to a hashtable because most updates tend to happen to recently-dereferenced orders. Speaking from experience with equities (order-based), my preferred architecture is: A large associative array from order ids to order metadata ( std::unordered_map or std::vector if you can swing it such as in the case of Nasdaq). The order metadata includes pointers to the order book (essentially consisting of the price-levels on both sides) and price-level it belongs to, so after looking up the order, the order book and price level data structures are a single dereference away. Having a pointer to the price allows for a O(1) decrement for an Order Execute or Order Reduce operation. If you want to keep track of time-priority as well, you can keep pointers to the next and previous orders in the queue. Since most updates happen near the inside of the book, using a vector for the price levels for each book will result in the fastest average price lookup. Searching linearly from the end of the vector is on average faster than a binary search, too, because most of the time the desired price is only a few levels at most from the inside, and a linear search is easier on the branch predictor, optimizer and cache. Of course, there can be pathological orders far away from the inside of the book, and an attacker could conceivably send a lot of updates at the end of the book in order to slow your implementation down. In practice, though, most of the time this results in a cache-friendly, nearly O(1) implementation for insert , lookup , update and delete (with a worst-case O(N) memcpy). Specifically for a Best Bid / Offer (BBO) update, you can get an implementation to calculate the update in just a few instructions (essentially appending or deleting an element from the end of the vector ), or about three dereferences. The behavior of this is O(1) best-case behavior for insertion, lookup, delete and update with very low constants (I've clocked it to be on average the cost of a single fetch from main memory - roughly 60ns). Unfortunately you can get O(N) worst case behavior, but with low probability and still with very good constants due to the cache-, TLB- and compiler-friendliness. It is also very fast, nearly optimally so, in the case of BBO updates which is what you are usually interested in anyways. I have a reference implementation here for Nasdaq's ITCH protocol which illustrates these techniques and more. It clocks in at a mean of just over 61ns / tick (about 16 million ticks / second) by only keeping track of the quantity at each price-level and not the order queue, and uses almost no allocation besides std::vector resizing.",61,False,False,CC BY-SA 4.0,Stack Exchange Inc. - https://quant.stackexchange.com,2026-07-30 19:22:19
StackExchange - Quantitative Finance,948,Efficiently storing real-time intraday data in an application agnostic way,"time-series, software, performance, database, column-oriented","What would be the best approach to handle real-time intraday data storage ? For personal research I've always imported from flat files only into memory ( historical EOD ), so I don't have much experience with this. I'm currently working on a side project, which would require daily stock quotes updated every minute from an external feed. For the time being, I suppose any popular database solution should handle it without sweating too much in this scenario. But I would like the adopted solution to scale easily when real-time ticks become necessary . A similar problem has been mentioned by Marko , though it was mostly specific to R . I'm looking for a universal data storage accessible both for lightweight web front-ends ( PHP/Ruby/Flex ) and analytical back-end ( C++ , R or Python , don't know yet). From what chrisaycock mentioned column oriented databases should be the most viable solution. And it seems to be the case . But I'm not sure I understand all the intricacies of column oriented storage in some exemplary usage scenarios: Fetching all or subset of price data for a specific ticker for front-end charting Compared to row based solutions fetching price data should be faster because it's a sequential read. But how does storing multiple tickers in one place influence this? For example a statement like ""select all timestamps and price data where ticker is equal to something"". Don't I have to compare the ticker on every row I fetch? And in the situation where I have to provide complete data for some front-end application, wouldn't serving a raw flat file for the instrument requested be more efficient? Analytics performed in the back-end Things like computing single values for a stock (e.g. variance, return for last x days) and dependent time-series (daily returns, technical indicators etc.). Fetching input data for computations should be more efficient as in the preceding case, but what about writing? The gain I see is bulk writing the final result (like value of computed indicator for every timestamp), but still I don't know how the database handles my mashup of different tickers in one table. Does horizontal partitioning/sharding handle it for me automatically or am I better splitting manually into table per instrument structure (which seems unnecessary cumbersome)? Updating the database with new incoming ticks Using row based orientation would be more efficient here, wouldn't it? And the same goes about updating aggregated data (for example daily OHLC tables). Won't it be a possible bottleneck? All this is in the context of available open source solutions. I thought initially about InfiniDB or HBase , but I've seen MonetDB and InfoBright being mentioned around here too. I don't really need ""production quality"" (at least not yet) as mentioned by chrisaycock in the referenced question , so would any of this be a better choice than the others? And the last issue - from approximately which load point are specialized time-series databases necessary? Unfortunately, things like kdb+ or FAME are out of scope in this case, so I'm contemplating how much can be done on commodity hardware with standard relational databases ( MySQL/PostgreSQL ) or key-value stores (like Tokyo / Kyoto Cabinet 's B+ tree) - is it a dead end really? Should I just stick with some of the aforementioned column oriented solutions owing to the fact that my application is not mission critical or is even that an unnecessary precaution? Thanks in advance for your input on this. If some part is too convoluted, let me know in a comment. I will try to amend accordingly. EDIT: It seems that strictly speaking HBase is not a column oriented store but rather a sparse, distributed, persistent multidimensional sorted map , so I've crossed it out from the original question. After some research I'm mostly inclined towards InfiniDB . It has all the features I need, supports SQL (standard MySQL connectors/wrappers can be used for access) and full DML subset. The only thing missing in the open source edition is on the fly compression and scaling out to clusters. But I guess it's still a good bang for the buck, considering it's free.",83,https://quant.stackexchange.com/questions/948/efficiently-storing-real-time-intraday-data-in-an-application-agnostic-way,"Column-oriented storage is faster for reading because of the cache efficiency. Looking at your sample query: select price, time from data where symbol = `AAPL Here I'm concerned with three columns: price , time , and symbol . If all ticks were stored by row, the database would have to read through all rows just to search for the symbols. It would look like this on disk: IBM | 09:30:01 | 164.05; IBM | 09:30:02 | 164.02; AAPL | 09:30:02 | 336.85 So the software must skip over the price and time entries just to read the symbols. That would cause a cache miss for every tick! Now let's look at the column-oriented storage: IBM | IBM | AAPL; 09:30:01 | 09:30:02 | 09:30:02; 164.05 | 164.02 | 336.85 Here the database can sequentially scan the symbol list. This is cache efficient. Once the software has the array indices that represent the symbol locations of interest, the database can jump to the specific time and price entries via random access. (You may notice that the columns are actually associative arrays; the first element in each column refers to the first row in aggregate, so jumping to the N th row means simply accessing the N th element in each array.) As you can imagine, column-oriented storage really shines during analytics. To compute the moving average of the prices per symbol, the database will index-sort the symbol column to determine the proper ordering of the price entries, and then begin the calculation with the prices in contiguous (sequential) layout. Again, cache efficient. Beyond the column-oriented layout, many of these really new databases also store everything in memory when performing calculations. That is, if the data set is small enough, the software will read the entire tick history into memory, which will eliminate page faults when running queries. Thus, it will never access the disk! A second optimization that kdb+ does is that it will automatically enumerate text . (This feature is inspired by Lisp symbols ). So searching for a particular stock does not involve typical string searching; it's simply an integer search after the initial enumeration look-up. With the sequential storage, in-memory allocation, and the automatic text enumeration, searching for a symbol is really just scanning for an integer in an array. That's why a database like kdb+ is a few orders of magnitude faster than common relational databases for reading and analytics. As you've pointed-out in your question, writing is a weakness of column-oriented storage. Because each column is an array (in-memory) or file (on-disk), changing a single row means updating each array or file individually as opposed to simply streaming the entire row at once. Furthermore, appending data in-memory or on-disk is pretty straightforward, as is updating/inserting data in-memory, but updating/inserting data on-disk is practically impossible . That is, the user can't change historical data without some massive hack. For this reason, historical data (stored on-disk) is often considered append-only . In practice, column-oriented databases require the user to adopt a bitemporal or point-in-time schema . (I advise this schema for financial applications anyway for both better time-series analysis and proper compliance reporting.) I don't know enough about your application to determine performance or production-level requirements. I just hope the above guide will help you make an informed decision with regard to why column-oriented storage is often your best bet for analytics.",52,True,True,CC BY-SA 4.0,Stack Exchange Inc. - https://quant.stackexchange.com,2026-07-30 19:22:19
StackExchange - Quantitative Finance,17870,Is R being replaced by Python at quant desks?,"time-series, statistics, r, python, quants","I know the title sounds a little extreme but I wonder whether R is phased out by a lot of quant desks at sell side banks as well as hedge funds in favor of Python. I get the impression that with improvements in Pandas, Numpy and other Python packages functionality in Python is drastically improving in order to meaningfully mine data and model time series. I have also seen quite impressive implementations through Python to parallelize code and fan out computations to several servers/machines. I know some packages in R are capable of that too but I just sense that the current momentum favors Python. I need to make a decision regarding architecture of a subset of my modeling framework myself and need some input what the current sentiment is by other quants. I also have to admit that my initial reservations regarding performance via Python are mostly outdated because some of the packages make heavy use of C implementations under the hood and I have seen implementations that clearly outperform even efficiently written, compiled OOP language code. Can you please comment on what you are using? I am not asking for opinions whether you think one is better or worse for below tasks but specifically why you use R or Python and whether you even place them in the same category to accomplish, among others, the following tasks: acquire, store, maintain, read, clean time series perform basic statistics on time series, advanced statistical models such as multivariate regression analyses,... performing mathematical computations (fourier transforms, PDE solver, PCA, ...) visualization of data (static and dynamic) pricing derivatives (application of pricing models such as interest rate models) interconnectivity (with Excel, servers, UI, ...) (Added Jan 2016): Ability to design, implement, and train deep learning networks. EDIT I thought the following link might add more value though its slightly dated [2013] (for some obscure reason that discussion was also closed...): https://softwareengineering.stackexchange.com/questions/181342/r-vs-python-for-data-analysis You can also search for several posts on the r-bloggers website that address computational efficiency between R and Python packages. As was addressed in some of the answers, one aspect is data pruning, the preparation and setup of input data. Another part of the equation is the computational efficiency when actually performing statistical and mathematical computations. Update (Jan 2016) I wanted to provide an update to this question now that AI/Deep Learning networks are very actively pursued at banks and hedge funds. I have spent a good amount of time on delving into deep learning and performed experiments and worked with libraries such as Theano, Torch, and Caffe. What stood out from my own work and conversations with others was that a lot of those libraries are used via Python and that most of the researchers in this space do not use R in this particular field. Now, this still constitutes a small part of quant work being performed in financial services but I still wanted to point it out as it directly touches on the question I asked. I added this aspect of quant research to reflect current trends.",76,https://quant.stackexchange.com/questions/17870/is-r-being-replaced-by-python-at-quant-desks,"My deal is HFT so what I care about is read/load data from file or DB quickly in memory perform very efficient data-munging operations (group,transform) visualize easily the data I think is is pretty clear that 3. goes to R, graphics and ggplot2 and others allow you to plot anything from scratch with little effort. About 1. and 2. I am amazed reading previous post to see that people are advocating for python based on pandas and that no one cites data.table The data.table is a fantastic package that allows blazing fast grouping/transforming of tables with 10s million rows. From this bench you can see that data.table is multiple time faster than pandas and much more stable (pandas tend to crash on massive tables) Example R) library(data.table) R) DT = data.table(x=rnorm(2e7),y=rnorm(2e7),z=sample(letters,2e7,replace=T)) R) tables() NAME NROW NCOL MB COLS KEY [1,] DT 20,000,000 3 458 x,y,z Total: 458MB R) system.time(DT[,.(sum(x),mean(y)),.(z)]) user system elapsed 0.226 0.037 0.264 R)setkey(DT,z) R)system.time(DT[,.(sum(x),mean(y)),.(z)]) user system elapsed 0.118 0.022 0.140 Then there is speed, as I work in HFT neither R nor python can be used in production. But the Rcpp package allows you to write efficient C++ code and integrate it to R trivially (literally adding 2 lines). I doubt R is fading, given the number of new packages created every day and the momentum the language has... EDIT 2018-07 A few years latter I am amazed by how the R ecosystem has evolved. For in-memory computation you get unmatched tools, from fst for blazing fast binary read/write, fork or cluster parallelism in one liners. C++ integration is incredibly easy with Rcpp. You get interactive graphics with the classics like plotly, crazy features like ggplotly (just makes your ggplot2 interactive). For trying python with pandas I honestly do not understand how there could even be a match. Syntax is clunky and performance is poor, I must be too used to R I guess. Another thing that is really missing in python is litterate programming, nothing comes close to rmarkdown (the best I could find in python was jupyter but that does even come close). With all the fuss surrounding the R vs Python langage war I realize that vast majority of people are simply uninformed, they do not know what data.table is, that it has nothing to do with a data.frame, they do not know that R fully supports tensorflow and keras.... To conclude I think both tools can do everything and it seems that python langage has very good PR...",50,True,True,CC BY-SA 4.0,Stack Exchange Inc. - https://quant.stackexchange.com,2026-07-30 19:22:19
StackExchange - Quantitative Finance,1150,What are some useful approximations to the Black-Scholes formula?,"options, option-pricing, black-scholes, optimization","Let the Black-Scholes formula be defined as the function $f(S, X, T, r, v)$. I'm curious about functions that are computationally simpler than the Black-Scholes that yields results that approximate $f$ for a given set of inputs $S, X, T, r, v$. I understand that ""computationally simpler"" is not well-defined. But I mean simpler in terms of number of terms used in the function. Or even more specifically, the number of distinct computational steps that needs to be completed to arrive at the Black-Scholes output. Obviously Black-Scholes is computationally simple as it is, but I'm ready to trade some accuracy for an even simpler function that would give results that approximate B&S. Does any such simpler approximations exist?",71,https://quant.stackexchange.com/questions/1150/what-are-some-useful-approximations-to-the-black-scholes-formula,"This is just to expand a bit on vonjd's answer . The approximate formula mentioned by vonjd is due to Brenner and Subrahmanyam (""A simple solution to compute the Implied Standard Deviation"", Financial Analysts Journal (1988), pp. 80-83). I do not have a free link to the paper so let me just give a quick and dirty derivation here. For the at-the-money call option, we have $S=Ke^{-r(T-t)}$. Plugging this into the standard Black-Scholes formula $$C(S,t)=N(d_1)S-N(d_2)Ke^{-r(T-t)},$$ we get that $$C(S,t)=\left[N\left(\frac{1}{2}\sigma\sqrt{T-t}\right)-N\left(-\frac{1}{2}\sigma\sqrt{T-t}\right)\right]S.\qquad\qquad(1)$$ Now, Taylor's formula implies for small $x$ that $$N(x)=N(0)+N'(0)x+N''(0)\frac{x^2}{2}+O(x^3).\qquad\qquad\qquad\qquad(2)$$ Combining (1) and (2), we will get with some obvious cancellations that $$C(S,t)=S\left(N'(0)\sigma\sqrt{T-t}+O(\sigma^3\sqrt{(T-t)^3})\right).$$ But $$N'(0)=\frac{1}{\sqrt{2\pi}}=0.39894228...$$ so finally we have, for small $\sigma\sqrt{T-t}$, that $$C(S,t)\approx 0.4S\sigma\sqrt{T-t}.$$ The modified formula $$C(S,t)\approx 0.4Se^{-r(T-t)}\sigma\sqrt{T-t}$$ gives a slightly better approximation.",64,True,True,CC BY-SA 4.0,Stack Exchange Inc. - https://quant.stackexchange.com,2026-07-30 19:22:19
StackExchange - Quantitative Finance,2260,How to annualize Sharpe Ratio?,sharpe-ratio,"If I know the daily returns of my portfolio, I need to multiply the Sharpe Ratio by $\sqrt{252}$ to have it annualized. I don't understand why that is.",66,https://quant.stackexchange.com/questions/2260/how-to-annualize-sharpe-ratio,"Actually, that is not always the case. Here is a great paper by Andy Lo, ""The Statistics of Sharpe Ratios"". He shows how monthly Sharpe ratios ""cannot be annualized by multiplying by $\sqrt{12}$ except under very special circumstances"". I expect this will carry over to annualizing daily Sharpe Ratios.",50,False,False,CC BY-SA 4.0,Stack Exchange Inc. - https://quant.stackexchange.com,2026-07-30 19:22:19
StackExchange - Quantitative Finance,3156,Is there any thing out there as a substitute for KDB?,"programming, database","thanks a lot for your discussions on the original post. following your suggestions, let me re-phrase a bit : kdb is known for its efficiency, and such efficiency comes at a terrible price. However, with computational power so cheap this days, there must be a sweet spot where we can achieve a comparable efficiency of data manipulation, at a more reasonable cost. For instance, if a KDB license cost a small shop $200K per year (I dont know how much it actually cost, do you know?), maybe there is a substitute solution: e.g., we pay 50K to build a decent cluster, storing all data onto a network file system, and parallelize all the data queries. This solution might not be as fast or as elegant as KDB, but it would be much more affordable and most important -- you take full control of it. what do you think? is there anything like this?",65,https://quant.stackexchange.com/questions/3156/is-there-any-thing-out-there-as-a-substitute-for-kdb,"At discretelogics we just released a file format to store time series in flat files called "" TeaFiles "". In addition to raw data they can store the binary item layout and a description of the contents. C#, C++, Python APIs are available open source, licensed under the GPL, see discretelogics.com/teafiles/ Using memory mapping, read performance reaches that of in-memory array processing for sequential usage of a file, as is the case for back testing. The C# API at Codeplex holds micro benchmarks. Summing up a file with a single 8 byte double reaches 500 million operations per second on an older test machine. Using a Tick Item with int64 / double / int for Time/Price/Volume is 100 million operations.",23,False,False,CC BY-SA 4.0,Stack Exchange Inc. - https://quant.stackexchange.com,2026-07-30 19:22:19
StackExchange - Quantitative Finance,1027,How are correlation and cointegration related?,"time-series, statistics, correlation, cointegration","In what ways (and under what circumstances) are correlation and cointegration related, if at all? One difference is that one usually thinks of correlation in terms of returns and cointegration in terms of price. Another issue is the different measures of correlation (Pearson, Spearman, distance/Brownian) and cointegration (Engle/Granger and Phillips/Ouliaris).",64,https://quant.stackexchange.com/questions/1027/how-are-correlation-and-cointegration-related,"This isn't really an answer, but it's too long to add as a comment. I've always had a real problem with the correlation/covariance of price . To me, it means nothing. I realize that it gets used (abused) in many contexts, but I just don't get anything out of it (over time, price has to generally go up, go down, or go sideways, so aren't all prices ""correlated""?). On the flip side, correlation/covariance of returns makes sense. You're dealing with random series, not integrated random series. For example, below is the code required to generate two price series that have correlated returns . A typical plot is shown below. In general, when the red series goes up, the blue series is likely to go up. If you run this code over and over, you'll get a feel for ""correlated returns"". library(MASS) #The input data numpoi <- 1000 #Number of points to generate meax <- 0.0002 #Mean for x stax <- 0.010 #Standard deviation for x meay <- 0.0002 #Mean for y stay <- 0.005 #Standard deviation for y corxy <- 0.8 #Correlation coeficient for xy #Build the covariance matrix and generate the correlated random results (covmat <- matrix(c(stax^2, corxy*stax*stay, corxy*stax*stay, stay^2), nrow=2)) res <- mvrnorm(numpoi, c(meax, meay), covmat) plot(res[,1], res[,2]) #Calculate the stats of res[] so they can be checked with the input data mean(res[,1]) sd(res[,1]) mean(res[,2]) sd(res[,2]) cor(res[,1], res[,2]) #Plot the two price series that have correlated returns plot(exp(cumsum(res[,1])), main=""Two Price Series with Correlated Returns"", ylab=""Price"", type=""l"", col=""red"") lines(exp(cumsum(res[,2])), col=""blue"") If I try to generate correlated prices (not returns) , I'm stumped. The only techniques that I am aware of deal with random normally distributed inputs, not integrated inputs . So, my question is, does anyone know how to generate correlated prices ? I'm out of time, so I'll have to add my cointegration comments later. Edit 1 (04/24/2011) ================================================ The above deals with the correlation of returns , but as implied in the original question, in the real world it looks like correlation of prices is a more important issue. After all, even if the returns are correlated, if the two price series drift apart over time, my pairs trade is going to screw me. That's where co-integration comes in. When I look up ""co-integration"": http://en.wikipedia.org/wiki/Cointegration I get something like: ""....If two or more series are individually integrated (in the time series sense) but some linear combination of them has a lower order of integration, then the series are said to be cointegrated...."" What does that mean? I need some code so I can screw around with things to make that definition meaningful. Here's my stab at a very simple version of co-integration. I'll use the same input data as in the code above. #The input data numpoi <- 1000 #Number of data points meax <- 0.0002 #Mean for x stax <- 0.0100 #Standard deviation for x meay <- 0.0002 #Mean for y stay <- 0.0050 #Standard deviation for y coex <- 0.0200 #Co-integration coefficient for x coey <- 0.0200 #Co-integration coefficient for y #Generate the noise terms for x and y ranx <- rnorm(numpoi, mean=meax, sd=stax) #White noise for x rany <- rnorm(numpoi, mean=meay, sd=stay) #White noise for y #Generate the co-integrated series x and y x <- numeric(numpoi) y <- numeric(numpoi) x[1] <- 0 y[1] <- 0 for (i in 2:numpoi) { x[i] <- x[i-1] + (coex * (y[i-1] - x[i-1])) + ranx[i-1] y[i] <- y[i-1] + (coey * (x[i-1] - y[i-1])) + rany[i-1] } #Plot x and y as prices ylim <- range(exp(x), exp(y)) plot(exp(x), ylim=ylim, type=""l"", main=paste(""Co-integrated Pair (coex="",coex,"", coey="",coey,"")"", sep=""""), ylab=""Price"", col=""red"") lines(exp(y), col=""blue"") legend(""bottomleft"", c(""exp(x)"", ""exp(y)""), lty=c(1, 1), col=c(""red"", ""blue""), bg=""white"") #Calculate the correlation of the returns. #Notice that for reasonable coex and coey values, #the correlation of dx and dy is dominated by #the spurious correlation of ranx and rany dx <- diff(x) dy <- diff(y) plot(dx, dy) cor(dx, dy) cor(ranx, rany) Notice above, that the ""co-integration term"" for x and y shows up inside the ""for loop"": x[i] <- x[i-1] + (coex * (y[i-1] - x[i-1])) + ranx[i-1] y[i] <- y[i-1] + (coey * (x[i-1] - y[i-1])) + rany[i-1] A positive coex determines how fast x will try to reduce the spread with y . Likewise, a positive coey determines how fast y will try to reduce the spread with x . You can tweak these values to generate all sorts of plots to see how those co-integration terms (y[i-1] - x[i-1]) and (x[i-1] - y[i-1]) work. After you've played with this a while, notice that it doesn't really answer the correlation of prices issue. It replaces it. So, am I now off-the-hook for the correlation of prices issue? ========================================================= Obviously, now it's time to put the two concepts together to get a model that is in the ballpark with pairs trading. Below is the code: library(MASS) #The input data numpoi <- 1000 #Number of data points meax <- 0.0002 #Mean for x stax <- 0.0100 #Standard deviation for x meay <- 0.0002 #Mean for y stay <- 0.0050 #Standard deviation for y coex <- 0.0200 #Co-integration coefficient for x coey <- 0.0200 #Co-integration coefficient for y corxy <- 0.800 #Correlation coeficient for xy #Build the covariance matrix and generate the correlated random results (covmat <- matrix(c(stax^2, corxy*stax*stay, corxy*stax*stay, stay^2), nrow=2)) res <- mvrnorm(numpoi, c(meax, meay), covmat) #Generate the co-integrated series x and y x <- numeric(numpoi) y <- numeric(numpoi) x[1] <- 0 y[1] <- 0 for (i in 2:numpoi) { x[i] <- x[i-1] + (coex * (y[i-1] - x[i-1])) + res[i-1, 1] y[i] <- y[i-1] + (coey * (x[i-1] - y[i-1])) + res[i-1, 2] } #Plot x and y as prices ylim <- range(exp(x), exp(y)) plot(exp(x), ylim=ylim, type=""l"", main=paste(""Co-integrated Pair with Correlated Returns (coex="",coex,"", coey="",coey,"")"", sep=""""), ylab=""Price"", col=""red"") lines(exp(y), col=""blue"") legend(""bottomleft"", c(""exp(x)"", ""exp(y)""), lty=c(1, 1), col=c(""red"", ""blue""), bg=""white"") #Calculate the correlation of the returns. #Notice that for reasonable coex and coey values, #the correlation of dx and dy is dominated by #the correlation of res[,1] and res[,2] dx <- diff(x) dy <- diff(y) plot(dx, dy) cor(dx, dy) cor(res[, 1], res[, 2]) You can play around with the parameters and generate all sorts of combinations. Notice that even though these series consistently reduce the spread, you can't predict how or when the spread will be reduced. That's just one reason why pairs-trading is so much fun. The bottom line is, to get in the ballpark with modeling pairs-trading, it requires both correlated returns and co-integration . A typical example. Exxon (XOM) versus Chevron (CVX), where the above model applies if some additional terms are added. http://finance.yahoo.com/q/bc?s=XOM&t=5y&l=on&z=l&q=l&c=cvx So, to answer your question (as just my opinion), price correlation is typically used/abused as an attempt to deal with the longer term divergence/closeness of the paths of the series, when co-integration is what should be used. It is the co-integration terms that limit the drift between the series. Price correlation has no real meaning. Correlation of the returns of the series determine the short term similarity of the series. I did this in a hurry, so if anyone sees an error, don't be afraid to point it out.",44,True,True,CC BY-SA 4.0,Stack Exchange Inc. - https://quant.stackexchange.com,2026-07-30 19:22:19
StackExchange - Quantitative Finance,728,Switching from C++ to R - limitations/applications,"r, development","I've only recently begun exploring and learning R (especially since Dirk recommended RStudio and a lot of people in here speak highly of R ). I'm rather C(++) oriented, so it got me thinking - what are the limitations of R , in particular in terms of performance? I'm trying to weigh the C++/Python/R alternatives for research and I'm considering if getting to know R well enough is worth the time investment. Available packages look quite promising, but there are some issues in my mind that keep me at bay for the time being: How efficient is R when it comes to importing big datasets? And first of all, what's big in terms of R development? I used to process a couple hundred CSV files in C++ (around 0.5M values I suppose) and I remember it being merely acceptable. What can I expect from R here? Judging by Jeff's spectacular results I assume with a proper long-term solution (not CSV) I should be even able to switch to tick processing without hindrances. But what about ad-hoc data mangling? Is the difference in performance (compared to more low level implementations) that visible? Or is it just an urban legend? What are the options for GUI development? Let's say I would like to go further than research oriented analysis, like developing full blown UIs for investment analytics/trading etc. From what I found mentioned here and on StackOverflow , with proper bindings I am free to use Python 's frameworks here and even further chain into Qt if such a need arises. But deploying such a beast must be a real nuisance. How do you cope with it? In general I see R 's flexibility allows me to mix and match it with a plethora of other languages (either way round - using low level additions in R or embed/invoke R in projects written in another language). That seems nice, but does it make sense (I mean like thinking about it from start/concept phase, not extending preexisting solutions)? Or is it better to stick with one-and-only language (insert whatever you like/have experience with)? So to sum up: In what quant finance applications is R a (really) bad choice (or at least can be)?",61,https://quant.stackexchange.com/questions/728/switching-from-c-to-r-limitations-applications,"R can be pretty slow, and it's very memory-hungry. My data set is only 8 GB or so, and I have a machine with 96 GB of RAM, and I'm always wrestling with R's memory management. Many of the model estimation functions capture a link to their environment, which means you can be keeping a pointer to each subset of the data that you're dealing with. SAS was much better at dealing with large-ish data sets, but R is much nicer to deal with. (This is in the context of mortgage prepayment and default modeling.) Importing the data sets is pretty easy and fast enough, in my experience. It's the ballooning memory requirements for actually processing that data that's the problem. Anything that isn't easily vectorizable seems like it would be a problem. P&L backtesting for a strategy that depends on the current portfolio state seems hard. If you're looking at the residual P&L from hedging a fixed-income portfolio, with full risk metrics, that's going to be hard. I doubt many people would want to write a term structure model in R or a monte-carlo engine. Even with all that, though, R is a very useful tool to have in your toolbox. But it's not exactly a computational powerhouse. I don't know anything about the GUI options.",27,True,True,CC BY-SA 4.0,Stack Exchange Inc. - https://quant.stackexchange.com,2026-07-30 19:22:19
StackExchange - Quantitative Finance,18215,Where to get long time historical intraday data?,"market-data, historical-data","I am looking for long time historical intraday day data on the S&P500 composite for a time horizon like 10 years with a - for example 10-minutes tick - or prices for call/put options on the S&P500 index itself. I checked Bloomberg Terminal and also contacted their Help Desk. They do have intraday data, but they only offer 140 days to export to Excel and 240 days to view in terminal. I also checked Datastream 5.1, but they don't seem to offer intraday data at all... I am familiar with the Oxford-Man database, which is pretty nice, but I do need the raw data. I already saw the OptionMetrics database, is there any alternative? Maybe Macrobond?",60,https://quant.stackexchange.com/questions/18215/where-to-get-long-time-historical-intraday-data,"You are not clear if you want the S&P500 index (SPY), OPRA Options or the Futures. Having spent a lot of time exploring vendors, here is a summary to help you (in alphabetical order): AlgoSeek.com : Intraday data back to 2007 for US Equities, Futures and Options. So you can get S&P 500 data. Intraday they have tick, 1 sec, 1 min and 5 min OHLC bars. Institutional data and well priced. BarChartMarketData.com : Been collecting Futures data for 50+ years. Also have Options and some Equity. For Futures data they have a great reputation. Bloomberg : All the data you ever need BUT you are limited in the amount of intraday data you can export from your Bloomberg and upto about 250 days historically. Reuters: Great historical dataset but difficult to work with for an individual. QuantGo.com : New firm where clients rent access to data by the month from multiple data vendors but have to use Amazon AWS cloud computers on QuantGo's platform. Very affordable if you are can/willing to work with virtual cloud computers. Tickdata.com : Global Equities, Futures and Options. Intraday bar data from 2004. Consolidated tape since 1993. Have tick and bar data with 1 sec/1 min/5 min OHLC. Institutional quality data but very expensive. CBOE Datashop : Somewhat pricey, but you can get 1 minute data for every strike and every expiration. Probably more than you need.",45,False,False,CC BY-SA 4.0,Stack Exchange Inc. - https://quant.stackexchange.com,2026-07-30 19:22:19
StackExchange - Quantitative Finance,29504,Integral of Brownian motion w.r.t. time,"stochastic-calculus, brownian-motion","Let $$X_t = \int_0^t W_s \,\mathrm d s$$ where $W_s$ is our usual Brownian motion. My questions are the following: Expectation? Variance? Is it a martingale? Is it an Ito process or a Riemann integral? Any reference for practicing tricky problems like this? For the expectation, I know it's zero via Fubini. We can put the expectation inside the integral. Now, for the variance and the martingale questions, do we have any tricks? Thanks!",60,https://quant.stackexchange.com/questions/29504/integral-of-brownian-motion-w-r-t-time,"This type of integral has appeared so many times and in so many places; for example, here , here and here . Basically, for each sample $\omega$ , we can treat $\int_0^t W_s ds$ as a Riemann integral. Moreover, note that \begin{align*} d(tW_t) = W_t dt + tdW_t. \end{align*} Therefore, \begin{align*} \int_0^t W_s ds &= tW_t -\int_0^t sdW_s \tag{1}\\ &= \int_0^t (t-s)dW_s, \end{align*} which can also be treated as a (parametrized) Ito integral. Then, it is easy to see that \begin{align*} E\left(\int_0^t W_s ds\right) = 0, \end{align*} and that \begin{align*} \operatorname{Var}\left(\int_0^t W_s ds\right) &= \int_0^t(t-s)^2 ds\\ &=\frac{1}{3}t^3. \end{align*} Regarding the martingality, note that, from $(1)$ , \begin{align*} \int_0^{t_2} W_s ds -\int_0^{t_1} W_s ds &=t_2W_{t_2}-t_1W_{t_1} + \int_{t_1}^{t_2}sdW_s\\ &=t_2(W_{t_2}-W_{t_1}) + (t_2-t_1) W_{t_1} + \int_{t_1}^{t_2}sdW_s\\ &=(t_2-t_1) W_{t_1} + \int_{t_1}^{t_2}(t_2+s)dW_s, \end{align*} for $t_2>t_1\ge 0$ . Therefore, \begin{align*} E\left(\int_0^{t_2} W_s ds\mid \mathscr{F}_{t_1} \right) &= \int_0^{t_1} W_s ds + (t_2-t_1) W_{t_1}. \end{align*} It is not a martingale. Another way to see this is based the equation \begin{align*} d\left(\int_0^t W_s ds\right) = W_t dt, \end{align*} which is not driftless. EDIT: One other approach for the martingality can proceed as follows. For $t_2>t_1 >0$ , \begin{align*} E\left(\int_0^{t_2} W_s ds \mid \mathscr{F}_{t_1}\right) &= \int_0^{t_1} W_s ds + E\left(\int_{t_1}^{t_2} W_s ds \mid \mathscr{F}_{t_1}\right)\\ &=\int_0^{t_1} W_s ds + \int_{t_1}^{t_2} E\left(W_s \mid \mathscr{F}_{t_1}\right) ds\\ &=\int_0^{t_1} W_s ds + \int_{t_1}^{t_2} E\left(W_s-W_{t_1}+ W_{t_1}\mid \mathscr{F}_{t_1}\right) ds\\ &= \int_0^{t_1} W_s ds + (t_2-t_1)W_{t_1}. \end{align*}",65,False,False,CC BY-SA 4.0,Stack Exchange Inc. - https://quant.stackexchange.com,2026-07-30 19:22:19
StackExchange - Quantitative Finance,545,How useful is the genetic algorithm for financial market forecasting?,"quant-trading-strategies, forecasting, algorithm","There is a large body of literature on the ""success"" of the application of evolutionary algorithms in general, and the genetic algorithm in particular, to the financial markets. However, I feel uncomfortable whenever reading this literature. Genetic algorithms can over-fit the existing data. With so many combinations, it is easy to come up with a few rules that work. It may not be robust and it doesn't have a consistent explanation of why this rule works and those rules don't beyond the mere (circular) argument that ""it works because the testing shows it works"". What is the current consensus on the application of the genetic algorithm in finance?",59,https://quant.stackexchange.com/questions/545/how-useful-is-the-genetic-algorithm-for-financial-market-forecasting,"I've worked at a hedge fund that allowed GA-derived strategies. For safety, it required that all models be submitted long before production to make sure that they still worked in the backtests. So there could be a delay of up to several months before a model would be allowed to run. It's also helpful to separate the sample universe; use a random half of the possible stocks for GA analysis and the other half for confirmation backtests.",38,True,True,CC BY-SA 4.0,Stack Exchange Inc. - https://quant.stackexchange.com,2026-07-30 19:22:19
StackExchange - Quantitative Finance,214,Paradoxes in quantitative finance,"black-scholes, models","Everyone seems to agree that the option prices predicted by the Black-Merton-Scholes model are inconsistent with what is observed in reality. Still, many people rely on the model by using ""the wrong number in the wrong formula to get the right price"". Question. What are some of the most important contradictions that one encounters in quantitative finance? Are there any model-independent inconsistencies? Are some of these apparent paradoxes born more equal than the others (i.e. lead to better models)? I would like to limit the scope of the question to the contradictions arising in quantitative finance (so the well-documented paradoxes of economics and probability theory such as the St. Petersburg paradox or Allais paradox are deliberately excluded). Edit (to adress Shane's comment). Hopefully, this question is different in focus and has a slightly more narrow scope than the previous question concerning the most dangerous concepts in quantitative finance work . For instance, using VaR ""naively"" does not lead to immediate contradictions the way naive application of the BS model does. VaR may be considered inadequate because it seriously underestimates tail risks but it is not self-contradictory per se (please correct me if I'm wrong). Similarly, the EMH in its weaker forms may not be inconsistent with the market reality (at least the opposite has not been demonstrated decisively yet).",58,https://quant.stackexchange.com/questions/214/paradoxes-in-quantitative-finance,"In the Interest Rates field there is one paradox in nowadays market conditions (i.e. since the crisis) that is quite tricky to properly understand. This is the fact that one need several curves to have a correct pricing of simple interest derivatives such as Swap with floating index set to some Libor reference. Simply and crudely speaking, you have to build first a discount curve (generally based on OIS swap curve) and then use this curve to compute some ""adjusted"" forward Libor Rate (procedure that I improperly qualify as ""forwarding""). The froward Libor Rates used to be calculated by discounting and ""forwarding"" (sorry for the term) on the very same curve. This is due to the fact that the once negligeable spreads between OIS and Libor Curves are now large enough to generate significant arbitrage if not properly taken into account. The paradox comes from the fact that ""usual"" theory of pricing of linear interest rates derivatives asserts that there can be only one curve for discounting cash flows and ""forwarding"" floating index references otherwise there is arbitrage. Moreover the right discount curve can be even more problematic if multicurrency trade are involved (then the collateral currency and rate are important aspect of this topic). The extension of the multicurve framework to the Risk Neutral Pricing is not easy to implement and many attempts are now published. I will add some references when I have enough time, Here are a few references on the subject: Fujii, Shimada, Takahashi — ""A Note on Construction of Multiple Swap Curves with and without Collateral"" Bianchetti — ""Two curves, One price"" Henrard — ""The Irony in the Derivatives Discounting"" Henrard — ""The Irony in the Derivatives Discounting II"" Mercurio — ""Interest Rates and The Credit Crunch, New Formulas and Market Models"" Mercurio — ""Libor Market Models with Stochastic Basis"" Morini — ""Solving the Puzzle of Interest Rate Market"" Moreni, Pallavicini — ""Parsimonious HJM Models for Multiple Yield-Curve Dynamics""",29,False,False,CC BY-SA 4.0,Stack Exchange Inc. - https://quant.stackexchange.com,2026-07-30 19:22:19
StackExchange - Quantitative Finance,103,How does the &quot;risk-neutral pricing framework&quot; work?,"risk, risk-management",I've struggled for a long time to understand this - What is this? And how does it affect you? Yes I mean risk neutral pricing - Wilmott Forums was not clear about that.,55,https://quant.stackexchange.com/questions/103/how-does-the-risk-neutral-pricing-framework-work,"I assume you mean risk neutral pricing? Think of it this way (beware, oversimplification ahead ;-) You want to price a derivative on gold, a gold certificate. The product just pays the current price of an ounce in $. Now, how would you price it? Would you think about your risk preferences? No, you won't, you would just take the current gold price and perhaps add some spread. Therefore the risk preferences did not matter (=risk neutrality) because this product is derived (= derivative) from an underlying product (=underlying). This is because all of the different risk preferences of the market participants is already included in the price of the underlying and the derivative can be hedged with the underlying continuously (at least this is what is often taken for granted). As soon as the price of the gold certificate diverges from the original price a shrewd trader would just buy/sell the underlying and sell/buy the certificate to pocket a risk free profit - and the price will soon come back again... So, you see, the basic concept of risk neutrality is quite natural and easy to grasp. Of course, the devil is in the details... but that is another story. See also my answer to a similar question here: Why Drifts are not in the Black Scholes Formula",41,False,False,CC BY-SA 4.0,Stack Exchange Inc. - https://quant.stackexchange.com,2026-07-30 19:22:19
StackExchange - Quantitative Finance,8247,Why Drifts are not in the Black Scholes Formula,"options, option-pricing, black-scholes, risk-neutral-measure","This question has puzzled me for a while. We all know geometric brownian motions have drifts $\mu$: $dS / S = \mu dt + \sigma dW$ and different stocks have different drifts of $\mu$. Why would the drifts go away in Black Scholes? Intuitively, everything else being equal, if a stock has higher drift, shouldn't it have higher probability of finishing in-the-money (and higher probability of having higher payoff), and the call option should be worth more? Is there an intuitive and easy-to-understand answer? thanks.",55,https://quant.stackexchange.com/questions/8247/why-drifts-are-not-in-the-black-scholes-formula,"Here couple pointers that may make it clearer: Drift can be replaced by the risk-free rate through a mathematical construct called risk-neutral probability pricing. Why can we get away with that without introducing errors? The reason lies in the ability to setup a hedge portfolio, thus the market will not compensate us for the drift above and beyond the risk free rate under risk-neutral probability pricing. As long as such hedge exists and couple other conditions are met (please look up Girsanov's Theorem) we can introduce a risk-neutral measure so that when applying it to the differential equation and through application of Ito Calculus the drift term vanishes, which greatly simplifies the underlying math. It is not easy to come up with a way to reliably measure drift as it is not well known and hard to estimate in reality. Similarly, real probabilities are different for every underlying asset and are difficult to estimate because investors require different risk premiums for each and every asset. Hence, being able to take the detour through risk neutral pricing greatly simplifies the derivation not only mathematically but also intuitively. Please note that the volatility of the risk neutral paths and paths under real-world probabilities are identical, what differs is the drift term vs risk-free rate. Keep in mind that not all derivative functions can be derived through risk-neutral pricing, in fact I venture to estimate that less than 20% of all traded derivatives by investment banks can be priced through risk-neutral pricing (in terms of number of different instruments not trading volume). In order to understand the technical reason of the elimination of drift through risk-neutral pricing you need to walk through the mathematics and one of the cleanest and most intuitive approaches I have seen was in Steven Shreve's book, Stochastic Calculus for Finance II, page 218-220 (2004 edition)",51,True,True,CC BY-SA 4.0,Stack Exchange Inc. - https://quant.stackexchange.com,2026-07-30 19:22:19
StackExchange - Quantitative Finance,848,Time-series similarity measures,"time-series, correlation","Suppose I have two time series $X$ and $Y$ of stock prices. How do I measure the ""similarity"" of $X$ and $Y$? (I'm being deliberately vague as I don't have a particular application, and I'm curious about different approaches in general. But I guess you can imagine that there's some stock x that I don't want to trade directly, for whatever reason, so I want to find a similar stock y to trade in its place.) One method is to take a Pearson or Spearman correlation. To avoid problems of spurious correlation (since the price series likely contain trends), I should take these correlations on the differenced or returns series (which should be more stationary). What are other similarity methods and their pros/cons?",54,https://quant.stackexchange.com/questions/848/time-series-similarity-measures,"One of my favorites is a generalization of correlation: Distance Correlation (dCor) There are several reasons for that: It generalizes classical (i.e. linear) correlation in the sense that linearity is a special case. It gives identical readings for linear dependence. There are analogs for variance, covariance and standard deviation, so these identities hold: $$\operatorname{dVar}^2_n(X) := \operatorname{dCov}^2_n(X,X)$$ and $$\operatorname{dCor}(X,Y) = \frac{\operatorname{dCov}(X,Y)}{\sqrt{\operatorname{dVar}(X)\,\operatorname{dVar}(Y)}}$$ $dCor=0$ implies true independence, all other readings imply linear or non-linear dependence - Compare the following readings, first linear correlation ( source ): and distance correlation ( source ): Beware, oversimplification ahead: The reason it shows this behavior is basically that it is the correlation of the characteristic functions of the random variables, i.e. the Fourier transforms of the probability density functions, i.e. a rotation from the time into the frequency domain. Therefore not only linear dependence is being tested but basically all functional dependencies which can be represented by the (periodic) complex exponential function. To get an intuition read also this article: Here . There is an implementation in R .",30,False,False,CC BY-SA 4.0,Stack Exchange Inc. - https://quant.stackexchange.com,2026-07-30 19:22:19
StackExchange - Quantitative Finance,1501,Which approach dominates? Mathematical modeling or data mining?,"modeling, market, data-mining","According to my current understanding, there is a clear difference between data mining and mathematical modeling . Data mining methods treat systems (e.g., financial markets) as a ""black box"". The focus is on the observed variables (e.g., stock prices). The methods do not try to explain the observed phenomena by proposing underlying mechanisms that cause the phenomena (i.e., what happens in the black box). Instead, the methods try to find some features, patterns, or regularities in the data in order to predict future behavior. Mathematical modeling , in contrast, tries to propose a model for what happens inside the black box. Which approach dominates in quantitative finance? Do people try to use more and more fancy data mining techniques or do people try to construct better and better mathematical models?",52,https://quant.stackexchange.com/questions/1501/which-approach-dominates-mathematical-modeling-or-data-mining,"I would offer the distinctions are i) pure statistical approach, ii) equilibrium based approach, and iii) empirical approach. The statistical approach includes data mining. Its techniques originate in statistics and machine learning. In its extreme there is no a priori theoretical structure imposed on asset returns. Factor structure might be identified thru Principal Components, for example. The goal here is to maximize predictive accuracy at the expense of intuition and explanatory power. This approach increasingly dominates at very short frequencies in modeling market microstructure, market making algorithms, volatility modeling, etc. However, even in high-frequency trading one can impose a factor model based on depth of order book, liquidity, factor characteristics (momentum, correlation with S&P), etc. Therefore my guess is that hybrid models (factor model + a statistical model to pick-up signal in residuals) are dominant in the HFT space. The equilibrium approach is best characterized by CAPM or Fama-French models that originate in academic finance. Here you have a theory (such as Arbitrage Pricing Theory, consumption-based theories, Black-Scholes, etc.) that imposes structure to the returns you are modeling. Many well-regarded quant shops use extensions of an equilibrium model (adding momentum, liquidity, own-volatility, etc.) or other factors to generate expected returns. In the mid-late 90's many academics identified ""anomalies"" and left to start their own funds and these are the biggest players. Cliff Asness et al played a big role in developing this approach at Goldman Sachs Asset Management and later at Applied Quantitative Research (AQR). Lakonishok et al started LSV. Andrew Lo has been involved with Simplex. Also, there are funds that use BARRA or Axioma models to make explicit factor bets. Many of the funds in this camp may agree that factor structure exist in the market but disagree on their source. Some would argue that the premiums exist because of behavioral bias as opposed to compensation for systematic risk. Nonetheless I would group these sub-camps under this banner since their approach in estimating risk is very similar (although they disagree on how to interpret and whether one can exploit factor premia). If you measure quant funds by AUM I would argue that this school has the highest share. Indeed the so-called quant meltdown of Aug '07 supports this view since it implies that many firms were trading on the same factors (value and momentum in particular). The third approach is the empirical approach. Members of this group apply a framework to analyze returns and usually hail from a statistical physics, computer science, or perhaps bioinformatics background. This is where you have a hypothesis (based on corporate finance theory, or by observation of market history) and you may test the hypothesis out-of-sample or in another market. I would place Capital Fund Management, Nassim Taleb's Empirica, and Vic Neiderholffer as exemplars of this category. I would argue that you can include fundamental analysts and managers such as Warren Buffet, Ken Fisher, and Peter Lynch in this category as well. They have a model for evaluating the returns of stocks (i.e. margin of safety, strong positioning, etc.) grounded in history although they do not formalize the model in the language of statistics. UPDATE: Here is a link to "" Challenges in Quantitative Equity Management "" by Fabozzi. It does a great job discussing what quant methods are used, and covers market share and growth rates. This may answer your question at a granular level (see page 60 for example)",43,True,True,CC BY-SA 4.0,Stack Exchange Inc. - https://quant.stackexchange.com,2026-07-30 19:22:19
StackExchange - Quantitative Finance,1565,How do I graphically represent the evolution of a covariance matrix over time?,"time-series, correlation, covariance","I am working with a set of covariance matrices evaluated at various points in time over some history. Each covariance matrix is $N\times N$ for $N$ financial time-series over $T$ periods. I would like to explore some of the properties of this matrix's evolution over time, particularly whether correlation as a whole is increasing or decreasing, and whether certain series become more or less correlated with the whole. I am looking for suggestions as to the kinds of analysis to perform on this data-set, and particularly graphical/pictorial analysis. Ideally, I would like to avoid having to look in depth into each series as $N$ is rather large. Update The following graphs were generated based on the accepted answer from @Quant-Guy. PC = principal component = eigenvector. The analysis was done on correlations rather than covariances in order to account for vastly different variances of the $N$ series.",51,https://quant.stackexchange.com/questions/1565/how-do-i-graphically-represent-the-evolution-of-a-covariance-matrix-over-time,"I would consider a motion chart that plots the eigenvalues of the covariance matrix over time. For a static view you can create a table: rows represent dates, and columns represent eigenvectors. The entries of the table represent changes in the angle of the eigenvector from the previous row. This will show how stable your covariance structure is. You can also create a second table this time with eigenvalues as the columns sorted from high to low (and the corresponding values below for each date). This shows the variance described by each eigenvector so you can see whether correlation as whole is increasing or decreasing Update: You can also measure the distance between the two covariance matrices via some distance measure metric such as Kullback-Leibler divergence, euclidean distance, Mahalanabois, etc.",25,True,True,CC BY-SA 4.0,Stack Exchange Inc. - https://quant.stackexchange.com,2026-07-30 19:22:19
StackExchange - Quantitative Finance,1764,Why is C++ still a very popular language in quantitative finance?,programming,"I had to ask this question after reading the answers to What programming languages are most commonly used in quantitative finance? I understand that C++ programs can be optimized pretty well and are faster than anything else. But in this era, the performance of a program written in a language based on frameworks such as C# and Java can be pretty close to that of C++, while the maintenance cost of the program would be lower than the C++ one. But why is C++ still a very popular language in QF?",51,https://quant.stackexchange.com/questions/1764/why-is-c-still-a-very-popular-language-in-quantitative-finance,"The other posters have already noted that the prevalent use of C++ appears to be due to historical reasons and unwillingness to change. Those reasons aren't the ones that people should be applying. If you want real reasons to use C++, how about the following: Powerful infrastructure. Take a look at Intel Parallel Studio for an example. Performance compared to .Net or Java (see my course on HPC ). When each array element access checks the bounds and throws exceptions, you know you're leaking CPU cycles there. Parallelization. The C++ ecosystem has vastly superior paralellization in both 'blind' mode (OpenMP vs TPL's Parallel ) and explicit mode (Intel TBB vs TPL) Lots of SDKs, most notably CUDA, base their development on C/C++. Possibility of invoking low-level CPU instructions (e.g., work with SSE intrinsics). On the other hand, C++ is Extremely noisy. What with all the headers, include directives, friend class declarations, and myriads of other redundant things. Has hard-to-use libraries (STL, Boost) with very cryptic, global-level mechanisms. Think bind_2nd :) Editor support is vastly inferior compared to IDEA/ReSharper. Navigation, refactoring, analysis - all are weaker or non-existent. This is going to be improved in the near future for both VS and standalone editing. Compiler errors are beyond cryptic. Clang attempts to fix it to some extent, but things are still cryptic, just not as abysmally bad as they were previously. And by the way, for the typical user, the performance difference between C++ and, say, C# won't be as pronounced.",50,True,True,CC BY-SA 4.0,Stack Exchange Inc. - https://quant.stackexchange.com,2026-07-30 19:22:19
StackExchange - Quantitative Finance,1891,How much data is needed to validate a short-horizon trading strategy?,"data, time-series, backtesting, quant-trading-strategies, arbitrage","Suppose one has an idea for a short-horizon trading strategy, which we will define as having an average holding period of under 1 week and a required latency between signal calculation and execution of under 1 minute. This category includes much more than just high-frequency market-making strategies. It also includes statistical arbitrage, news-based trading, trading earnings or economics releases, cross-market arbitrage, short-term reversal/momentum, etc. Before even thinking about trading such a strategy, one would obviously want to backtest it on a sufficiently long data sample. How much data does one need to acquire in order to be confident that the strategy ""works"" and is not a statistical fluke? I don't mean confident enough to bet the ranch, but confident enough to assign significant additional resources to forward testing or trading a relatively small amount of capital. Acquiring data (and not just market price data) could be very expensive or impossible for some signals, such as those based on newer economic or financial time-series. As such, this question is important both for deciding what strategies to investigate and how much to expect to invest on data acquisition. A complete answer should depend on the expected Information Ratio of the strategy, as a low IR strategy would take a much longer sample to distinguish from noise.",51,https://quant.stackexchange.com/questions/1891/how-much-data-is-needed-to-validate-a-short-horizon-trading-strategy,"Consider the standard error , and in particular the distance between the upper and lower limits: \begin{equation} \Delta = (\bar{x} + SE \cdot \alpha) - (\bar{x} - SE \cdot \alpha) = 2 \cdot SE \cdot \alpha \end{equation} Using the formula for standard error, we can solve for sample size: \begin{equation} n = \left(\frac{2 \cdot s \cdot \alpha}{\Delta}\right)^{2} \end{equation} where $s$ is the measured standard deviation, which you already have from your IR calculation. High-frequency Example I was testing a market-making model recently that was expected to return a couple basis points for each trade and I wanted to be confident that my returns were really positive (ie, not a fluke). So, I chose a distance of 3 bps $(\Delta = .0003)$. My sample's measured standard deviation was 45 bps $(s = .0045)$. For a confidence interval of 95% $(\alpha = 1.96)$, my sample size needs to be $n = 3458$ trades . I would have picked a tighter distance if I had been simulating this model, but I was trading live and I couldn't be too choosy with money on the line. Low-frequency Example I imagine that for a low-frequency model that was expected to return 1.5% per month , I'd want maybe 1% as the distance $(\Delta = .01)$. If the hoped-for Sharpe ratio were 3, then the standard deviation would be 1.7% $(s = .017)$, which I came-up with by backing-out the monthly returns. So for a confidence interval of 95% $(\alpha = 1.96)$, I'd need 45 months of data.",50,True,True,CC BY-SA 4.0,Stack Exchange Inc. - https://quant.stackexchange.com,2026-07-30 19:22:19
StackExchange - Quantitative Finance,25,Option pricing before Black-Scholes,"options, history, black-scholes","According to the Wikipedia article , Contracts similar to options are believed to have been used since ancient times. In London, puts and ""refusals"" (calls) first became well-known trading instruments in the 1690s during the reign of William and Mary. Privileges were options sold over the counter in nineteenth century America, with both puts and calls on shares offered by specialized dealers. But how had traders actually priced the simplest options before the Black–Merton-Scholes model became common knowledge? What were the most popular methods to determine arbitrage-free prices before 1973?",50,https://quant.stackexchange.com/questions/25/option-pricing-before-black-scholes,"You may want to look at Chapter 5 - ""The Quest for the Option Formula"" from the Derivatives book. The book is available online for free and it has a very decent review of approaches that were used 20-30 years before the Black-Scholes-Merton equation.",23,True,True,CC BY-SA 4.0,Stack Exchange Inc. - https://quant.stackexchange.com,2026-07-30 19:22:19
StackExchange - Quantitative Finance,85,Are there any new Option pricing models?,"black-scholes, option-pricing",Back in the mid 90's I used the Black-Scholes Model and the Cox-Ross-Rubenstein (Binomial) Model's to price Options. That was nearly 15 years ago and I was wondering if there are any new models being used to price Options?,50,https://quant.stackexchange.com/questions/85/are-there-any-new-option-pricing-models,"Black-Scholes itself didn't change a lot but we can now adjust it to deal with a lot more complicated factors to price more complicated contracts: stochastic volatility (Heston, Gatheral) stochastic rates (Hull) credit risk dividends Other methods (computing intensive) have also evolved to deal with various types of contracts where BS is not very appropriate choice (e.g. Monte Carlo simulation for path-dependant options).",26,True,True,CC BY-SA 4.0,Stack Exchange Inc. - https://quant.stackexchange.com,2026-07-30 19:22:19
StackExchange - Quantitative Finance,1274,How can we reverse engineer a market-making algorithm (HFT)?,"trading, algorithmic-trading, high-frequency, market-microstructure","Consider a market participant $A$ who is mechanically following an automated liquidity providing algorithm (HFT) in a number of large cap stocks on a specific exchange. Assume furthermore that we are able to observe all orders placed by $A$ and that we know that the algorithm used by $A$ takes only public market data as input. $A$ starts and ends all trading days with zero inventory. We want to reverse engineer the algorithm used by $A$. Let's call this algorithm $f(...)$. The first step in reverse engineering the algorithm $f(...)$ would be to collect potential input variables to the algorithm that can later be used to infer the exact form of $f(...)$. The first problem we face is which input variables we should collect in order to be able to reverse engineer $f(...)$. To have a starting point we can consider the input variables used in Avellaneda & Stoikov (2008) . In Avellaneda & Stoikov (2008) the authors derive how a rational market maker (non-specialist) should set his bid and ask quotes in a limit order book market. The results are obviously contingent on the assumptions and model choices made in the paper. The optimal bid (or ask) in Avellaneda & Stoikov (2008) is a function of the following inputs: The trader's reservation price, which is a function of the security price ($S$), the market maker's current inventory ($q$) and time left until terminal holding time ($T-t$) The relative risk aversion of the trader ($\gamma$) (obviously hard to observe!) The frequency of new bid and ask quotes ($\lambda_{bid}$ and $\lambda_{ask}$) The latest change in frequency of new bid and ask quotes ($\delta\lambda_{bid}$ and $\delta\lambda_{ask}$) What potential input variables should we collect in order to be able to reverse engineer $f(...)$?",50,https://quant.stackexchange.com/questions/1274/how-can-we-reverse-engineer-a-market-making-algorithm-hft,"I'll take a stab at it, but this is a really broad question. A direct answer: Bayesian models often use ""probability that the counter-party is informed."" Indirect answers: I think your assumption is that the algorithm operates on each stock individually, and has no knowledge of what it's doing in any other stock. But, it is likely that the algorithm is doing some hedging that you don't see yet. You should look at similar products (or build synthetic baskets) and see if your algorithm is changing it's quote sizes/prices when other products' quote sizes/prices change. (It is also possible that the algorithm is aware of all orders/positions it has in all stocks and it leaning more heavily on some bid/offers than others as it tries to flatten out delta (beta) of the entire portfolio.) If you're certain that the algorithm is working on an individual name with only that stock's orderbook as input, then I would study the active orders to see when and why it gets out. (maybe the only active orders are at the end-of-day flattening, in which case, I would study the canceled orders.) It's easy to make a little money working bids and offers most of the time, but at some point you will get run-over unless you know when to get out of the way (and/or hedge). I'd also look for times when the algo pauses. Are there times when it doesn't have both a bid and an offer in the book? If so, these are times that it is unsure, or it is at it's position limit (should be pretty easy to distinguish which is which). It might be helpful to see what it going on when it is 'unsure' that wasn't going on when it was 'sure.' This will help you eliminate possible parameters. Long, long, ago, we used a micro-pricer to come up with an estimate of where the real price was using things like qty traded on the ask vs. qty traded on the bid, and sums of bid and ask sizes. Initially, the micro-pricer worked as a stand-alone high-frequency liquidity-taker. Then it became a piece in a market-making algo that was just a way to know when to cancel orders.",28,True,True,CC BY-SA 4.0,Stack Exchange Inc. - https://quant.stackexchange.com,2026-07-30 19:22:19
StackExchange - Quantitative Finance,1985,What papers have progressed the field of quantitative finance in recent years (post 2000)?,"research, soft-question, reference-request","My question is pretty simple: what papers do you feel are foundational to quantitative finance? I'm compiling a personal reading list already, drawn from Wilmott forums, papers referenced in Derivatives, and other sources. However, the body of research is immense, especially in recent years, so I'm interested in what the professionals are reading/building their work off of. Any references the community could offer would be much appreciated. EDIT: As per the comments I'll define recent years as post 2000 with an emphasis on research after the crash of 2008. In particular, I'm seeking papers on quantitative management of portfolios and asset pricing.",50,https://quant.stackexchange.com/questions/1985/what-papers-have-progressed-the-field-of-quantitative-finance-in-recent-years-p,"Ledoit and Wolf shrinkage methods (""Honey I shrunk the sample covariance matrix"") Ceria and Stubbs - Robust optimization literature (2006) Stock & Watson (2002ab) - papers on large N small P estimation Rockafellar & Uryasev (2000) - ""Optimization of CVaR and coherent risk measures"" Sorensen, Qian, Hua - ""Quantitative Portfolio Management"" Ang and Bekaert - International Asset Allocation with Regime Shifts Cochrane, ""Asset Pricing"" (2005) Cochrane, ""Discount Rates"", (2011) Bernd Scherer, Portfolio Construction and Risk Budgeting 4th Edition Robertson et al, ""Forecasting Using Relative Entropy"" (2002) Here are recent picks that I believe will be looked on as major contributions: ""Robust Bayesian Allocation"", Attillio Meucci (2010) ""Dynamic stock selection - A structured factor model framework"", Lopes Carvallho Aguilar (2011) "" A New Breed of Copulas for Risk and Portfolio Management "", Atillio Meucci (2011)",27,True,True,CC BY-SA 4.0,Stack Exchange Inc. - https://quant.stackexchange.com,2026-07-30 19:22:19
StackExchange - Quantitative Finance,2074,What is the best way to &quot;fix&quot; a covariance matrix that is not positive semi-definite?,"risk, statistics, research, correlation, covariance","I have a sample covariance matrix of S&P 500 security returns where the smallest k-th eigenvalues are negative and quite small (reflecting noise and some high correlations in the matrix). I am performing some operations on the covariance matrix and this matrix must be positive definite. What is the best way to ""fix"" the covariance matrix? (For what it's worth, I intend to take the inverse of the covariance matrix.) One approach proposed by Rebonato (1999) is to decompose the covariance matrix into its eigenvectors and eigenvalues, set the negative eigenvalues to 0 or (0+epsilon), and then rebuild the covariance matrix. The issue I have with this method is that: the trace of the original matrix is not preserved, and the method ignores the idea of level repulsion in random matrices (i.e. that eigenvalues are not close to each other). Higham (2001) uses an optimization procedure to find the nearest correlation matrix that is positive semi-definite. Grubisic and Pietersz (2003) have a geometric method they claim outperforms the Higham technique. Incidentally, some more recent twists on Rebonato's paper are Kercheval (2009) and Rapisardo (2006) who build off of Rebonato with a geometric approach. A critical point is that the resulting matrix may not be singular (which can be the case when using optimization methods). What is the best way to transform a covariance matrix into a positive definite covariance matrix? UPDATE: Perhaps another angle of attack is to test whether a security is linearly dependent on a combination of securities and removing the offender.",49,https://quant.stackexchange.com/questions/2074/what-is-the-best-way-to-fix-a-covariance-matrix-that-is-not-positive-semi-defi,"Nick Higham's specialty is algorithms to find the nearest correlation matrix. His older work involved increased performance (in order-of-convergence terms) of techniques that successively projected a nearly-positive-semi-definite matrix onto the positive semidefinite space. Perhaps even more interesting, from the practitioner point of view, is his extension to the case of correlation matrices with factor model structures. The best place to look for this work is probably the PhD thesis paper by his doctoral student Ruediger Borsdorf. Higham's blog entry covers his work up to 2013 pretty well.",23,True,True,CC BY-SA 4.0,Stack Exchange Inc. - https://quant.stackexchange.com,2026-07-30 19:22:19
StackExchange - Quantitative Finance,7761,A simple formula for calculating implied volatility?,"options, black-scholes, implied-volatility","We all know if you back out of the Black Scholes option pricing model you can derive what the option is ""implying"" about the underlyings future expected volatility. Is there a simple, closed form, formula deriving Implied Volatility (IV)? If so can you could you direct me to the equation? Or is IV only numerically solved?",49,https://quant.stackexchange.com/questions/7761/a-simple-formula-for-calculating-implied-volatility,"Brenner and Subrahmanyam (1988) provided a closed form estimate of IV, you can use it as the initial estimate: $$ \sigma \approx \sqrt{\cfrac{2\pi}{T}} . \cfrac{C}{S} $$",34,True,True,CC BY-SA 4.0,Stack Exchange Inc. - https://quant.stackexchange.com,2026-07-30 19:22:19
StackExchange - Quantitative Finance,74,Are there any good tools for back testing options strategies?,"backtesting, option-strategies, software","There are all kinds of tools for backtesting linear instruments (like stocks or stock indices). It is a completely different story when it comes to option strategies. Most of the tools used are bespoke software not publicly available. Part of the reason for that seems to be the higher complexity involved, the deluge of data you need (option chains) and the (non-)availability of historical implied vola data. Anyway, my question : Are there any good, usable tools for backtesting option strategies (or add-ons for standard packages or online-services or whatever). Please also provide infos on price and quality of the products if possible. P.S.: An idea to get to grips with the above challenges would be a tool which uses Black-Scholes - but with historical vola data (e.g. VIX which is publicly available).",48,https://quant.stackexchange.com/questions/74/are-there-any-good-tools-for-back-testing-options-strategies,"A few pointers: When I looked into this a few years ago, a good solution at the time was LIM's XMIM , which also has an S-Plus/Matlab interface. Whit Armstrong also provided an R package for this, although I don't know how complete it is. This provides both the data and the software for analysis. On the very high end (and expensive) side of the spectrum, OneTick and KDB are both being used for this purpose by professional money managers. Two tools used by the non-professional community are available from brokers: https://www.thinkorswim.com/ or http://www.optionvue.com/ .",17,True,True,CC BY-SA 4.0,Stack Exchange Inc. - https://quant.stackexchange.com,2026-07-30 19:22:19
StackExchange - Quantitative Finance,8896,"Except Zipline, are there any other Pythonic algorithmic trading library I can choose?","programming, algorithmic-trading, backtesting","Except Zipline, are there any other Pythonic algorithmic trading library I can choose? Especially, for backtesting? Update: Since Quantopian closed, there are some Zipline forks like: https://pypi.org/project/zipline-reloaded/ https://www.quantrocket.com/zipline/ https://zipline-trader.readthedocs.io/en/latest/index.html#",48,https://quant.stackexchange.com/questions/8896/except-zipline-are-there-any-other-pythonic-algorithmic-trading-library-i-can-c,"Aside from Zipline , there are a number of algorithmic trading libraries in various stages of development for Python. From the commercial side, RapidQuant looks very interesting though I haven't tried it yet. It's from some of same developers that brought us the excellent Pandas data analysis library. I think Wes McKinney (Pandas's main author) is involved. From the open source side, you might check out ultra-finance . It aims to be a fully featured event-driven based backtesting system. Also check out PyaAlgoTrade . It's coded to allow for distributed testing of strategies on Google's cloud infrastructure. It incorporates the open source TA-Lib technical analysis library. Finally, take a look at TradeProgrammer . It also uses the TA-Lib library. The package is free to use for backtesting, but its live trading version is commercial. Aside from that, I think that many proprietary traders build their own systems. There is definitely something to be said for using a tool you understand on that level.",30,True,True,CC BY-SA 4.0,Stack Exchange Inc. - https://quant.stackexchange.com,2026-07-30 19:22:19
StackExchange - Quantitative Finance,115,L&#233;vy alpha-stable distribution and modelling of stock prices.,"risk, equities, variance, probability","Since Mandelbrot, Fama and others have performed seminal work on the topic, it has been suspected that stock price fluctuations can be more appropriately modeled using Lévy alpha-stable distrbutions other than the normal distribution law. Yet, the subject is somewhat controversial, there is a lot of literature in defense of the normal law and criticizing distributions without bounded variation. Moreover, precisely because of the the unbounded variation, the whole standard framework of quantitative analysis can not be simply copy/pasted to deal with these more ""exotic"" distributions. Yet, I think there should be something to say about how to value risk of fluctuations. After all, the approaches using the variance are just shortcuts, what one really has in mind is the probability of a fluctuation of a certain size. So I was wondering if there is any literature investigating that in particular. In other words: what is the current status of financial theories based on Lévy alpha-stable distributions? What are good review papers of the field?",47,https://quant.stackexchange.com/questions/115/l%c3%a9vy-alpha-stable-distribution-and-modelling-of-stock-prices,"I recently read ""Modeling financial data with stable distributions"" (Nolan 2005) which gives a survey of this area and might be of interest (I believe it was contained in ""Handbook of Heavy Tailed Distributions in Finance"" ). Another more recent reference is ""Alpha-Stable Paradigm in Financial Markets"" (2008). I'm not aware of anything covering ""risk of fluctuations"" and this is still certainly not at the center of the field (i.e. most theory still includes some version of Gaussian or mixture of Gaussians). Would also be interested in other references.",24,True,True,CC BY-SA 4.0,Stack Exchange Inc. - https://quant.stackexchange.com,2026-07-30 19:22:19
StackExchange - Quantitative Finance,147,What are the key risks to the quantitative strategy development process?,"backtesting, risk-management","Prompted in part by this question on data snooping , I would be interested to know: What are the key risks that should be considered when developing a quantitative strategy based on: (a) historical data or (b) simulated data?",47,https://quant.stackexchange.com/questions/147/what-are-the-key-risks-to-the-quantitative-strategy-development-process,"Here are a few risks when using historical data: Data fidelity: Is your data an accurate reflection of history? For stocks, should you use actual closing prices or adjusted prices? For futures, how should you construct a realistic, continuous contract? Simulation realism: Are you making realistic assumptions about trade execution? Are you naively assuming, for example, that you can perfectly execute at the day's closing price? Did you remember frictional costs? Sampling variability: Is your historical sample representative of a wide range of market conditions, or did you (happen to) pick a favorable dataset? Curve fitting: Did you fiddle with too many parameters for too long, eventually finding a model that worked great last year but won't make a penny in the future? Optimism: Your actual profits will likely be only a fraction of your simulated profits. Are you assuming otherwise? Model risk: Even if your model back-tests well, what is it's half-life? How long will it be tradable? Very few ideas work forever. This is not a theoretical list. I've made all these mistakes personally.",43,False,False,CC BY-SA 4.0,Stack Exchange Inc. - https://quant.stackexchange.com,2026-07-30 19:22:19
StackExchange - Quantitative Finance,2019,Recommendations for books to understand the math in quantitative finance papers?,"soft-question, books, mathematics",Can anyone recommend books that explain the math used in quantitative finance academic papers?,47,https://quant.stackexchange.com/questions/2019/recommendations-for-books-to-understand-the-math-in-quantitative-finance-papers,"If you need a primer covering various domains of math then Dan Stefanica's text will do the job. The text covers multivariable calculus, lagrange multipliers, black scholes PDF, greeks & hedging, newton's method, bootstrapping, taylor series, numerical integration, and risk neutral valuation. It also includes a mathematical appendix. If you want an introduction to risk analysis complete with geometric interpretations check out ATillio Meucci's Risk and Asset Allocation . Hull's Options, Futures, and Derivatives is a classic that includes stochastic calculus and the topics in the title. Here are the best applied statistics books: Rene Carmona's "" Statistical Analysis of Financial Data in S-Plus "" covers a lot of ground with examples compatible with R. He starts with foundations and builds towards more complex models. If you want ready-to-apply solutions Eric Zivot's "" Modeling Financial Time Series with S-Plus "" is encyclopedic in the range of topics covered. Whereas Carmona will focus on various modeling techniques, Zivot will cover portfolio optimization, factor analysis, and many other topics. It makes for a great reference rather than a cover-to-cover read. If you want to focus on time-series specifically with an applied bent - Shumway and Stoffer's Time Series Analysis and Applications is also great. The solutions are compatible with R. There are various theoretical statistics books (Hamilton, Ruey Tsay) but those will assume you understand the math.",27,True,True,CC BY-SA 4.0,Stack Exchange Inc. - https://quant.stackexchange.com,2026-07-30 19:22:19
StackExchange - Quantitative Finance,8099,Central Index Key (CIK) of all traded stocks,sec,Is there a way by which I can get a list of CIK of all registered stocks at the SEC?,46,https://quant.stackexchange.com/questions/8099/central-index-key-cik-of-all-traded-stocks,The EDGAR FTP should have all of the information you need. Here is the list from that page in text format. Keep in mind a given CIK can be associated with multiple names through time.,35,False,False,CC BY-SA 4.0,Stack Exchange Inc. - https://quant.stackexchange.com,2026-07-30 19:22:19
StackExchange - Quantitative Finance,9313,Machine Learning vs Regression and/or Why still use the latter?,"equities, regression, machine-learning","I come from a different field (Machine learning/AI/data science), but aim to ask a philosophical question with the utmost respect: Why do quantitative financial analysts (analysts/traders/etc.) prefer (or at least seem) traditional statistical methods (traditional = frequentist/regression/normal correlation methods/ts analysis) over newer AI/machine learning methods? I've read a million models, but it seems biased? Background: I recently joined a 1B AUM (I know it's not a ton) asset management firm. I was asked to build a new model for a sector rotation strategy (basically predicting which SP 500 sector would do the best over 6 months-- chose to use forward rolling 6 month returns) they employ and my first inclination was to combine ARIMA (traditional) with random forest (feature selection) and a categorical (based on normal distribution standard deviation) gradient boosted classifier for ETFs in each sector. Not to be rude, but I beat the ValuLine timeliness for each sector. I used the above mentioned returns as my indicator and pretty much threw everthing at the wall for predictors initially (basically just combing FRED), then used randomForest to select features. I ended up combining EMA and percent change to create a pretty solid model that, like I said, beat ValuLine. I've read a lot of literature, and I haven't seen anyone do anything like this. Any help in terms of pointing me in the right direction for literature? Or any answers to the overarching idea of why isn't there more machine learning in equity markets (forgetting social/news analysis)? EDIT: For clarification, I'm really interested in long-term predictions (I think Shiller was right) based on macro predictors. Thanks PS- I've been lurking for a while. Thanks for all the awesome questions, answers, and discussions.",46,https://quant.stackexchange.com/questions/9313/machine-learning-vs-regression-and-or-why-still-use-the-latter,"Because of: The (extreme) dominance of noise over signal The prevalence of non-repeating patterns (many of which we know are not going to repeat) A pathetic sample size for cross-validation Regime changes due to exogenous events. These are typically in the cross-val window which makes it even worse. (GFC, financial integration, trade law changes, interest rate adjustments by central banks, some idiot in a bank was hiding trades and loses 5 billions dollars, etc). It is well known that non-linear relationships are generally just artefacts of the in sample dataset There is also the following: Much price changes are driven by news such as a plane crashing or a merger announcement. Are you trying to forecast news (!?) by getting your model to learn non-linear relationships on price data? It should be clear that, if American Airlines price falls due to a terrorist hijacking, it is not going to be useful to have a random forest learn any patterns that result since it will not repeat. Because of these factors many (econometricians and practicioners) will try to use a priori knowledge to select features and impose constraints on the model in an attempt to improve generalization. This is perceived as necessary by econometricians since the data is too thin, noisy and nonstationary (i.e., the above reasons). This is not to say that ""machine learning"" methods such as Lasso, NNG, Elastic Nets or Ridge can't be applied. They result in essentially linear models and you can impose whatever a priori constraints on it through the metaparameters in the loss function or by using a variant that preserves hierarchies when using indicator function interactions (Tibshirani 2013...). Edit: You will still need to select which features go into the algorithm (as a prior imposition) but you can use these to achieve slightly more sparsity than you would otherwise have and introduce some bias into your conditional expectation (or state probability if you're doing multinomial categorical GLM) for improvement in variance of sampling distribution. I am however open to random forests with the right a priori constraints in place. There are indeed hundreds of papers that use machine learning to forecast financial markets. Just google something silly like ""fuzzy bayesian expert adaptive learners with PSO training S&P 500"" and you will get a lesson in the file-drawer effect, publication bias and substandard research methodologies (e.g. selecting 3 of 50 algorithms and 2 of 50 indices and hoping it convinces people). However, the above is an optimist's view of the industry. From those I've spoken to at low frequency funds they are simply ignorant of machine learning and couldn't apply it because they lack the knowledge and skills. If they were actually interested in being true quants, who knows how much damage they could do with deep learning or something. If you want to do real machine learning in finance and actually do something that is meritocratic/skill/scientific instead of almost completely random and full of people who practice nonsense, go to a HFT firm (not that most people practice non-sense in low frequency funds, just that many do and this is something that is absolutely impossible to get away with in HFT). That said, I am continually and consistently underwhelmed when I hear of the research methods of low frequency quant funds.",52,True,True,CC BY-SA 4.0,Stack Exchange Inc. - https://quant.stackexchange.com,2026-07-30 19:22:19
StackExchange - Quantitative Finance,10905,What open source trading platform are available,trading,I would like to compile a list of open source trading platforms. Something that would give an overview and comparison of different architectures and approaches.,46,https://quant.stackexchange.com/questions/10905/what-open-source-trading-platform-are-available,"Definitely check out Quantopian and Zipline . Quantopian provides a free research environment, backtester, and live trading rig (algos can be hooked up to Interactive Brokers). The algorithm development environment includes really handy collaboration tools and an open source debugger. They provide tons of data (even Morningstar fundamentals!) free of charge. Quantopian's platform is built around Python and includes all the open source goodness that that the Python community has to offer (Pandas, NumPy, SciKitLearn, iPython Notebook, etc.) Successful live traders will be offered spots in the Quantopian Managers Program, a crowd-sourced hedge fund. Zipline is the open source backtesting engine powering Quantopian. It provides a large Pythonic algorithmic trading library that closely approximates how live-trading systems operate. (full disclosure: I work at Quantopian)",26,False,False,CC BY-SA 4.0,Stack Exchange Inc. - https://quant.stackexchange.com,2026-07-30 19:22:19
StackExchange - Quantitative Finance,310,How &#39;High&#39; is the frequency in HFT?,"high-frequency, market-microstructure, strategy",How many trades per second are we talking about? What kind of strategies are used in this time frame? Can the small guy play the game?,45,https://quant.stackexchange.com/questions/310/how-high-is-the-frequency-in-hft,"You could for example look at this research paper released by Deutsche Bank's Research group ( mirror ) just yesterday which defines both high-frequency and ultra-high-frequency trading. In the paper it says Typically, a high frequency trader would not hold a position open for more than a few seconds. Empirical evidence reveals that the average U.S. stock is held for 22 seconds. And in a footnote it says There even is a subcategory of high-frequency trading, Ultra-HFT , which is sensitive to a latency down to the microsecond. Here, co-location [of servers] is exceedingly significant, and shaving off further microseconds is of utmost importance. And no, the small guy can't play for reason well-put in the paper, co-location probably being the single most important one.",30,True,True,CC BY-SA 4.0,Stack Exchange Inc. - https://quant.stackexchange.com,2026-07-30 19:22:19
StackExchange - Quantitative Finance,2870,Why does the minimum variance portfolio provide good returns?,"portfolio-management, optimization, modern-portfolio-theory, covariance","I've been a researching minimum variance portfolios (from this link ) and find that by building MVPs adding constraints on portfolio weights and a few other tweaks to the methods outlined I get generally positive returns over a six-month to one year time scale. I am looking to build some portfolios that are low risk, but have good long term (yearly) expected returns. MVP (as in minimum variance NOT mean variance) seems promising from backtests but I don't have a good intuition for why this works. I understand the optimization procedure is primarily looking to optimize for reducing variance, and I see that this works in the backtest (very low standard deviation of returns). What I don't have an intuitive feel for is why optimizing variance alone (with no regards to optimizing returns, i.e. no mean in the optimization as in traditional mean-variance optimization) gives generally positive returns. Any explanations?",45,https://quant.stackexchange.com/questions/2870/why-does-the-minimum-variance-portfolio-provide-good-returns,"The minimum variance solution loads up on securities that have low variances and co-variances. Theoretically you are correct that this should have a low expected return profile. However, it turns out - in contradiction to modern portfolio theory - that securities that have low-volatility or low-beta experience higher returns than high-volatility or high-beta stocks. This is well-documented in the literature as the low-volatility anomaly . As a result, many funds and ETFs have been launched in recent years to exploit this phenomenon. There are a couple arguments as to why the anomaly exists. The paper I cite above argues that institutional investor objectives and constraints create the anomaly: Over the past 41 years, high volatility and high beta stocks have substantially underperformed low volatility and low beta stocks in U.S.markets. We propose an explanation that combines the average investor's preference for risk and the typical institutional investor’s mandate to maximize the ratio of excess returns and tracking error relative to a fixed benchmark (the information ratio) without resorting to leverage. Models of delegated asset management show that such mandates discourage arbitrage activity in both high alpha, low beta stocks and low alpha, high beta stocks. This explanation is consistent with several aspects of the low volatility anomaly including why it has strengthened in recent years even as institutional investors have become more dominant.",37,True,True,CC BY-SA 4.0,Stack Exchange Inc. - https://quant.stackexchange.com,2026-07-30 19:22:19
StackExchange - Quantitative Finance,17125,How to build a factor model?,"regression, factor-models, fama-french","Factor models such as Fama-French or the other ones that are partially summarized here work on the cross-section of asset returns. How are the factors built, how are sensitivities/coefficients estimated? In this context Fama-MacBeth regressions are usually mentioned. How does this method work intuitively? Could anyone give a step-by-step manual? EDIT: Links to papers and manuals have been posted in the two answers - this is great. But can someone provide more intuition in the answer? Say we have a universe of stocks (say MSCI Europe) and we group them by value and size. How can we proceed? How do we construct the factors and how do we construct the sensitivities? Could someone please give a more direct explanation, without a link? thanks!",45,https://quant.stackexchange.com/questions/17125/how-to-build-a-factor-model,"1. Determine Factors Economically, the use of factor models can be either motivated using the ICAPM or the APT . Although there are some theoretical differences between the model, for empirical and practical work these differences are irrelevant. In the end, both models stipulate that returns and expected returns are linear functions of the factors: $$ r_{i,t} = \alpha_i + \sum_j \beta_{i,j} F_{j,t} + \epsilon_{i,t} \quad (1)$$ $$ \mathbb{E}[ r_{i,t}] = \lambda_o + \sum_j \beta_{i,j} \lambda_j \quad\quad\quad(2)$$ where $F_{j,t}$ is the factor surprise of factor $j$ at time $t$ and $\lambda_j $ is the factor risk premium of factor $j$. What the factors are is fundamentally undetermined. Following the ICAPM, the factors should be proxies for future marginal consumption growth (=state variables). Whatever factor you use, there should be an economic reason why returns should be related to the factor. For some of the steps later, it makes a difference whether the factors are traded returns or some other factor (such as macroeconomic variables). Factors based on returns are usually derived as the return on a particular portfolio or the difference between two portfolios. Best known examples for the first group are the macro factors used by Chen, Roll, and Ross ( 1986 ) and for the later group the Fama and French factors ( 1992 , 1993 , 1996 , 2014 ). It makes the statistical estimation somewhat easier when the factors are returns (I’ll explain this point later) 2. Collect Data The next step is always the data collection, both for the factors and the test assets. Sometimes, when the factors are macroeconomic time series (or something similar) their predictable component is removed so that the factors are only the factor surprises. In principle, only the unexpected component should explain the cross-sectional differences in returns. When factors are constructed as portfolio returns, a key question is the rebalancing frequency. Most papers that I am aware of follow the example of Fama and French and form the portfolios in the middle of the year (1st of July) and then keep the portfolio constituents the same for a year (a well-known counterexample is the momentum factor of Carhart ( 1997 ) who uses monthly rebalancing). When factors are constructed as the difference in returns between top and bottom portfolios according to some ranking the question arises at which quantiles to split the assets. Common are splits at the median, 30/70 quantiles, or 10/90 quantiles. 3. Estimate regressions The final step is to estimate the regressions to see if the factors are able to explain the cross-section of returns. There are two principle approaches to this, sometimes called time-series regression and cross-sectional regressions (I have also heard people refer to the first procedure as the Fama-French method and the second one as the Fama-MacBeth method). a) Time-Series Regression When all factors are returns, you can use time-series regressions for each test asset to estimate the regression slopes $\beta_{i,j}$. In this case, you estimate model (1). You will obtain a beta for each factor and test asset. The reason you can use time-series regressions in this case is that the factor premia $\lambda_j$ can simply be estimated as the time-series mean of the factor returns. If you use excess returns as dependent variables in the regression, the factor model has one implications: all $\alpha_i$ should be zero. Testing this depends a bit on your assumptions about the temporal and cross-sectional correlation in the error terms. In any case, you will have to resort to some form of F-Test (adjusted for autocorrelation, heteroscedasticity, general errors etc.) as you are testing multiple hypotheses. The book by Cochrane ( 2001 ) derives these in detail using a GMM approach (chapters 12 and 13). b) Cross-Sectional Regressions For general factors, you will need to run cross-sectional regressions by estimating equation (2). A key problem here is that both the $\beta$ coefficients and the prices of risk $\lambda$ are not directly observable. The usual way around is to follow the procedure laid out by Fama and MacBeth ( 1973 ): You first run time-series regressions separately for each test asset. This will give you estimates for each $\beta$ for each asset. These estimates are then used in the cross-sectional regression as independent variables using the average returns for each asset as dependent variable. The coefficients being estimated in this regression are the factor risk premia $\lambda$. Again, the prediction of a factor model is that the pricing errors $\lambda_0$ are zero for each asset. In the case of cross-sectional regressions this is a single parameter for which the nullhypothesis that it is zero in the population can be tested. This procedure is usually repeated using a rolling window; with monthly data usually 5 years of data. The real “meat” of the Fama-MacBeth method is the statistical theory of how to account in the standard errors of the cross-sectional regressions for the fact that the $\beta$’s are estimated coefficients from a time series regression and cross-sectional correlation. Again, I would refer to Cochrane’s ( 2001 ) book in Chapter 12 for details on the test statistics. 4. Evaluate results After evaluating whether the pricing errors are small (test that $\alpha_i=0$ for all i), the next question is to test whether the factors chosen in step 1 are “good factors”. This means that they should exhibit a strong relationship to expected returns. The cross-sectional and time-series approaches give slightly different methods to test if a factor is priced. For both methods (time-series and cross-sectional regressions) one should test if the factors are actually priced in the cross-section. For time-series regressions, the factor risk premia are estimated as the time-series average of the factor returns. Standard statistical tests can be used to test if these are positive. For cross-sectional regressions, the factor risk premia are the coefficients of the regressions which can also be tested. In both cases, one should be careful about the standard errors used (autocorrelation in the time series approach, cross-sectional dependencies). A question that often comes up is which approach is “better”. First, time-series regressions can only be used when the factors are returns. In case the factors are returns, the two approaches are not necessarily equivalent. The time-series regression estimates the factor premium as the average return. Therefore, any factor receives a zero pricing error in the sample. This is equivalent to forcing the intercept in the cross-sectional to zero. In order to make the two methods equivalent, you will have to include the factor as a test asset as well. If you do this, then using the correct standard errors will produce the same estimates for the prices of risk.",54,True,True,CC BY-SA 4.0,Stack Exchange Inc. - https://quant.stackexchange.com,2026-07-30 19:22:19
StackExchange - Quantitative Finance,37,What broker/feed/APIsetup allows for recording the most accurate data (cheaply)?,"backtesting, data, high-frequency","I'm currently using IB's Java API and getting feeds through them. However the real-time feed is updated only every 250ms and the historical feed only every second. I'm primarily looking for ES data and other index futures and ETFs. I'm not looking at FX since that data is the most subjective since there is no exchange. I want a setup that allows me to get the most accurate real-time tick data and market depth. Tick by tick would be ideal, but probably prohibitively expensive. What setup gives the most accurate data and depth?",44,https://quant.stackexchange.com/questions/37/what-broker-feed-apisetup-allows-for-recording-the-most-accurate-data-cheaply,"DTN's IQFeed is really good, if a little expensive. I believe it starts at 80 dollars/month and then you add your exchange fees on top. To get access to the developer API you need to pay 300 dollars for a year's worth of access. Details: Real-Time, TRUE Tick-by-Tick Data on US and Canadian Equities (NYSE, NASDAQ, AMEX, Canadian Stock Exchanges) Delayed Futures Data (Real-Time Data Available for an additional fee) Real-Time Equity/Index Options and Forex Data Available for an additional fee Real Time Index quotes",20,False,False,CC BY-SA 4.0,Stack Exchange Inc. - https://quant.stackexchange.com,2026-07-30 19:22:19
StackExchange - Quantitative Finance,1865,What tools exist for order book analysis and visualization?,"r, software, limit-order-book, visualization, python","What tools exist for order book analysis and visualization? In particular, if one wanted to examine a limit order book and understand how it changes throughout the day where would you turn for software help? I've not found anything off the shelf, but I'm curious if others in this community might know of something. My preference is for free/open source that are available for R or Python, but commercial tools are acceptable as well. My wish list would look something like this: Order book visualization. Show the bids and asks in standard book form. Order by order or level aggregation. Order tracking through time. ""VCR style"" controls that allow one to easily scan through the book across time. Multiple venue support. Depth of book data from more than one venue is maintained as a separate book for a given instrument, but an aggregated ""virtual"" book can be displayed. Descriptive statistics could be calculated across arbitrary time periods (# of orders added, deleted, etc. Any suggestions on tools that might help in this type of analysis are welcome as are suggestions of features not listed here but that are provided by software packages available today.",44,https://quant.stackexchange.com/questions/1865/what-tools-exist-for-order-book-analysis-and-visualization,"I don't know why it was removed, but the R package ""orderbook"" was available: http://journal.r-project.org/archive/2011-1/RJournal_2011-1_Kane~et~al.pdf http://cran.r-project.org/web/packages/orderbook/index.html In the IBrokers package, the function ""reqMktDepth"" is used for streaming order book data. http://cran.r-project.org/web/packages/IBrokers/IBrokers.pdf",19,True,True,CC BY-SA 4.0,Stack Exchange Inc. - https://quant.stackexchange.com,2026-07-30 19:22:19
StackExchange - Quantitative Finance,1658,Has high frequency trading (HFT) been a net benefit or cost to society?,"algorithmic-trading, research, high-frequency, market-microstructure","Various studies have demonstrated the very large and growing influence of high frequency trading (HFT) on the markets. HFT firms are clearly making a great deal of money from somewhere, and it stands to reason that they are making this money at the expense of every other participant in the market. Defenders of HFT will argue that HFT firms provide an essential service to the economy in the form of greater liquidity. What research has been done on the benefits and costs of HFT? Has any study attempted to measure either the benefits or the costs? How would one attempt to measures these benefits and costs? What would be the effect of banning rapidly cancelled limit orders (see follow-up question ), e.g. via a minimum 1-second tick rule? Any references and professional opinions (backed by research) on this topic would be appreciated.",42,https://quant.stackexchange.com/questions/1658/has-high-frequency-trading-hft-been-a-net-benefit-or-cost-to-society,"The lead paper in the January 2011 Journal of Finance ( Hendershott, Jones, and Menkveld ) addresses algorithmic trading (AT). In short, they find that AT improves liquidity as measured by bid-offer spreads. Taking the econometrics as correct (it is in the Journal of Finance) the next question is if bid-offer spreads are a sufficient statistic for measuring liquidity (or any other benefits). It is a difficult question to answer because, given current market structure, AT may improve liquidity (as measured by bid-offer spreads), but without data on other market structures, it is hard to say that we wouldn't better off with something like on-demand call auctions. I think there's a consensus that opening and closing call auctions have improved market quality as measured by opening and closing volatility, but it is not clear that we'd be better/worse off with completely call on-demand exchanges (although I know of at least call on-demand exchange in the works). I think at this point it's still a subjective question with smart people on both sides. I tend to think we'd be better with call auctions (in terms of the pure economics of matching supply and demand). Finally, you may find this Big Picture post interesting.",23,True,True,CC BY-SA 4.0,Stack Exchange Inc. - https://quant.stackexchange.com,2026-07-30 19:22:19
StackExchange - Quantitative Finance,8274,How to estimate real-world probabilities,"derivatives, risk-neutral-measure, forecasting, stochastic-discount, real-world-measure","In the world of finance, Risk-neutral pricing allow us to estimate the fair value of derivatives using the risk free rate as the expected return of the underlyings. However, the behavior of financial assets in the real-world might be substantially different to the evolution used in a risk-neutral context. For instance, if I want to estimate the real-world probability of an equity asset reaching certain thresholds, which models and calibration techniques could be used? In particular, some questions that may arise in the estimation of real-world probabilities are: Calibration : Should real-world probabilities be calibrated to current market prices or, alternative, historical data should be used for this type of estimation? No-arbitrage conditions : Could they be relaxed or they still play a role in the assessment of real-world probabilities? Expected returns : Assuming that I have already estimated the expected return of an asset $\mu$, how accurate would be a real-world estimation that combines a widely used evolution model (e.g. Geometric Brownian motion ), with the use of $\mu$ instead of the risk free rate $r$? Per comments, I understand that in order to estimate real-world probabilities: I should use expected returns instead of the risk-free rate. The asset evolution should still respect the no-arbitrage conditions (i.e: the real-world dynamics should still reproduce the current prices of vanilla options). However, if we just use $\mu$ instead of $r$, the underlying asset behavior might not be consistent with the observed option prices. For instance, if we just change $r$ by $\mu$ (with $\mu>r$) the underlying asset dynamics will lead to call prices above its current market price, and put prices below its market price. Therefore, in addition to use expected returns, which other adjustment might be needed in order to estimate real-world probabilities? Any papers or references regarding real-world estimation will be greatly appreciated.",42,https://quant.stackexchange.com/questions/8274/how-to-estimate-real-world-probabilities,"The risk-neutral measure $\mathbb{Q}$ is a mathematical construct which stems from the law of one price , also known as the principle of no riskless arbitrage and which you may already have heard of in the following terms: ""there is no free lunch in financial markets"". This law is at the heart of securities' relative valuation , see this very nice paper by Emmanuel Derman (""Metaphors, Models & Theories"", 2011) and some part of this discussion. In what follows, assume for the sake of simplicity existence of a risk-free asset ; deterministic and constant rates, with risk-free rate $r$ ; no dividends and no additional equity funding costs. How to relate $\mathbb{Q}$ to $\mathbb{P}$ : some useful concepts The risk-neutral measure $\mathbb{Q}$ is a probability measure which is equivalent to $\mathbb{P}$ and under which the prices of assets (I should rather say the price of self-financing portfolios composed of marketed securities to be perfectly rigorous), discounted at the risk-free rate, turn out to be martingales . If one assumes there is no free lunch in the real world (hence under $\mathbb{P}$ ), then the above definition (more specifically the ""equivalent"" part) suggests that there will be no free lunch under $\mathbb{Q}$ either . To convince yourself have a look at the accepted answer to this SE question. This answers your question concerning no arbitrage conditions. The martingale property is convenient since it allows us to represent asset prices as expectations conditional on the information we currenty have, which seems intuitive and natural. Indeed from the definition if $X_t$ is a $\mathbb{Q}$ -martingale then $$ X_0 = E^{\mathbb{Q}}[X_t \vert \mathcal{F}_0] $$ The adjective risk-neutral comes from the fact that, using a replication argument (static for linear contracts, dynamic for most of the others) and under the assumption of no free lunch (+ market completeness, continuous trading, no frictions), one can show that the true performance of the stock simply disappears from the option valuation problem. Risk aversion thus disappears and only the risk-free rate $r$ remains. This is exactly what Black-Scholes-Merton showed and which earned them the Nobel prize in the first place, see below. A simple example: the Black-Scholes model Assume that the stock price $S_t$ follows a GBM under $\mathbb{P}$ $$ \frac{dS_t}{S_t} = \mu dt + \sigma dW_t^{\mathbb{P}}\ \ \ (1) $$ where $\mu$ is the expected performance of the stock and $\sigma$ the annualised volatility of log-returns. This equation describes the dynamics of the stock in the real world. Consider the pricing (we are still under in the real world) of a contingent claim $V_t = V(t,S_t)$ of which the only thing we know is that it pays out $\phi(S_T)$ to its holder when $t=T$ (generic European option). Now, consider the following self-financing portfolio: $$\Pi_t = V_t - \alpha S_t$$ Using Itô's lemma along with the self-financing property yields: \begin{align} d\Pi_t &= dV_t - \alpha dS_t \\ &= \left( \frac{\partial V}{\partial t} + \frac{1}{2} \sigma^2 S_t^2 \frac{\partial^2 V}{\partial S^2}\right) dt + \left( \frac{\partial V}{\partial S} - \alpha \right) dS_t\\ \end{align} The original argument of Black-Scholes-Merton is then that, if we can dynamically rebalance the portfolio $\Pi_t$ so that the number of shares held is continuously adjusted to be equal to $\alpha = \frac{\partial V}{\partial S}$ , then the portfolio $\Pi_t$ would drift at a deterministic rate which, by absence of arbitrage opportunity, should match the risk-free rate. Writing this as $d\Pi_t = \Pi_t r dt$ and remembering that we've picked $\alpha = \frac{\partial V}{\partial S}$ to reach this conclusion, we have \begin{align} &d\Pi_t = \Pi_t r dt \\ \iff& \left( \frac{\partial V}{\partial t} + \frac{1}{2} \sigma^2 S_t^2 \frac{\partial^2 V}{\partial S^2} \sigma^2 \right) dt = \left( V_t - \frac{\partial V}{\partial S} S_t \right) r dt \\ \iff& \frac{\partial V}{\partial t}(t,S) + r S \frac{\partial V}{\partial S}(t,S) + \frac{1}{2} \sigma^2 S^2 \frac{\partial^2 V}{\partial S^2}(t,S) - rV(t,S) = 0 \end{align} which is the famous Black-Scholes pricing equation. Now, the Feynmann-Kac theorem tells us that the solution to the above PDE can be computed as: $$ V_0 = E^\mathbb{Q}[ e^{-rT} \phi(S_T) \vert \mathcal{F}_0 ] $$ where under a certain measure $\mathbb{Q}$ $$ \frac{dS_t}{S_t} = r dt + \sigma dW_t^{\mathbb{Q}} $$ which shows that $$\frac{V_t}{B_t} \text{ and } \frac{S_t}{B_t} \text{ are } \mathbb{Q}\text{-martingales}$$ with $B_t = e^{rt}$ representing the value of the risk-free asset we mentioned in the introduction. Notice how $\mu$ has completely disappeared from the pricing equation. Because this Feynman-Kac formula very much resembles a magical trick, let us zoom in on the change of measure from a more mathematical perspective (the above was indeed the financial argument... at least for deriving the pricing equation, not for expressing its solution in martingale form). Starting from $(1)$ , let us define the quantity $\lambda$ as the excess-return over the risk-free rate of our stock, expressed in volatility units (ie its Sharpe ratio): $$ \lambda = \frac{\mu - r}{\sigma} $$ Plugging this into $(1)$ gives: $$ \frac{dS_t}{S_t} = r dt + \sigma (dW_t^{\mathbb{P}} + \lambda dt) $$ Now Girsanov theorem tells us that if we define the Radon-Nikodym of the change of measure as $$ \left. \frac{d\mathbb{Q}}{d\mathbb{P}} \right\vert_{\mathcal{F}_t} = \mathcal{E}(-\lambda W_t^{\mathbb{P}}) $$ then the process $$ W_t^{\mathbb{Q}} := W_t^{\mathbb{P}} - \langle W^{\mathbb{P}}, -\lambda W^{\mathbb{P}} \rangle_t = W_t^{\mathbb{P}} + \lambda t $$ will emerge as a $\mathbb{Q}$ -Brownian motion, hence we can write: $$ \frac{dS_t}{S_t} = r dt + \sigma dW_t^{\mathbb{Q}} $$ Okay, this might seem even more magic to you than earlier, but there is a rigorous mathematical treatment behind don't worry. Anyway, an interesting feature of writing and manipulating the Radon-Nikodym derivative is that one can eventually show that: $$V_0 = E^{\mathbb{Q}} \left[ \left. \frac{V_T}{B_T} \right\vert \mathcal{F}_0 \right] = E^{\mathbb{P}} \left[ \left. \frac{V_T}{B_T} \mathcal{E}(-\lambda W_T^\mathbb{P}) \right\vert \mathcal{F}_0 \right]$$ where I have used the Bayes' rule for condition expectations , with $$ X := V_T/B_T,\ \ \ f := \frac{d\mathbb{Q}}{d\mathbb{P}} \vert \mathcal {F}_T = \mathcal{E}(-\lambda W_T^{\mathbb{P}}),\ \ \ E^\mathbb{P}[f \vert \mathcal{F}_0 ] = 1 $$ The above result is extremely interesting and can here be re-expressed as $$ V_0 = E^{\mathbb{Q}} \left[ e^{-rT} \phi(S_T) \vert \mathcal{F}_0 \right] = E^{\mathbb{P}} \left[ e^{-\left(r+\frac{\lambda^2}{2}+\frac{\lambda}{T} W_T^{\mathbb{P}}\right)T} \phi(S_T) \vert \mathcal{F}_0 \right] $$ This shows that, under BS assumptions: The option price can be calculated as an expectation under $\mathbb{Q}$ in which case we discount cash flows at the risk-free rate. The option price can also be calculated as an expectation under $\mathbb{P}$ but this time we need to discount cash flows based on our risk-aversion, which transpires through the market risk premium $\lambda$ (which depends on $\mu$ ). This answers your question: Therefore, in addition to use expected returns, which other adjustment might be needed in order to estimate real-world probabilities? You need to use a stochastic discount factor accounting for the risk aversion, see above and further remarks below. Estimating real-world probabilities assuming BS You have different possibilities here. The first idea which springs to mind is to calibrate your diffusion model to observed time series. When doing that, you hope to get an estimate for $\mu$ and $\sigma$ in the GBM case. Now given what we just said earlier, you must be very careful when pricing under $\mathbb{P}$ : you cannot discount at the risk-free rate. Also obtaining a statistically significant estimation for $\mu$ (and the latent equity risk premium) may not be as easy as it seems see the discussion here It's more complicated than that when you choose another model than BS The relationship: $$ V_0 = E^{\mathbb{Q}} \left[ \frac{V_T}{B_T} \vert \mathcal{F}_0 \right] = E^{\mathbb{P}} \left[ \frac{V_T}{B_T} f \vert \mathcal{F}_0 \right] $$ with $$f = \left. \frac{d\mathbb{Q}}{d\mathbb{P}} \right\vert_{\mathcal{F}_T}$$ will hold (under mild technical conditions). Compared to the risk-free discount factor $$DF (0,T):=1/B_T $$ the quantity $$SDF (0,T):=f/B_T$$ is best known as a Stochastic Discount Factor (maybe you've already heard about SDF models, this is precisely that) and we can write, without loss of generality: $$ V_0 = E^{\mathbb{Q}} \left[ DF (0,T) V_T \vert \mathcal{F}_0 \right] = E^{\mathbb{P}} \left[ SDF (0,T) V_T \vert \mathcal{F}_0 \right] $$ The problem is that, depending on the model assumptions you use, you cannot always have a simple and/or unique form for $f$ (hence $SDF (0,T) $ ) as it used to be the case in BS. This is notably the case for incomplete models (i.e. models that include jumps and/or stochastic volatility etc.). So now you understand why when we need models to price options, we directly calibrate them under $\mathbb{Q}$ and not on time series observed under $\mathbb{P}$ .",53,True,True,CC BY-SA 4.0,Stack Exchange Inc. - https://quant.stackexchange.com,2026-07-30 19:22:19
StackExchange - Quantitative Finance,557,How fast is QuickFix ?,fix,In my firm we are beginning a new OMS (Order Management System) project and there is a debate whether we use Quickfix or we go for a professional fix engine? Because there is a common doubt that QuickFix is not enough fast and obviously we will not get any technical support. I heard that in BOVESPA it has been used for a while. They are changing it with a paid one now. Well that is enough for me. If they use it I can use it. Should I choose a professional one over QuickFix? Is it not good enough?,41,https://quant.stackexchange.com/questions/557/how-fast-is-quickfix,"In order to answer your question (for you) you would need something to compare to . You would need numbers to know if it is slower/faster, how much, and if it will impact your system overall. Also knowing your performance goals could narrow down the options. My advice is to take a look at your overall architecture of the sytem you have or intend to build. To just look at QuickFIX is rather meaningless without the whole chain involved in processing information and reacting to it . As an example, say QuickFIX is 100 times faster than some part (in the chain of processing) you have or build. Now, replacing QuickFIX with another part which is 100 times faster than QuickFIX would not change anything because you're still held back by the slowest point. And remember that network hops are usually very expensive compared to in-memory processing of data. If you for some reason cannot compare different candidates against each other, why not start with e.g. QuickFIX, but make the system in such a way that it can be replaced with something faster later on. Generally speaking, QuickFIX is not the fastest option, but the key point is that it might not have to be. If performance is very critical and one has resources, you usually end up buying something or building something yourself. Drawbacks here are having resources like time, money and skilled people. To answer your question better one would need to know other aspects as well, like available resources (money, time, skill), overall system overview, performance expectations and other factors that limit decisions . E.g. if money is not a limiting factor, just find the fastest option and buy it.",32,True,True,CC BY-SA 4.0,Stack Exchange Inc. - https://quant.stackexchange.com,2026-07-30 19:22:19
StackExchange - Quantitative Finance,25942,Why aren&#39;t econometric models used more in Quant Finance?,"modeling, forecasting, econometrics, models, arima","There is a big body of literature on econometric models like ARIMA , ARIMAX or VAR . Yet to the best of my knowledge practically nobody is making use of that in Quantitative Finance. Yes, there is a paper here and there and sometimes you find an example where stock prices are being used for illustrative purposes but this is far from the main stream. My question Is there a good reason for that? Is it just because of tradition and different schools of thought or is there a good technical explanation? (By the way I was pleased to find an arima tag here... but this is again a case in point: only 8 out of nearly 7,000 questions (~ 0.1% !) use this tag! ...ok, make this 9 now ;-)",41,https://quant.stackexchange.com/questions/25942/why-arent-econometric-models-used-more-in-quant-finance,"It's an interesting question. I particularly agree with the $\mathbb{Q}-\mathbb{P}$ dichotomy mentioned by many. I would add to the other answers that, come to think of it, the Black-Scholes postulated Geometric Brownian Motion could be interpreted as an AR(1) process on the logarithm of the stock price as you discretise the SDE from which it is a solution, which is exactly what you do when running Monte-Carlo simulations (same thing for the Ornstein-Uhlenbeck process as explained here and noted by @Richard). Actually, when taking the continuous-time limit, many more econometric models can be shown to correspond to stochastic processes frequently used by $\Bbb{Q}$ quants (see this paper for instance and the comment of @Kiwiakos below and discussed here with interesting references). So why do we, at least on the sell-side, tend to favour (jump-)diffusion models over econometric models, while the latter have the advantage that volatility/variance is an observable quantity and not a hidden variable, making them easier to calibrate on historical time series, that is, information observed under $\mathbb{P}$ ? Well... essentially because derivatives pricing happens under a risk-neutral measure $\mathbb{Q}$ and not the physical measure $\mathbb{P}$. When working under $\mathbb{Q}$, we do relative valuation . Voluntarily over-simplifying the situation, we appeal to the absence of arbitrage opportunity to claim that any financial instrument can be priced solely by looking at the prices of other securities (typically listed options) that can be combined to perfectly replicate the former instrument's behaviour (or used as a perfect hedge, which is equivalent) . Therefore, it is not important to have a model which can be easily calibrated to historical time series, hence under $\mathbb{P}$ (which is the key feature of econometric models IMHO) but essential to have a model that leads to nice closed form formulas for the price of simple instruments that could be used as a relative pricing basis under $\mathbb{Q}$ (which is the key feature of most jump-diffusion models used by quants IMHO). Consider the GARCH pricing model proposed by Duan for instance. True, it is easily calibrable to historical time series, but: Is the past really useful to understand what will happen in the future, which is the crux of derivatives pricing? Not necessarily, especially since we are in a relative valuation framework: it is the evolution of the market prices at which we can trade the elementary replication blocks that matters, not the historical behaviour of the underlying asset . You need Monte-Carlo simulations to compute European option prices under this model: think about how much computational resources would be needed to calibrate such a model to 1000 vanilla prices several times a day in a live production environment (especially compared to something like Heston were Fast Fourier Transform techniques can be implemented). Summarising (again, with a voluntary over-simplification) Econometric models : easily calibrated under $\mathbb{P}$ (discrete time + observable volatility/variance), yet need simulation methods à la Monte Carlo to be able to compute option prices, even for the most basic types of options. (Jump-)Diffusion models : painful to calibrate to time series (continuous time + hidden Markov models) but admittedly lead to (semi-)closed form formulas for many benchmark instruments (or at least the popular models are the ones that do...), making them easy to calibrate/use under $\mathbb{Q}$.",34,True,True,CC BY-SA 4.0,Stack Exchange Inc. - https://quant.stackexchange.com,2026-07-30 19:22:19
StackExchange - Quantitative Finance,79,How useful is Markov chain Monte Carlo for quantitative finance?,"probability, monte-carlo, modeling","Naively, it seems that Bayesian modeling, structural models particularly, would be quite useful in finance because of their ability to incorporate market idiosyncrasies and produce accurate probabilistic estimates. The down-side of course, is model-brittleness and extremely slow computational speed. Has the Quant community overcome these issues, and how common are these tools?",39,https://quant.stackexchange.com/questions/79/how-useful-is-markov-chain-monte-carlo-for-quantitative-finance,"As far as I know MCMC and also (PMCMC) can be usefull for (bayesian) estimation of parameters of some Hidden process like in the Heston Model case based on observations of the Stock (filtering). But the problem here is that those estimates are not matching those based on calibration of vanilla options of the Risk Neutral measure. So as an econometric tool it has limited utility in my opinion for financial application. As an example, let's say that thank's to MCMC methods you've got an estimate of the parameters of Heston Model on a given stock based on the observations of the Stock values. Then you can (I won't blame you for that) hedge a call option on this stock using Heston Model based on your estimates. Nevertheless if there is a market for call options on this stock then you shall observe that the calibration of the Heston Model based on the vanilla prices will give you another set of parameters. So what should we do then ? Please do not forget that when filtering you are under Real World Probabilities but when you are hedging and pricing you are under Risk Neutral Probabilities. Definitely I won't follow (blindly) the filtering estimates mainly for the following reason which can be summed up in rather provocative way ""Market is always right"". I say this because if you are Marking to Market you position (as every one does) then you must use the calibration estimate to value your portfolio, now those calibration estimates can evolves in a way that goes against your filtering estimates and there is nothing you can do about this. Finally if your stop loss is attained (you should better have one) then even though you believe you will make money out of your filtering strategy by holding the strategy till the end of the contract you have to realize that it is not an arbitrage strategy and that you are entered in a risky position not because of the filtering estimate that was badly calculated but because the market can evolve against the best past history estimates. I hope I made my point clear. Nevertheless as a tool to sample difficult to simulate random variables, it can be used as a tool for pricing. I think that I have seen a paper on arXiv using MCMC techniques to price american options.",9,False,False,CC BY-SA 4.0,Stack Exchange Inc. - https://quant.stackexchange.com,2026-07-30 19:22:19
StackExchange - Quantitative Finance,226,What is the difference between volatility and variance?,"volatility, variance",How do volatility and variance differ in finance and what do both imply about the movement of an underlying?,39,https://quant.stackexchange.com/questions/226/what-is-the-difference-between-volatility-and-variance,"Volatility is typically unobservable , and as such estimated --- for example via the (sample) variance of returns, or more frequently, its square root yielding the standard deviation of returns as a volatility estimate. There are also countless models for volatility, from old applied models like Garman/Klass to exponential decaying and formal models such as GARCH or Stochastic Volatility . As for forecasts of the movement : well, that is a different topic as movement is the first moment (mean, location) whereas volatility is a second moment (dispersion, variance, volatility). So in a certain sense, volatility estimates do not give you estimates of future direction but of future ranges of movement.",30,False,False,CC BY-SA 4.0,Stack Exchange Inc. - https://quant.stackexchange.com,2026-07-30 19:22:19
StackExchange - Quantitative Finance,1489,How should I calculate the implied volatility of an American option in a real-time production environment?,"option-pricing, implied-volatility","There are many models available for calculating the implied volatility of an American option. The most popular method, employed by OptionMetrics and others, is probably the Cox-Ross-Rubinstein model. However, since this method is numerical, it yields a computationally intensive algorithm which may not be feasible (at least for my level of hardware) for repeated re-calculation of implied volatility on a hundreds of option contracts and underlying instruments with ever-changing prices. I am looking for an efficient and accurate closed form algorithm for calculating implied volatility. Does anyone have any experience with this problem? The most popular closed-form approximation appears to be Bjerksund and Stensland (2002), which is recommended by Matlab as the top choice for American options, although I've also seen Ju and Zhong (1999) mentioned on Wilmott . I am interested in knowing which of these (or other) methods gives the most reasonable and accurate approximations in a real-world setting.",39,https://quant.stackexchange.com/questions/1489/how-should-i-calculate-the-implied-volatility-of-an-american-option-in-a-real-ti,"I have worked on this topic extensively (pricing and calculating IV in production) and believe can offer an informed opinion. First of all Mathworks - the company that creates Matlab is not a trading firm so you should probably not rely on their advice so much. There are few closed form options pricing models, and all have practical shortcomings. Barone-Adesi and Whaley (please correct my spelling of last names as I'm typing from memory) model is simple approximation for American options but is unfortunately not very accurate, and does not deal with dividends. Roll-Geske-Whaley deals with dividends, but not very well - there are arbitrage situations that are possible in the model. Ju and Zhong have another approximation but again not very accurate. Finally Bjerksund and Stensland seem to have the best approximation (2002 version, not 1993) but that still does not solve the discrete dividend problem. In my experience the tree is the way to go. CRR trees are slow but Leisen and Reimer, 1995 came up with a scheme that converges much faster. Also Mark Joshi created his own binomial scheme that converges slightly faster. Instead of discrete dividend you can use discrete proportional dividend - so you don't end up with a bushy tree. Alternatively you can try a trinomial tree and extra DF will give you better resolution on dividend, but I did not find that big of an improvement in production. That in my opinion is the best combination for speed and accuracy. If you're looking for alternative opinions check out these two articles - http://www.nccr-finrisk.uzh.ch/media/pdf/ODD.pdf about discrete dividend problem, and http://ssrn.com/abstract=1567218 on pricing American options. Still the most important speed improvements will come in from your code: one technique that is extensively used in quoting servers is pre-computation. Basically you continuously compute prices for the stock price $\pm 0.1$ and volatility $\pm 0.01$, so when spot or vol moves you used pre-computed cached value (or interpolated from closest values).",39,True,True,CC BY-SA 4.0,Stack Exchange Inc. - https://quant.stackexchange.com,2026-07-30 19:22:19
StackExchange - Quantitative Finance,1621,How to derive the implied probability distribution from B-S volatilities?,"options, r, implied-volatility, visualization, distribution","The general problem I have is visualization of the implied distribution of returns of a currency pair. I usually use QQplots for historical returns, so for example versus the normal distribution: Now I would like to see the same QQplot, but for implied returns given a set of implied BS volatilities, for example here are the surfaces: USDZAR 1month 3month 6month 12month 2year 10dPut 15.82 14.59 14.51 14.50 15.25 25dPut 16.36 15.33 15.27 15.17 15.66 ATMoney 17.78 17.01 16.94 16.85 17.36 25dCall 20.34 20.06 20.24 20.38 20.88 10dCall 22.53 22.65 23.39 24.23 24.84 EURPLN 1month 3month 6month 12month 2year 10dPut 9.10 9.06 9.10 9.43 9.53 25dPut 9.74 9.54 9.51 9.68 9.77 ATMoney 10.89 10.75 10.78 10.92 11.09 25dCall 12.83 12.92 13.22 13.55 13.68 10dCall 14.44 15.08 15.57 16.16 16.34 EURUSD 1month 3month 6month 12month 2year 10dPut 19.13 19.43 19.61 19.59 18.90 25dPut 16.82 16.71 16.67 16.49 15.90 AtMoney 14.77 14.52 14.44 14.22 13.87 25dCall 13.56 13.30 13.23 13.04 12.85 10dCall 12.85 12.85 12.90 12.89 12.78 Anybody know how I could go about doing this? Any R packages or hints where to start on this? It doesn't necessarily have to be a qqplot, it could just be a plot of the density function; that would help me too. Thanks.",39,https://quant.stackexchange.com/questions/1621/how-to-derive-the-implied-probability-distribution-from-b-s-volatilities,"You can directly imply a probability distribution from a volatility skew. Note that, for any terminal probability distribution $p(S)$ at tenor $T$, we have the model-free formula for the call price $C(K)$ as a function of strike $K$ \begin{equation} C=e^{-rT} \int_0^\infty (S-K)^+ p(S) dS \end{equation} Therefore we can write \begin{equation} e^{rT} \frac{\partial C}{\partial K}=\int_K^\infty (-1) \cdot p(S) dS \end{equation} and by the fundamental theorem of calculus \begin{equation} e^{rT} \frac{\partial^2 C}{\partial K^2} = p(K) \end{equation} Therefore, all you need, in order to find the value of $p(x)$ for any $x$, is the second derivative of call prices at strike $x$. Usually, one uses a fitted skew (such as a polynomial fit) to the available volatility values at the given tenor. In your case, with just 5 points, I would recommend fitting a parabola in log strike space. Once you have a continuous skew $\sigma(K)$ then you just need to find \begin{equation} {\left. \frac{\partial^2 }{\partial x^2}\right|} BS_{\text{Call}}(S_0, x, \sigma(x), r, T, q) \end{equation} evaluated at $x=K$ which can be done either with a bunch of symbol-jiggling, or by simply finite differencing. In your case I recommend the latter. Once you have probability distribution values, of course, the process of generating the qq plots is one you have already mastered. Edit: Sign error correction, per @Robino",41,True,True,CC BY-SA 4.0,Stack Exchange Inc. - https://quant.stackexchange.com,2026-07-30 19:22:19
StackExchange - Quantitative Finance,1914,"Which approach to estimating fundamental factor models is better, cross-sectional (unobservable) factors or time-series (observable) factors?","risk-management, regression, beta, factor-models, factor-loading","There are many approaches to estimating fundamental factor equity models. I would like to focus on two traditional methods: The time-series regression approach of Fama and French. Factors are defined ex ante . Betas to the factors are estimated in the time-series. The Barra cross-sectional regression approach described in Menchero, Orr, and Wang (2011) , Grinold and Kahn (2000) and Sheikh (1995). Factor realizations are derived ex post . Factors are estimated independently in each time period in the cross-section. I'll sketch the methodology of each and the high-level pros/cons. I'm curious if anyone has experience or links to research regarding which approach is better for the purposes of hedging, optimal portfolio construction, and alpha generation. Fama-French time-series regression approach: Build a design matrix where each column is a time-series of economic factor returns. These factors could be traditional economic factors but also may include ""spread"" returns such as Fama-French factors SMB, HML, MKT generated from portfolio sorts. Perform N time-series regressions (one per security). In particular, for each security regress the security returns on the economic factor returns and estimate the beta. In this approach, the betas are constant and the factors are time-varying depending on the regression window. The advantage here is that estimation of beta is diversified away across securities, so it seems to be this approach would be superior for portfolio construction. The disadvantage is that betas are slower to respond to changes that change the risk profile of a firm (for example, in a sudden shift in Debt-to-Equity ratio). Barra cross-sectional regression approach: Assume that fundamental factor characteristics are Betas. For example, create z-scores of the fundamental factor characteristics thereby generating Betas for each time slice for each security. Perform T cross-sectional regressions (one per factor). In particular, at each time slice regress the panel of security returns on the normalized Betas to estimate the un-observable factor realizations. The advantage here is that the betas respond instantaneously to changes in firm characteristics. The disadvantage is that there is a potential errors-in-variable bias -- in fact, the errors from model mis-specification do not diversify away. Intuition suggests this approach may be better suited for alpha signal generation. Is there research comparing the out-of-sample performance of these two methods for various applications (i.e. risk decomposition, portfolio construction, hedging, alpha signal generation)?",39,https://quant.stackexchange.com/questions/1914/which-approach-to-estimating-fundamental-factor-models-is-better-cross-sectiona,"Jennifer Bender of MSCI Barra has a paper from 2007 entitled: To Beta or Not to Beta: A Comparison of Historical Versus Fundamental Betas for Hedging Market Risk She deals specifically and exclusively with which method is superior for hedging long-only portfolios. Not surprisingly, she finds that Barra's approach is better. She tests long-only and long-short portfolios separately, using random portfolios with asymmetric bets. What you call ""cross-sectional"" or ""unobservable"" factors she calls ""fundamental betas,"" and ""time-series"" or ""observable"" factors are termed ""historical betas."" Here is the abstract: Fundamental betas provide several conceptual advantages to historical betas--they reflect information on a timelier basis and are less likely to confuse noise for information. This paper revisits the advantages of using fundamental beta for hedging systematic risk in the U.S. Fundamental beta appears to be a more consistent measure for hedging market risk, particularly for investors who care about downside risk and tail risk. BTW, I have met her IRL and she seems pretty smart, so I trust she did the research right, but of course you must always be skeptical of company research that makes their product look better than their competitors'. Update after reading Bender's paper: For hedging, my impression is that there is not a great difference between the two approaches, although fundamental betas win out slightly over historical betas. For portfolio construction, where stability of betas is much more important, she makes a convincing case for fundamental betas. Fundamental betas are more stable during stable periods and adjust more quickly to large shifts in a stock's expected behavior due to M&A or spinoff activity. She also argues risk estimates will adapt more quickly to a regime change with fundamental versus historical betas, particularly as she finds the best historical beta overall to be a 60-month regression. Fundamental betas also provide a distinct advantage over historical for risk decomposition due to the rapidly changing nature of cross-correlations and the lower propensity for assigning idiosyncratic moves coincident with a particular risk factor to the beta for that factor. Alpha signal generation is not really the goal of either approach, so I'm not sure if it is fair to evaluate based on this. The fact that the two major commercial risk model providers essentially use the same approach should also tell you something. Barclays Capital's US Equity Risk Model (for institutional POINT clients) also uses cross-sectional regressions. In fact, in the face of all this industry research, the real question is why do academics still use the historical time-series regression approach? Gregory Connor published an article The Three Types of Factor Models: A Comparison of Their Explanatory Power in 1995 in the Financial Analysts Journal. However, his goal is to compare statistical and fundamental models, not the two types of fundamental models to each other (he also throws in macroeconomic models, which he finds to be close to useless). The research is somewhat dated but still interesting for those looking at risk models in general.",17,True,True,CC BY-SA 4.0,Stack Exchange Inc. - https://quant.stackexchange.com,2026-07-30 19:22:19
StackExchange - Quantitative Finance,7568,"Mapping symbols between tickers, Reuters RICs and Bloomberg tickers","market-data, tick-data, bloomberg, reuters","Is there any known solution (preferably open source) to map between ticker symbols, Reuters and Bloomberg symbols. For example: Ticker: AAPL Reuters: AAPL.O (may be prefixed with RSF.ANY. dependent upon infrastructure) Bloomberg: AAPL US Equity Edit: by mapping I mean translating from one symbol naming convention to another. For example let's say we have RSF.ANY.AAPL.O and want to get Bloomber equivalent, which is ""AAPL US Equity"". Edit2: Fixed Bloomber mapping, it should be ""AAPL US Equity"" not ""AAPL:US""",39,https://quant.stackexchange.com/questions/7568/mapping-symbols-between-tickers-reuters-rics-and-bloomberg-tickers,"Here are some pointers. First of all: What you list as a Reuters RIC, RSF.ANY.AAPL.OQ , is not really a RIC, only the AAPL.OQ is. The initial part is some stuff which is essentially site specific and tells me that you are working on a site that has a legacy RTIC infrastructure (some Reuters/TIBCO technology which is quite old these days and for all practical purposes has been deprecated in favour of other distribution mechanisms, most notably the ADS). Ok, the AAPL.OQ is the RIC, and only that. The initial part, the RSF.ANY denotes the feed and that is because the Reuters Market Data System (an in-house ticker plant) is vendor agnostic and can have any feed on it, for example Bloomberg. So the initial part could might as well be BB.ANY in order to denote the site's Bloomberg feed. .. and then the latter part would of course be a Bloomberg symbol, not a RIC. But we are getting ahead of ourselves here and mixing technology implementation with that of instrument naming schemes, most notably the RIC and the BSYM. With regards to how Reuters RICs are constructed you can read this guide . This document also exist on the Thomson Reuters web site but it doesn't seem to be available without registration. I just found the public link by Googling. There may be a newer version of this document but I doubt it makes much of a difference. RICs have been constructed the same way for ages. As for the Bloomberg Symbology (BSYM) you can find more information on this link . Bloomberg has multiple identifiers to identify the same thing. Only the BBGID (Bloomberg Global ID) doesn't change with name changes, i.e it is constant over time. The downside is that it is totally meaningless. Another way to access a data item is to use a combination of the Ticker, Market and Pricing source with spaces between them. Both Reuters and Bloomberg try to use the exchange's ticker symbol as part of their naming standard whenever possible. Unfortunately some exchanges use incomprehensible ticker symbols but that is not really the fault of Reuters or Bloomberg. Bloomberg has made their symbology available under a very liberal ""open source"" license. Don't be fooled though. He who defines the universe, owns it. Without an impartial body to allocate the symbols it is really not worth much, IMHO. The difficulty in naming financial instruments lies not so much with exchange traded instruments like equities. That is rather simple: Take the exchange's own ticker symbol and then add some self-invented identifier to denote the market place. That's how both Reuters and Bloomberg do it. Nope, my friend, the difficulty (and the real lock-in) is with all the OTC instruments.",24,True,True,CC BY-SA 4.0,Stack Exchange Inc. - https://quant.stackexchange.com,2026-07-30 19:22:19
StackExchange - Quantitative Finance,38886,What are the quantitative finance papers that we should all have in our shelves?,papers,Which quantitative finance papers should we all know about? What are the seminal references in various quantitative finance areas such as empirical asset pricing and theoretical asset pricing?,39,https://quant.stackexchange.com/questions/38886/what-are-the-quantitative-finance-papers-that-we-should-all-have-in-our-shelves,"The following list ranges from the staples to some of the more eclectic titles: Factor Investing Eugene F. Fama, Kenneth R. French. A five-factor asset pricing model. Journal of Financial Economics , Volume 116, Issue 1, April 2015, Pages 1–22 A five-factor model directed at capturing the size, value, profitability, and investment patterns in average stock returns performs better than the three-factor model of Fama and French (FF, 1993). The five-factor model׳s main problem is its failure to capture the low average returns on small stocks whose returns behave like those of firms that invest a lot despite low profitability. The model׳s performance is not sensitive to the way its factors are defined. With the addition of profitability and investment factors, the value factor of the FF three-factor model becomes redundant for describing average returns in the sample we examine. Campbell R. Harvey, Yan Liu, Heqing Zhu. ...and the Cross-Section of Expected Returns. Oct 2014 Hundreds of papers and factors attempt to explain the cross-section of expected returns. Given this extensive data mining, it does not make sense to use the usual criteria for establishing significance. Which hurdle should be used for current research? Our paper introduces a new multiple testing framework and provides historical cutoffs from the first empirical tests in 1967 to today. A new factor needs to clear a much higher hurdle, with a t-statistic greater than 3.0. We argue that most claimed research findings in financial economics are likely false. Trading Robert Almgren, Neil Chriss. Optimal Execution of Portfolio Transactions . Dec 2000 We consider the execution of portfolio transactions with the aim of minimizing a combination of volatility risk and transaction costs arising from permanent and temporary market impact. For a simple linear cost model, we explicitly construct the efficient frontier in the space of time-dependent liquidation strategies, which have minimum expected cost for a given level of uncertainty. We may then select optimal strategies either by minimizing a quadratic utility function, or by minimizing Value at Risk. The latter choice leads to the concept of Liquidity-adjusted VAR, or L-VaR, that explicitly considers the best tradeoff between volatility risk and liquidation costs. Charles-Albert Lehalle, Eyal Neuman. Incorporating Signals into Optimal Trading . Apr 2017 Optimal trading is a recent field of research which was initiated by Almgren, Chriss, Bertsimas and Lo in the late 90’s. Its main application is slicing large trading orders, in the interest of minimizing trading costs and potential perturbations of price dynamics due to liquidity shocks. The initial optimization frameworks were based on mean-variance minimization for the trading costs. In the past 15 years, finer modelling of price dynamics, more realistic control variables and different cost functionals were developed. The inclusion of signals (i.e. short term predictors of price dynamics) in optimal trading is a recent development and it is also the subject of this work. We incorporate a Markovian signal in the optimal trading framework which was initially proposed by Gatheral, Schied, and Slynko [20] and provide results on the existence and uniqueness of an optimal trading strategy. Moreover, we derive an explicit singular optimal strategy for the special case of an OrnsteinUhlenbeck signal and an exponentially decaying transient market impact. The combination of a mean-reverting signal along with a market impact decay is of special interest, since they affect the short term price variations in opposite directions. Later, we show that in the asymptotic limit were the transient market impact becomes instantaneous, the optimal strategy becomes continuous. This result is compatible with the optimal trading framework which was proposed by Cartea and Jaimungal 5 . Volatility Dennis Yang, Qiang Zhang. Drift‐Independent Volatility Estimation Based on High, Low, Open, and Close Prices The Journal of Business . Vol. 73, No. 3, July 2000, pp. 477-492 We present a new volatility estimator based on multiple periods of high, low, open, and close prices in a historical time series. The new estimator has the following nice properties: it is (a) unbiased in the continuous limit, (b) independent of the drift, (c) consistent in dealing with opening price jumps. Furthermore, it has the smallest variance among all estimators with similar properties. The improvement of accuracy over the classical close-to-close estimator is dramatic for real-life time series. Yacine Aı¨t-Sahalia, Robert Kimmel. Maximum likelihood estimation of stochastic volatility models . Journal of Financial Economics , Vol. 83, 2007, 413–452 We develop and implement a method for maximum likelihood estimation in closed-form of stochastic volatility models. Using Monte Carlo simulations, we compare a full likelihood procedure, where an option price is inverted into the unobservable volatility state, to an approximate likelihood procedure where the volatility state is replaced by proxies based on the implied volatility of a shortdated at-the-money option. The approximation results in a small loss of accuracy relative to the standard errors due to sampling noise. We apply this method to market prices of index options for several stochastic volatility models, and compare the characteristics of the estimated models. The evidence for a general CEV model, which nests both the affine Heston model and a GARCH model, suggests that the elasticity of variance of volatility lies between that assumed by the two nested models. Valuation / Pricing Of course... Fischer Black, Myron Scholes. The Pricing of Options and Corporate Liabilities . The Journal of Political Econony , Volume 81 Issue 3 (May-Jun 1973), 637-654 If options are correctly priced in the market, it should not be possible to make sure profits by creating portfolios of long and short positions in options and their underlying stocks. Using this principle, a theoretical valuation formula for options is derived. Since almost all corporate liabilities can be viewed as a combination of options, the formula and the analysis that led to it are also applicable to corporate liabilities such as common stock, corporate bonds, and warrants. In particular, the formula can be used to derive the discount that should be applied to a corporate bond because of the possibility of default. Robert C. Merton. Theory of Rational Option Pricing . The Bell Journal of Economics and Management Science . Vol. 4, No. 1 (Spring, 1973), pp. 141-183 The long history of the theory of option pricing began in 1900 when the French mathematician Louis Bachelier deduced an option pricing formula based on the assumption that stock prices follow a Brownian motion with zero drift. Since that time, numerous researchers have contributed to the theory. The present paper begins by deducing a set of restrictions on option pricing formulas from the assumption that investors prefer more to less. These restrictions are necessary conditions for a formula to be consistent with a rational pricing theory. Attention is given to the problems created when dividends are paid on the underlying common stock and when the terms of the option contract can be changed explicitly by a change in exercise price or implicitly by a shift in the investment or capital structure policy of the firm. Since the deduced restrictions are not sufficient to uniquely determine an option pricing formula, additional assumptions are introduced to examine and extend the seminal Black-Scholes theory of option pricing. Explicit formulas for pricing both call and put options as well as for warrants and the new ""down-and-out"" option are derived. The effects of dividends and call provisions on the warrant price are examined. The possibilities for further extension of the theory to the pricing of corporate liabilities are discussed. J. Michael Harrison, Stanley R. Pliska. ""Martingales and stochastic integrals in the theory of continuous trading"" . Stochastic Processes and their Applications . Volume 11, Issue 3, 1981, pp. 215-260 This paper develops a general stochastic model of a frictionless security market with continuous trading. The vector price process is given by a semimartingale of a certain class, and the general stochastic integral is used to represent capital gains. Within the framework of this model, we discuss the modern theory of contingent claim valuation, including the celebrated option pricing formula of Black and Scholes. It is shown that the security market is complete if and only if its vector price process has a certain martingale representation property. A multidimensional generalization of the Black-Scholes model is examined in some detail, and some other examples are discussed briefly. Hans Gerber, Elias Shiu. Martingale Approach to Pricing Perpetual American Options . International Actuarial Journal . Volume 24, Issue 2 November 1994 , pp. 195-220 The method of Esscher transforms is a tool for valuing options on a stock, if the logarithm of the stock price is governed by a stochastic process with stationary and independent increments. The price of a derivative security is calculated as the expectation, with respect to the risk-neutral Esscher measure, of the discounted payoffs. Applying the optional sampling theorem we derive a simple, yet general formula for the price of a perpetual American put option on a stock whose downward movements are skip-free. Similarly, we obtain a formula for the price of a perpetual American call option on a stock whose upward movements are skip-free. Under the classical assumption that the stock price is a geometric Brownian motion, the general perpetual American contingent claim is analysed, and formulas for the perpetual down-and-out call option and Russian option are obtained. The martingale approach avoids the use of differential equations and provides additional insight. We also explain the relationship between Samuelson's high contact condition and the first order condition for optimality. Hélyette Geman, Nicole El Karoui, Jean-Charles Rochet. ""Changes of Numéraire, Changes of Probability Measure and Option Pricing"". Journal of Applied Probability . Volume 32, 1995, 443-458 The use of the risk-neutral probability measure has proved to be very powerful for computing the prices of contingent claims in the context of complete markets, or the prices of redundant securities when the assumption of complete markets is relaxed. We show here that many other probability measures can be defined in the same way to solve different asset-pricing problems, in particular option pricing. Moreover, these probability measure changes are in fact associated with numéraire changes; this feature, besides providing a financial interpretation, permits efficient selection of the numéraire appropriate for the pricing of a given contingent claim and also permits exhibition of the hedging portfolio, which is in many respects more important than the valuation itself. The key theorem of general numéraire change is illustrated by many examples, among which the extension to a stochastic interest rates framework of the Margrabe formula, Geske formula, etc. Commodities Eduardo Schwartz, James E. Smith. Short-Term Variations and Long-Term Dynamics in Commodity Prices . Management Science © 2000 INFORMS Vol. 46, No. 7, July 2000 pp. 893–911 In this article, we develop a two-factor model of commodity prices that allows mean-reversion in short-term prices and uncertainty in the equilibrium level to which prices revert. Although these two factors are not directly observable, they may be estimated from spot and futures prices. Intuitively, movements in prices for long-maturity futures contracts provide information about the equilibrium price level, and differences between the prices for the short- and long-term contracts provide information about short-term variations in prices. We show that, although this model does not explicitly consider changes in convenience yields over time, this short-term/long-term model is equivalent to the stochastic convenience yield model developed in Gibson and Schwartz (1990). We estimate the parameters of the model using prices for oil futures contracts and apply the model to some hypothetical oil-linked assets to demonstrate its use and some of its advantages over the Gibson-Schwartz model. Robert S. Pindyck. The Long-Run Evolution of Energy Prices . The Energy Journal . Vol. 20, No. 2 (1999), pp. 1-27 I examine the long-run behavior of oil, coal, and natural gas prices, using up to 127 years of data, and address the following questions: What does over a century of data tell us about the stochastic dynamics of price evolution, and how it should be modeled? Can models of reversion to stochastically fluctuating trend lines help us forecast prices over horizons of 20 years or more? And what do the answers to these questions tell us about investment decisions that are dependent on prices and their stochastic evolution? Eugene F. Fama, Kenneth R. French. Commodity Futures Prices: Some Evidence on Forecast Power, Premiums, and the Theory of Storage . The Journal of Business ; Vol. 60, No. 1 (Jan., 1987), pp. 55-73 We examine two models of commodities futures prices. The theory of storage explains the difference between contemporaneous futures and spot prices (the basis) in terms of interest changes, warehousing cost, and convenience yields. We find evidence of variation in the basis in response to both interest rates and seasonal convenience yields. The second model splits a futures price into an expected premium and a forcast of the maturity spot price. We find evidence of forecast power for 10 of 21 commodities and time-varying expected premiums for five commodities.",37,False,False,CC BY-SA 4.0,Stack Exchange Inc. - https://quant.stackexchange.com,2026-07-30 19:22:19
StackExchange - Quantitative Finance,934,What types of neural networks are most appropriate for trading?,"quant-trading-strategies, forecasting, high-frequency, machine-learning",What types of neural networks are most appropriate for forecasting returns? Can neural networks be the basis for a high-frequency trading strategy? Types of neural networks include: Radial Basis Function Networks Multilayer Perceptron (standard architecture) Convolutional Neural Networks Recurrent Neural Networks Q-learning Networks or Deep Reinforcement Learning What about advanced architectures such as: Convolutional LeNet-5 AlexNet Inception networks VGGNet ResNet Recurrent Bi-directional Attention Models,38,https://quant.stackexchange.com/questions/934/what-types-of-neural-networks-are-most-appropriate-for-trading,"I would say in the context of trading in general (for HFT see my comment above) further developments of recurrent neural networks (RNN), e.g. so called historical consistent neural networks (HCNN) together with forecasting ensembles, are state of the art. I published an article on that which will be published this month by Springer Verlag (Zimmermann, Grothmann, Tietz, von Jouanne-Diedrich: Market Modeling, Forecasting and Risk Analysis with Historical Consistent Neural Networks ) Just to give you an idea about the new paradigm here is a short excerpt: In this article, we present a new type of recurrent NN, called historical consistent neural network (HCNN). HCNNs allow the modeling of highly-interacting non-linear dynamical systems across multiple time scales. HCNNs do not draw any distinction between inputs and outputs, but model observables embedded in the dynamics of a large state space. [...] The RNN is used to model and forecast an open dynamic system using a non-linear regression approach. Many real-world technical and economic applications must however be seen in the context of large systems in which various (non-linear) dynamics interact with each other in time. Projected on a model, this means that we do not differentiate between inputs and outputs but speak about observables. Due to the partial observability of large systems, we need hidden states to be able to explain the dynamics of the observables. Observables and hidden variables should be treated by the model in the same manner. The term observables embraces the input and output variables (i. e. Yτ := (yτ , uτ )). If we are able to implement a model in which the dynamics of all of the observables can be described, we will be in a position to close the open system. ...and from the conclusion: The joint modeling of hidden and observed variables in large recurrent neural networks provides new prospects for planning and risk management. The ensemble approach based on HCNN offers an alternative approach to forecasting of future probability distributions. HCNNs give a perfect description of the dynamic of the observables in the past. However, the partial observability of the world results in a non-unique reconstruction of the hidden variables and thus, different future scenarios. Since the genuine development of the dynamic is unknown and all paths have the same probability, the average of the ensemble may be regarded as the best forecast, whereas the bandwidth of the distribution describes the market risk. Today, we use HCNN forecasts to predict prices for energy and precious metals to optimize the timing of procurement decisions. Work currently in progress concerns the analysis of the properties of the ensemble and the implementation of these concepts in practical risk management and ﬁnancial market applications. EDIT Parts of the paper can now be viewed publicly: Here",20,False,False,CC BY-SA 4.0,Stack Exchange Inc. - https://quant.stackexchange.com,2026-07-30 19:22:19
StackExchange - Quantitative Finance,946,What type of investor is willing to be short gamma?,"options, hedging, portfolio-management, greeks, investing","As far as I understand, most investors are willing to buy options (puts and calls) in order to limit their exposure to the market in case it moves against them. This is due to the fact that they are long gamma. Being short gamma would mean that the exposure to the underlying becomes more long as the underlying price drops and more short as the underlying price rises. Thus exposure gets higher with a P&L downturn and lower with a P&L upturn. Hence I wonder who is willing to be short gamma? Is it a bet on a low volatility? Also, for a market maker in the option market, writing (selling) an option means being short gamma, so if there is no counterparty willing to be short gamma, how are they going to hedge their gamma?",38,https://quant.stackexchange.com/questions/946/what-type-of-investor-is-willing-to-be-short-gamma,"Being short gamma simply means that you are short options regardless of whether they are puts or calls. The most common type of investor that is willing to be short gamma is someone who sells options, also known as a premium collector. These investors commonly use strategies such as short puts, covered calls, iron condors, vertical credit spreads, and a few others. These strategies are typically referred to as income generation strategies. They offer the investor a return known in advance, in exchange for the risk of being short options. Frequently these types of income trades have have a probability of success over 80%. Clearly there is significant risk associated with a probability of success that high, so approach with caution.",22,True,True,CC BY-SA 4.0,Stack Exchange Inc. - https://quant.stackexchange.com,2026-07-30 19:22:19
StackExchange - Quantitative Finance,14232,Strictly local martingales: what is the intuition behind them?,"stochastic-processes, simulations, martingale, sde, intuition","A process $X_t$ is a local martingale if there exists an increasing sequence of stopping times $\{\tau_k,k=1,2,...\}$ , with $\tau_k \to \infty$ almost surely, such that each stopped process is a martingale. All true martingales are local martingales, but the inverse is not true. A strict local martingale is a local martingale which is not a true martigale. In fact, a positive strict local martingale is a supermartingale -- i.e. the expectation decreases with horizon. In quant finance strictly local martingales have appeared as models which exhibit volatility induced stationarity or models that describe financial bubbles . All Ito processes desrcibed by a 'driftless SDE' are in fact local martingales, but not martingales (which is surprising to many). For example the familiar Geometric Brownian motion $$dX_t = X_t\ dW_t$$ is a local martingale and a true martingale, while the CEV model with exponent greater than one $$dY_t = Y_t^\alpha\ dW_t \text{ (for given }\alpha > 1\text{)}$$ is a local martingale but not a true martingale. In fact, starting from $Y_0$ the expectation $$E[Y_t|\mathcal{F}_0] < Y_0 \text{ (for all }t>0\text{)}$$ My question is on the intution behind their dynamics and paths: What are the qualitative features that break the martingality for such a process as $\alpha$ crosses 1? How do paths of strict local martingales look like (against true martingales)? They are not explosive, they are not hitting zero, and I cannot see anything particularly 'strange' or 'unusual' when I plot them. How come that even when I simulate this process (with Euler) I get a negative drift, even though I am adding up a finite number of Gaussians with zero mean (although strictly local martingales are only a continuous time phenomenon)? This blog post discusses these points, but I am looking for something more high level and (if possible) intuitive.",38,https://quant.stackexchange.com/questions/14232/strictly-local-martingales-what-is-the-intuition-behind-them,"I think to understand the martingale/local martingale distinction, it helps to bring in a third class of processes, the uniformly integrable martingale. I would argue that the local martingale and the non-uniformly integrable (true) martingale are actually fairly similar. The key property that a uniformly integrable martingale has is the so-called closure property. Let $M_t, 0 \leq t < \infty$ be a uniformly integrable (UI) martingale. Then $M$ has a last element $M_\infty$, and the extended process $M_t, 0 \leq t \leq \infty$ is a martingale, and you can compute $E[M_\infty | \mathcal{F}_t ]$ to get all intermediate values of the martingale. We know that if a martingale is not uniformly integrable, then this is not the case. One nice example is actually geometric brownian motion, which I'll call $X_t$. We know that almost surely as $t \rightarrow \infty, X_t \rightarrow 0$, although for all $t$ $E[X_t] = 1$. In the limit, as $t \rightarrow \infty$, the martingale loses its mass. This phenomenon is actually exactly the same thing that is happening with strict local martingales. Consider some function that maps the unit interval to the positive reals, like $f(x) = \tan x$. Consider the process $\widetilde{X}_t := X_{f(t)}, 0 \leq t \leq 1$. You will now note that on the unit interval $[0,1]$, $\widetilde{X}$ is a strict local martingale. The sequence of stopping times can just be taken to be deterministic numbers increasing to $1$. I hope this example shows how strict local martingales and non uniformly-integrable martingales are in effect the same thing. The crucial property is that their martingality does not extend to ""the closure of the time interval"". This happens because, somewhere, you have a set of random variables which is not uniformly integrable, and so in passing to the limit, you don't have continuity in $L^1$. To answer a couple other questions: What do paths look like I think my discussion above shows that there is really no difference between the local path behavior of a strict local martingale, and the local path behavior of a true martingale. The breakdown occurs in the limit. In fact, this is where the name comes from: locally, a local martingale does look like a martingale. Simulation When you simulate, you should get zero drift. In the limit is where the mass will be lost. It's hard to say, could there be any underflow when $Y$ is small?",18,False,False,CC BY-SA 4.0,Stack Exchange Inc. - https://quant.stackexchange.com,2026-07-30 19:22:19
StackExchange - Quantitative Finance,140,What are the popular methodologies to minimize data snooping?,"backtesting, strategy",Are there common procedures prior or posterior backtesting to ensure that a quantitative trading strategy has real predictive power and is not just one of the thing that has worked in the past by pure luck? Surely if we search long enough for working strategies we will end up finding one. Even in a walk forward approach that doesn't tell us anything about the strategy in itself. Some people talk about white's reality check but there are no consensus in that matter.,37,https://quant.stackexchange.com/questions/140/what-are-the-popular-methodologies-to-minimize-data-snooping,"Strictly speaking, data snooping is not the same as in-sample vs out-of-sample model selection and testing, but has to deal with sequential or multiple tests of hypothesis based on the same data set. To quote Halbert White: Data snooping occurs when a given set of data is used more than once for purposes of inference or model selection. When such data reuse occurs, there is always the possibility that any satisfactory results obtained may simply be due to chance rather than to any merit inherent in the methody yielding the results. Let me provide an example. Suppose that you have a time series of returns for a single asset, and that you have a large number of candidate model families. You fit each of these models, on a test data set, and then check the performance of the model prediction on a hold-out sample. If the number of models is high enough, there is a non-negligible probability that the predictions provided by one model will be considered good. This has nothing to do with bias-variance trade-offs. In fact, each model may have been fitted using cross-validation on the training set, or other in-sample criteria like AIC, BIC, Mallows etc. For examples of a typical protocol and criteria, check Ch.7 of Hastie-Friedman-Tibshirani's "" The Elements of Statistical Learning "". Rather the problem is that implicitly multiple tests of hypothesis are being run at the same time . Intuitively, the criterion to evaluate multiple models should be more stringent, and a naive approach would be to apply a Bonferroni correction . It turns out that this criterion is too stringent. That's where Benjamini-Hochberg , White , and Romano-Wolf kick in. They provide efficient criteria for model selection. The papers are too involved to describe here, but to get a sense of the problem, I recommend Benjamini-Hochberg first, which is both easier to read and truly seminal.",23,True,True,CC BY-SA 4.0,Stack Exchange Inc. - https://quant.stackexchange.com,2026-07-30 19:22:19
StackExchange - Quantitative Finance,303,Is F# used in trading systems?,programming,"Similar to this other question about Scala , I'm interested in knowing whether F# is used to any measurable degree in financial circles. Have there been any successful shops using it, any research on performance and viability?",37,https://quant.stackexchange.com/questions/303/is-f-used-in-trading-systems,"Credit Suisse has publicly stated that they use F# for some valuation tasks (which tend to be very parallelizable). Here's a link to a talk abstract from a Commercial Users of Functional Programming workshop: http://cufp.org/archive/2008/abstracts.html#MansellHoward I'm not sure if there's a video of the talk floating around or not. Since F# targets the .NET framework, it gives you a lot of flexibility in integrating other applications that might have been written in, say, C#.",24,False,False,CC BY-SA 4.0,Stack Exchange Inc. - https://quant.stackexchange.com,2026-07-30 19:22:19
StackExchange - Quantitative Finance,530,Digital Signal Processing in Trading,"trading, digital-signal-processing","There is a concept of trading or observing the market with signal processing originally created by John Ehler . He wrote three books about it. Cybernetic Analysis for Stocks and Futures Rocket Science for Traders MESA and Trading Market Cycles There are number of indicators and mathematical models that are widely accepted and used by some trading software (even MetaStock), like MAMA, Hilbert Transform, Fisher Transform (as substitutes of FFT), Homodyne Discriminator, Hilbert Sine Wave, Instant Trendline etc. invented by John Ehler. But that is it. I have never heard of anybody other than John Ehler studying in this area. Do you think that it is worth learning digital signal processing? After all, each transaction is a signal and bar charts are somewhat filtered form of these signals. Does it make sense?",37,https://quant.stackexchange.com/questions/530/digital-signal-processing-in-trading,"Wavelets are just one form of ""basis decomposition"". Wavelets in particular decompose in both frequency and time and thus are more useful than fourier or other purely-frequency based decompositions. There are other time-freq decompositions (for instance the HHT) which should be explored as well. Decomposition of a price series is useful in understanding the primary movement within a series. In general with a decomposition, the original signal is the sum its basis components (potentially with some scaling multiplier). The components range from the lowest frequency (a straight-line through the sample) to the highest frequency, a curve that oscillates with a frequency maximum approaching N / 2. How this is useful denoising a series determining the principal component of movement in the series determining pivots Denoising is accomplished by recomposing the series by summing up the components from the decomposition, less the last few highest frequency components. This denoised (or filtered) series, if chosen well, often gives a view on the core price process. Assuming continuation in the same direction, can be used to extropolate for a short period forward. As the timeseries ticks in real-time, one can look at how the denoised (or filtering) price process changes to determine whether a price movement in a different direction is significant or just noise. One of the keys, though, is determining how many levels of the decomposition to recompose in any given situation. Too few levels (low freq) will mean that the recomposed price series responds very slowly to events. Too many levels (high freq) will mean for fast response but , perhaps too much noise in some price regimes. Given that the market shifts between sideways movements and momentum movements, a filtering process needs to adjust to regime, becoming more or less sensitive to movements in projecting a curve. There are many ways to evaluate this, such looking at the power of the filtered series versus the power of the raw price series, targeting a certain % depending on regime. Assuming one has successfully employed wavelet or other decompositions to yield a smooth, appropriately reactive signal, can take the derivative and use to detect minima and maxima as the price series progresses. Problems One needs a basis that has ""good behavior"" at the endpoint so that the slope of the curve at the endpoint projects in an appropriate direction. The basis needs to provide consistent results at the endpoint as the timeseries ticks and not be positionally biased Unfortunately, I am not aware of any wavelet basis that avoids the above problems. There are some other bases that can be chosen that do better. Conclusion If you want to pursue Wavelets and build trading rules around them, expect to do a lot of research. You may also find that though the concept is good, you will need to explore other decomposition bases to get the desired behavior. I don't use decompositions for trade decisions, but I have found them useful in determining market regime and other backward looking measures.",34,True,True,CC BY-SA 4.0,Stack Exchange Inc. - https://quant.stackexchange.com,2026-07-30 19:22:19
StackExchange - Quantitative Finance,1392,Usage of NoSQL storage in Finance,"data, database","I am wondering if anyone has used NoSQL (mongodb, cassandra, etc.) to store and analyze data. I tried searching the web but was not able to see if the financial firms had gotten in to using nosql storage. So far even on this site i have only seen talks of using SQL DBs. I would imagine that NoSQL would be much faster. Would someone shed light on the subject of NoSQL solutions in the finance world. have you seen/heard anyone use it? if so why are they using. if not using then why not.",37,https://quant.stackexchange.com/questions/1392/usage-of-nosql-storage-in-finance,"Specialised NoSQL database systems are used a lot for time series storage, particularly for tick data: Kx / Kdb is one prominent solution; from Arthur Whitney et al who did A+ at Morgan Stanley Onetick is another, newer entrant, which has traces back to Goldman Sachs Voltdb is something by serial database inventer Michael Stonebreaker SciDB is another recent Stonebreaker project, trying 'commercial open source' but more for science apps (at least for now?) The commercial offerings tend to be rather expensive and I have not heard of use of standard Web 2.0 NoSQL databases in trading environments. Some may of course do rather than talk ...",22,False,False,CC BY-SA 4.0,Stack Exchange Inc. - https://quant.stackexchange.com,2026-07-30 19:22:19
StackExchange - Quantitative Finance,1895,Why do some anomalies persist while others fade away?,"equities, research, reference-request, anomalies","In their 1990 book, A Non-Random Walk Down Wall Street , Andrew Lo and Craig MacKinlay document a number of persistent predictable patterns in stock prices. One of these ""anomalies"" is variously known as lead-lag or serial cross-correlation, and it says that the returns of larger, more liquid stocks tend to lead the returns of less liquid small-capitalization stocks. Lo and MacKinlay showed that the degree of lag is greater than what could be explained by the lower trading frequency of small-cap stocks (nonsynchronous trading). A 2005 working paper by Toth and Kertesz claims to show that the lead-lag effect has ""vanished"" over the past 20 years. Meanwhile, other anomalies documented at the time, such as long-horizon overreaction (first documented by DeBondt and Thaler (1985) ), appears to be alive and well (see McLean (2010) ). Why do some anomalies persist even decades after they are discovered while others have seemingly been arbitraged away to nothingness? What is it about those anomalies that are still around so many years later that prevents them from being arbitraged away? Conversely, what is it about the short-lived anomalies that made them so fragile? Note: This post was inspired by a a blog post, Of Hurricanes and Economic Equilibrium , although I do not agree with the author's conclusions. Bounty update: As promised, I created a new bounty for RYogi's answer, which is ""exemplary and worthy of an additional bounty"". It will be awarded shortly, as the system requires some lag time until the bounty is awarded. Feel free to add your own up-votes to his answer in the mean time.",37,https://quant.stackexchange.com/questions/1895/why-do-some-anomalies-persist-while-others-fade-away,"A very conservative stand is to distinguish between anomalies and arbitrage opportunities . Roughly speaking, while an arbitrage opportunity is risk-free by definition, an anomaly allows for unaccounted risk factors. It is the magnitude of these unidentified risk factors that might determine the long term persistence of certain anomalies. A good starting point is the ""limits to arbitrage"" entry in Wikipedia . This literature has developed to cover several aspects. I can provide more references and examples if needed. EDIT : following Tal's comment, here are some more details. As a working definition of ""Anomaly"" I use: something which is not explained within a model . That something is usually expected returns. Typical examples: short run momentum, long run reversal, cross-industry momentum, value effect, post-earnings drift, and many other instances of unexplained predictability of returns The first comment is the model matters. Short run momentum (1) is an anomaly for the CAPM, but maybe not so much for Kyle's Model (Econometrica 85) sequential trading model. Resolving (1) within CAPM requires explaning why recent upward performance renders an asset riskier and more correlated with consumption. The second comment is that unexplained is a keyword in (6). There is nothing anomalous with outsized returns here, it is the risk-adjusted returns that should be inline with the risk free rate. The third comment is that anomalies are not the same as arbitrage opportunity. To classify as an arbitrage, a portfolio has to be costless and riskfree. While anomalies might look like arbitrage opportunities, they are not: arbitrage opportunities are a particular kind of anomalies. Therefore using ""arbitraged away"" when referring to anomalies is a misnomer and can create confusion. Back to the question: Why do some anomalies persist while others fade away? I see two additional explanations to the other answers provided: An anomaly that persists might have unexplained risk that distinguishes it from an arbitrage opportunity. For example: fleeting instances of mispricing across different trading venues might persist because of latency risk. An anomaly might persist because there are limits to arbitrage : arbitrageuers face borrowing constraints, computational constraints, attention constraints, informational constraints etc. Often the word constraints above can be replaced with costs, and the categories I listed overlap.",21,True,True,CC BY-SA 4.0,Stack Exchange Inc. - https://quant.stackexchange.com,2026-07-30 19:22:19
StackExchange - Quantitative Finance,2079,Skew arbitrage: How can you realize the skewness of the underlying?,"options, volatility, trading, hedging, option-strategies","It's not clear to me how to realize skewness. In other words, how do you implement skew arbitrage? There seems to be no well-known recipe like in volatility arbitrage . Volatility arbitrage (or vol arb) is a type of statistical arbitrage implemented by trading a delta neutral portfolio of an option and its underlier. The objective is to take advantage of differences between the implied volatility and a forecast of future realized volatility of the option's underlier. My hypothetical skew arbitrage definition: Skew arbitrage is a type of statistical arbitrage implemented by trading a delta and volatility neutral portfolio. The objective is to take advantage of differences between the implied skew and a forecast of future realized skew of the option's underlier. Is it possible to make such a skew-arb portfolio in practice? If I have great confidence in my skew forecast but not in my volatility forecast, I am tempted to engage in this type arbitrage. But again, this is just a hypothetical version of skew arbitrage. If you know a correct and more practical version, you are welcome to correct me! The same question but in a different voice: In practice, a skew bet is implemented through vertical spread, i.e. buying and selling options of different strikes. How do options traders hedge / realize the edge of the spread they trade that is indifferent to the underlying volatility?",37,https://quant.stackexchange.com/questions/2079/skew-arbitrage-how-can-you-realize-the-skewness-of-the-underlying,"Great question! I think the most useful starting point is Stock Return Characteristics, Skew Laws, and the Differential Pricing of Individual Equity Options by Bakshi, Kapadia and Madan (2003) . Their paper proposes a definition of model-free implied skewness (they originally called it risk-neutral skewness, but MFIS is more accurate), which they prove will have a P&L directly proportional to the realized skewness of the underlier. Subsequent papers (there are literally dozens) have thoroughly explored the properties of MFIS. In particular, Does Risk-Neutral Skewness Predict the Cross-Section of Equity Option Portfolio Returns? by Bali and Murray (2011) estimates the empirical average returns to delta-neutral and vega-neutral skewness portfolios, and they find a strong negative relation between implied risk-neutral skewness and the returns of a skewness portfolio, consistent with a positive skewness preference. By the way, there are two different concepts involved here. The first is options implied-volatility skew , which relates to the way volatility changes as a function of price (reflected in options as a function of strike price). The second is the skewness of the underlier, which is a property of the returns distribution. Since you talk about ""realizing skew,"" I believe you are referring to the second concept, which is the focus of BKM (2003).",19,True,True,CC BY-SA 4.0,Stack Exchange Inc. - https://quant.stackexchange.com,2026-07-30 19:22:19
StackExchange - Quantitative Finance,10359,Is there an intuitive explanation for the Feynman-Kac-Theorem?,"brownian-motion, differential-equations","The Feynman-Kac theorem states that for an Ito-process of the form $$dX_t = \mu(t, X_t)dt + \sigma(t, X_t)dW_t$$ there is a measurable function $g$ such that $$g_t(t,x) + g_x(t, x) \mu(t,x) + \frac{1}{2} g_{xx}(t,x)\sigma(t,x)^2 = 0$$ with an appropriate boundary condition $h$: $g(T,x) = h(x)$. We also know that $g(t,x)$ is of the form $$g(t,x)=\mathbb{E}\left[h(X_T) \big| X_t=x\right].$$ This means that I can price an option with payoff function $h(x)$ at $T$ by solving the differential equation without regard to the stochastic process. Is there an intuitive explanation how it is possible to model the stochastic behaviour of the Ito-process by a differential equation, even though the differential equation does not have a stochastic component?",37,https://quant.stackexchange.com/questions/10359/is-there-an-intuitive-explanation-for-the-feynman-kac-theorem,"Martingales + Markovian Here is the motivation. Conditional expectations are martingales by the tower property of conditional expectations (an easy exercise to show). Suppose $r=0$, by the risk neutral pricing theorem $E^\star\left[h(X_T)\bigg|\mathscr{F}_t,\,X_t=x\right]$ is the price of any derivative security with $X$ as the underlying asset and payoff function $h$ assuming for the moment that the underlying security and the derivative itself pay no intermediate cashflows. In a Markovian setting, it must be the case that the price of the derivative is a measurable function of the current asset price and the time to maturity only, say a function $g(t, x)$. Then, by Ito's lemma $d(g(t, x))=\ldots$. Because $g$ is a (shifted) martingale, the drift term must be equal to zero . The boundary condition comes from no arbitrage, see this by noticing what is $g(T, x)$ from the definition given at first (remember measurability when taking conditional expectation).",19,True,True,CC BY-SA 4.0,Stack Exchange Inc. - https://quant.stackexchange.com,2026-07-30 19:22:19
StackExchange - Quantitative Finance,1937,How to identify technical analysis chart patterns algorithmically?,"algorithm, technicals, indicator","I'm working on a small application that will provide some charts and graphs to be used for technical analysis. I'm new to TA but I'm wondering if there is a way to algorithmically identify the formation of certain patterns. In most of the TA literature I've read the authors explain how to identify these patterns visually. Is there a way to algorithmically determine these patterns so that I could, for example, examine the prices in code and identify a possible Head and Shoulders pattern?",36,https://quant.stackexchange.com/questions/1937/how-to-identify-technical-analysis-chart-patterns-algorithmically,"As mentioned elsewhere on this site, Lo, Mamaysky, and Wang (2000) do exactly what you're talking about, namely algorithmic detection of head and shoulders patterns. Their definition: Head-and-shoulders (HS) and inverted head-and-shoulders (IHS) patterns are characterized by a sequence of five consecutive local extrema $E_1,...,E_5$ such that $$ HS \equiv \begin{cases} E_1 \text{ is a maximum} \\ E_3 > E_1, E_3 > E_5 \\ E_1\text{ and }E_5\text{ are within 1.5 percent of their average} \\ E_2\text{ and }E_4\text{ are within 1.5 percent of their average,} \end{cases} $$ $$ IHS \equiv \begin{cases} E_1\text{ is a minimum} \\ E_3<E_1, E_3 < E_5 \\ E_1\text{ and }E_5\text{ are within 1.5 percent of their average} \\ E_2\text{ and }E_4\text{ are within 1.5 percent of their average.} \end{cases} $$",29,True,True,CC BY-SA 4.0,Stack Exchange Inc. - https://quant.stackexchange.com,2026-07-30 19:22:19
StackExchange - Quantitative Finance,2138,Is my trading strategy search methodology sound?,"trading, algorithmic-trading, machine-learning",I'm building an algorithmic trading business. I'd be grateful for informed comments and opinions on my trading strategy search methodology. Goal Develop (profitable!) fully automated intra-day trading strategies. Markets I'm focusing on FX futures and equity index futures on CME and LIFFE. Becuase: I know these markets best I can get roundtrip times of 10s ms Futures margin means big leverage for my small account Data I'm buying in Level 1 tickdata from the exchanges. I don't think level 2 data would add anything because I wont have low enough latency to make use of it. A typical contract might have 1M data points per day. Search Strategy I have a bias towards machine learning specifically SVM/R. My plan goes like this Choose an instrument and forecast horizon (5-120 seconds) Assembly a large stable of features e.g. Resampled lagged time series and returns Wavelet transform of the above Measures of information entropy Some indicators from Operators on Inhomogeneous Time Series (This is 11 years old now but I've yet to see anything that meaningfully expands on it) If can hold down the vomit some 'Traditional Technical Analysis' indicators Choose a subset of features with genetic search. The objective function is the MSE of the n-fold SVM cross validation Build the final SVM with the best parameter selection. Hope that the highest confidence predictions form the basis of a profitable trading strategy In your experience do you think a strategy developed like this can hope to make money on liquid equity index and FX futures? If not why not?,36,https://quant.stackexchange.com/questions/2138/is-my-trading-strategy-search-methodology-sound,"This is a very interesting question. I believe it is getting a lot of up-votes from people who have wondered the same thing and don't know where to begin, whereas you have at least laid out a reasonable-sounding plan. I commend you for that. However, it is not clear to me what you're trying to learn by posting this question. In my opinion, the plan you laid out seems like a reasonable start but, by itself, will not lead you to a profitable trading strategy. That is just my opinion, is there something else you'd like to know? The rest of my answer consists of further comments. If you haven't already, I recommend you read Ernest Chan's Quantitative Trading . He devotes an entire chapter to ""Fishing for Ideas: Where can we find good strategies?"" I should mention, however, that he is skeptical of your bias towards machine learning: At the risk of oversimplification, we can characterize artificial intelligence (AI) as trying to fit past data points into a function with many, many parameters. This is the case for some of the favorite tools of AI: neural networks, decision trees, and genetic algorithms. With many parameters, we can for sure capture small patterns that no human can see. But do these patterns persist? Or are they random noises that will never replay again? Experts in AI assure us that they have many safeguards against fitting the function to transient noise. And indeed, such tools have been very effective in consumer marketing and credit card fraud detection. Apparently, the patterns of consumers and thefts are quite consistent over time, allowing such AI algorithms to work even with a large number of parameters. However, from my experience, these safeguards work far less well in financial markets prediction, and overfitting to the noise in historical data remains a rampant problem. As a matter of fact, I have built financial predictive models based on many of these AI algorithms in the past. Every time a carefully constructed model that seems to work marvels in backtest came up, they inevitably performed miserably going forward. The main reason for this seems to be that the amount of statistically independent financial data is far more limited compared to the billions of independent consumer and credit transactions available. (You may think that there is a lot of tickby- tick financial data to mine, but such data is serially correlated and far from independent.) The primary reason I believe your plan is incomplete is that you haven't demonstrated an edge. All the techniques you mention, machine learning, inhomogeneous time series, wavelets, are not new. If you can demonstrate a novel yet useful way of combining these methods, then maybe you have something. But be aware that there is huge competition in FX and index equity futures, and it is extremely unlikely that no one has tried something along the lines of what you are trying. Also, just because you think you know a market best does not make it the best market for you. For that, I point you once again towards Chan's book. He points out that your strategy should match your working hours programming skills trading capital personal goals Think carefully about each of these. Note that prior knowledge of a given market is not on the list. That can be picked up relatively easily. In fact, given that you already mention you have a small account, I really see no reason for you to be in such liquid markets, particularly as getting the sort of ultra-low latency to beat other market participants in a market-making type strategy will take an investment of many $100k.",21,False,False,CC BY-SA 4.0,Stack Exchange Inc. - https://quant.stackexchange.com,2026-07-30 19:22:19
StackExchange - Quantitative Finance,4589,How to simulate stock prices with a Geometric Brownian Motion?,"equities, simulations, stochastic-processes, brownian-motion","I want to simulate stock price paths with different stochastic processes. I started with the famous geometric brownian motion. I simulated the values with the following formula: $$R_i=\frac{S_{i+1}-S_i}{S_i}=\mu \Delta t + \sigma \varphi \sqrt{\Delta t}$$ with: $\mu= $ sample mean $\sigma= $ sample volatility $\Delta t = $ 1 (1 day) $\varphi=$ normally distributed random number I used a short way of simulating: Simulate normally distributed random numbers with sample mean and sample standard deviation. Multiplicate this with the stock price, this gives the price increment. Calculate Sum of price increment and stock price and this gives the simulated stock price value. (This methodology can be found here ) So I thought I understood this, but now I found the following formula , which is also the geometric brownian motion: $$ S_t = S_0 \exp\left[\left(\mu - \frac{\sigma^2}{2}\right) t + \sigma W_t \right] $$ I do not understand the difference? What does the second formula says in comparison to the first? Should I have taken the second one? How should I simulate with the second formula?",36,https://quant.stackexchange.com/questions/4589/how-to-simulate-stock-prices-with-a-geometric-brownian-motion,"The way you do it in the first place is a discretization of the Geometric Brownian Motion (GBM) process. This method is most useful when you want to compute the path between $S_0$ and $S_t$, i.e. you want to know all the intermediary points $S_i$ for $0 \leq i \leq t$. The second equation is a closed form solution for the GBM given $S_0$. A simple mathematical proof showed that, if you know the initial point $S_0$ (which is $a$ in your equation), then the value of the process at time $t$ is given by your equation (which contains $W_t$, so $S_t$ is still random). However, this method will not tell you anything about the path. As mentioned in the comments below, you can also use the close form to simulate each step of the paths.",32,True,True,CC BY-SA 4.0,Stack Exchange Inc. - https://quant.stackexchange.com,2026-07-30 19:22:19
StackExchange - Quantitative Finance,139,Trading a synthetic replication of the VIX index,"vix, delta-neutral","One cannot directly buy and sell the VIX index. Theoretically, however, one could approximate the index by purchasing an at-the-money straddle on the SP500, then delta-hedging the straddle. Does anyone have experience with such a ""synthetic"" replication of the index? It might be very useful for betting on volatility or for spreads against the VIX futures (a sort of basis trade), but I can see potential problems if the replication is too inaccurate. (To anticipate your comments: I'm aware of the many VIX-related ETFs; but, no, I would not consider using them. I'm also aware that the VIX calculation uses other strikes beyond the ATM options; this proposed synthetic is admittedly an approximation.)",35,https://quant.stackexchange.com/questions/139/trading-a-synthetic-replication-of-the-vix-index,"A synthetic model for the VIX would be quite useful. I just mention this since it has been covered elsewhere in the past, although I don't think that it's a real solution to your problem (for a number of reasons). Several blogs posted on the ""William's VIX Fix"" (WVF) in the past: marketsci , trading the odds , mindmoneymarkets . The WVF is intended to be a synthetic VIX calculation, derived by Larry Williams (see the original article here ), and is represented by the following formula: $wvf = \frac{Highest(Close, 22) - Low}{Highest(Close, 22)} * 100$ In R, this can be represented as: wvf <- function(x, n=22) { hc <- as.xts(rollmax(as.zoo(Cl(x)), k=n, align=""right"")) 100*(hc-Lo(x))/hc } This has had a reasonable correlation to the VIX: from 1995-2010 it was +0.75:",19,True,True,CC BY-SA 4.0,Stack Exchange Inc. - https://quant.stackexchange.com,2026-07-30 19:22:19
StackExchange - Quantitative Finance,881,Good quant finance jokes,soft-question,"Have a good quant joke? Share it here. The principle ""should be of interest to quants"" trumps. I would be particularly keen to learn jokes which involve some nontrivial finance/mathematics. I am looking for jokes which make you laugh and think at the same time. This is a community wiki question: One quant joke or pun per answer please.",35,https://quant.stackexchange.com/questions/881/good-quant-finance-jokes,"Efficient Market Hypothesis Joke: ""There is an old joke, widely told among economists, about an economist strolling down the street with a companion when they come upon a 100 dollar bill lying on the ground. As the companion reaches down to pick it up, the economist says ‘Don’t bother — if it were a real 100 dollar bill, someone would have already picked it up’.”",39,False,False,CC BY-SA 4.0,Stack Exchange Inc. - https://quant.stackexchange.com,2026-07-30 19:22:19
StackExchange - Quantitative Finance,2360,What exactly is meant by &quot;microstructure noise&quot;?,"volatility, statistics, high-frequency, market-microstructure, high-frequency-estimators","I see that term tossed around a lot, in articles relating to HFT, and ultra high frequency data. It says at higher frequencies, smaller intervals, microstructure noise is very dominant. What is this microstructure noise that they refer to?",35,https://quant.stackexchange.com/questions/2360/what-exactly-is-meant-by-microstructure-noise,"The term has a different meaning to different people. to econometricians, microstructure noise is a disturbance that makes high frequency estimates of some parameters (e.g. realized volatility) very unstable. Generally this strand of the literature professes agnosticism as to the its origin; to market microstructure researchers, microstructure noise is a deviation from fundamental value that is induced by the characteristics of the market under consideration, e.g. bid-ask bounce, the discreteness of price change, latency, and asymmetric information of traders. The last example is frequently cited but I don't think it is accurate. Asymmetric information does not have to be a microstructure phenomena, although it can be partly driven by architectural properties of the market.",20,True,True,CC BY-SA 4.0,Stack Exchange Inc. - https://quant.stackexchange.com,2026-07-30 19:22:19
StackExchange - Quantitative Finance,2589,How to calculate historical intraday volatility?,"volatility, high-frequency, market-microstructure, tick-data, high-frequency-estimators","Sorry for what must be a beginner question, but when I went to write code I realized I didn't understand exactly how historical volatility, or statistical volatility, is defined. Wikipedia tells me ""volatility is the standard deviation of the instrument's logarithmic returns"", and logarithmic return is defined as $\ln\left(\frac{V_f}{V_i}\right)$, where $V_f$ is closing price and $V_i$ is opening price. If I want to calculate the volatility of a minute bar, from the raw ticks, do I just use the first and last tick in that minute? If I use first and last ticks in the minute (i.e. bar open/close), I will have a single logarithmic return, so s.d. of that one value will be 0. In an answer to this question , the intraday volatility chart is described as U-shaped. Exactly what sums do I need to do to generate that intraday volatility chart from the day's ticks? In R terms, is logarithmic return: #x is xts object containing ticks r = na.omit( lag(x)/x ) lnr = log(r) Background: I have a stream of ticks, and as I turn them into minute (and higher period) bars (using R's xts module) I also calculate the mean and s.d. Is the standard financial measure of volatility different from standard deviation? If not, can one be derived from the other? If the above definition of volatility is correct, my answer (based on eyeballing the plots, and on running cor) seems to be that they are really quite different; I'm still chewing over how that gels with the answers here .",35,https://quant.stackexchange.com/questions/2589/how-to-calculate-historical-intraday-volatility,"The expression you have is fine. But more generally, for the intraday volatility, I don't think there ""the correct definition"". More like, whatever works in the given context. I found the following notes by Almgren pretty useful: http://cims.nyu.edu/~almgren/timeseries/notes7.pdf",15,True,True,CC BY-SA 4.0,Stack Exchange Inc. - https://quant.stackexchange.com,2026-07-30 19:22:19
StackExchange - Quantitative Finance,6988,How do we use option price models (like Black-Scholes Model) to make money in practice?,"option-pricing, black-scholes, models","In quantitative finance, we know we have a lot of option price models such as geometric Brownian motion model (Black-Scholes models), stochastic volatility model (Heston), jump diffusion models and so on, my question is how can we use these models to make money in practice? My comments: Because we can read option price from the market, by these models (Black-Scholes), we can get the implied volatility, then we may use this implied volatility to compute other exotic option price, then we can make money by selling/buying this exotic option as a market maker, is this the only way to make money? For stocks, we know that if we have a better model to predict future stock prices, then we can make money, but for option, it seems that we didn't use these models to predict the future option prices? so how can we make money with these models?",35,https://quant.stackexchange.com/questions/6988/how-do-we-use-option-price-models-like-black-scholes-model-to-make-money-in-pr,"In general there are two basic ways to make money out of your option pricing models: Sell side (market maker, risk neutral): You use these models to calculate your greeks to hedge your portfolio, so that you live on the spread. Buy side (market/risk taker): You use your model to find mispriced options in the market and buy/sell accordingly. (A third possibility would be to write fancy books and papers about these models and get rich and/or tenure this way ;-)",40,True,True,CC BY-SA 4.0,Stack Exchange Inc. - https://quant.stackexchange.com,2026-07-30 19:22:19
StackExchange - Quantitative Finance,55239,Explaining the Risk Neutral Measure,"option-pricing, stochastic-processes, risk-neutral-measure, pricing, martingale",What is the Risk Neutral Measure? I don't believe this has been answered on the internet well and with all the parts connecting. So: What is the risk neutral measure/pricing? Why do we need it? How we calculate the risk neutral measure or probabilities in practice? What connection has risk neutral pricing to the drift of a SDE? Does this help with 3)?,35,https://quant.stackexchange.com/questions/55239/explaining-the-risk-neutral-measure,"Intro: Great answer given by Kevin. I would like to contribute an additional perspective. My experience with and my understanding of the Risk Neutral measure is entirely based on ""no arbitrage"" and ""replication / hedging"" arguments. The way I would like to explain this view is via the following three-step construction : (i) First, I want to build the intuition with a one-period discrete model: only a single stock and a risk-free account, no derivatives . The aim is to show that even without trying to price derivatives, one can create a mathematical object called a ""risk-neutral probability measure"", just by assuming no arbitrage in the model . (ii) I then want to show that pricing a derivative by replication of its payoff with the underlying instrument and the risk-free rate instrument is equivalent to taking the expectation of the derivative pay-off under the risk-neutral measure & discounting it . (iii) I then want to highlight that the discrete model converges to the well-known continuous Black-Scholes model . Part 1: Discrete single-period model: I assume that today's stock price is $S_0$ , and one period from now, the stock price can be $S_0 * u=S_u$ or $S_0 * d=S_d$ , with $u$ and $d$ being ""up"" and ""down"" multiplicative factors. I assume that the risk-free rate is $r$ . Without imposing some conditions on $u$ , $d$ and $r$ , there might be some arbitrage opportunities. If for example $e^r>u$ , I could short the stock at time $t_0$ and invest the proceeds $S_0$ into the risk-free account: in both future states at time $t_1$ , I could then buy the stock back for less than my proceeds $S_0e^r$ from the risk free (because $S_u$ and $S_d$ would both be less than $S_0e^r$ ). If, on the other hand, $e^r<d$ , I could borrow exactly $S_0$ money at $t_0$ to buy the stock, and in both future states of the world at time $t_1$ , the stock value would be higher than what I would have to repay ( $S_0e^r$ ): so there would be arbitrage again. Imposing $d \leq e^r \leq u$ , will ensure no arbitrage in the one-period model. Now I am going to perform the following algebraic manipulation: $$ S_0 = \frac{S_0(u-d)}{(u-d)}= \\= \frac{1}{e^r}\frac{S_0(u-d)e^r}{(u-d)}= \\ =\frac{1}{e^r}\frac{S_0(u-d)e^r+(S_0ud - S_0ud)}{(u-d)}=\\= \frac{1}{e^r}\left( \frac{S_0ue^r -(S_0ud)}{u-d} + \frac{-S_0de^r+(S_0ud)}{u-d} \right)=\\=\frac{1}{e^r}\left(S_0u \left( \frac{e^r -d}{u-d} \right) + S_0d \left(\frac{u-e^r}{u-d} \right) \right)$$ The no arbitrage condition $d \leq e^r \leq u$ will result in the following bounds: $$0 \leq \frac{e^r -d}{u-d} \leq 1$$ $$0 \leq \frac{u-e^r}{u-d} \leq 1$$ Furthermore: $$ \frac{e^r -d}{u-d} + \frac{u-e^r}{u-d} = 1 $$ Let's call $\frac{e^r -d}{u-d}:=p_u$ and $\frac{u-e^r}{u-d}:=p_d$ . In the one period model, the stock going up and the stock going down are two different states of the world, i.e. there is no ""intersection"" between these states in the probabilistic sense. Therefore $p_u$ and $p_d$ are additive over disjoint sets and they are within the zero-one range, therefore mathematically, these parameters qualify as a probability measure . Rewriting the algebraic manipulation above in terms of $p_u$ & $p_d$ yields the following: $$ S_0 = \frac{S_u p_u + S_d p_d}{e^r} = \frac{1}{e^r}\mathbb{E} [S_1] $$ Also notice that in the entire construction above, we did not talk about the probabilities of the stock going up or down. Every market participant might have his or her Bayesian view of the world with different probabilities assigned to the stock going up or down. But the risk-neutral measure is agreed upon by the market as a whole as a consequence of no arbitrage . This also brings up an interesting point: in my view, the risk neutral probabilities are probabilities only in the ""mathematical object"" sense. They do not actually represent ""likelihoods"", in the sense that we human beings like to interpret probabilistic events with. Part 2: Pricing derivatives: Let's assume we want to price a derivative on the stock with pay-off function $V(S_t)$ (could be a forward, option, whatever). The derivative pay-off in the two states will trivially be $V(S_u)$ and $V(S_d)$ . We have two states, two underlying instruments: let's try to replicate the derivative pay-off in both states ( $x$ is the number of stocks and $y$ is the amount invested in the risk-free account: I want to replicate the derivative pay-off in both states with $x$ stocks and $y$ risk-free investment): $$ (i) x S_u + ye^r = V(S_u) $$ $$ (ii) x S_d + ye^r = V(S_d) $$ Solving gives: $$ x = \frac{V(S_u)-V(S_d)}{S_0(u-d)} $$ $$ y = \frac{uV(S_d)-dV(S_u)}{(u-d)} \frac{1}{e^r} $$ Therefore the derivative price at time $t_0$ is the $x$ amount of the stock + $y$ amount invested in the risk-free account: $$ V(S_0,t_0) = x*S_0 + y*1 = \\ = \frac{V(S_u)-V(S_d)}{S_0(u-d)}*S_0 + \frac{uV(S_d)-dV(S_u)}{(u-d)} \frac{1}{e^r}*1$$ . The above evaluates to: $$\frac{1}{e^r}\left(V(S_u) \left( \frac{e^r -d}{u-d} \right) + V(S_d) \left(\frac{u-e^r}{u-d} \right) \right) $$ Notice that again we can write $\frac{e^r -d}{u-d}:=p_u$ and $\frac{u-e^r}{u-d}:=p_d$ , where notably $p_u$ and $p_d$ are the same as in Part 1 above, Therefore, instead of having to compute the replication portfolio weights $x$ and $y$ , the derivative can be priced as: $$ V(S_0,t_0) = \frac{1}{e^r}\left(V(S_u) p_u + V(S_d) p_d \right) = \\ = \frac{1}{e^r} \mathbb{E}[V(S_1,t_1)]$$ Hopefully, by now you can see where I am going with this: the risk-neutral measure pricing technique has the following features: (A) Is a consequence of no-arbitrage assumptions in the model (B) Taking the expectation of a derivative pay-off and discounting it to today is the equivalent of: computing ""replication portfolio"" weights at each time-step, and pricing the derivative using these replicating weights at time $t_0$ . Part 3: Continous-time models: Extending the one-period model leads to a multi-period ""binomial tree"" discrete model. Pricing a derivative on a multi-period tree would require working ""backwards"" from the terminal pay-off and computing the replicating portfolio pay-off at each node. Alternatively, the more convenient way is to use the risk-neutral expectation of the terminal pay-off and discounting it to ""today"": as that will produce the same result (as shown above) and will save us having to worry about the replicating portfolio weights. There are multiple papers online showing how the binomial tree model converges to the Black-Scholes formula when the number of steps tends to infinity as $\delta t$ tends to zero (for example a great paper by John Hull here or alternatively this paper here ). As a sketch, we can show that the multi-period Binomial model for the stock converges to the well-known continuous Geometric Brownian Motion (GBM) model (which in turn can be used to derive the Black-Scholes formula directly by applying the risk-neutral expectation to the option pay-off at maturity where the stock process is simulated with GBM). For the multi-period Binomial model, we have: $$S_n=S_0u^kd^{n-k}$$ with $k\sim Bin(n,p)$ . The ""Cox-Ross-Rubinstein"" parameters for ""up"" and ""down"" are then set as follows: $u:=e^{\eta\frac{T}{n}+\sqrt{\frac{T}{n}}\sigma}$ , $d:=e^{\eta\frac{T}{n}-\sqrt{\frac{T}{n}}\sigma}$ . It is well known that the Binomial distribution converges to Normal, in fact, using CLT, we get: $$\lim_{n\to\infty}k\xrightarrow{d}N(np,\sqrt{np(1-p)})$$ Going back to the equation for $S_n$ , taking a log and substituting for $u$ and $d$ , we get: $$ln \left( \frac{S_n}{S_0} \right) = k \left( 2 \sqrt{\frac{T}{n}} \sigma \right) + n\left(\eta \frac{T}{n}-\sqrt{\frac{T}{n}}\sigma\right)$$ Which gives: $$\mathbb{E}\left[ln \left( \frac{S_n}{S_0} \right)\right]=\sqrt{Tn}\sigma(2p-1)+\eta T$$ $$Var\left(ln \left( \frac{X_n}{X_0} \right) \right)=4T\sigma^2p(1-p))$$ So we see that: $$\lim_{n\to\infty}\left( \frac{X_n}{X_0} \right)\xrightarrow{d}N(\sqrt{Tn}\sigma(2p-1)+\eta T,2\sqrt{T}\sigma\sqrt{p(1-p))}$$ Taking $p=0.5$ , we get: $$\lim_{n\to\infty}ln\left(\frac{X_n}{X_0}\right)\xrightarrow{d} N\left(\eta T,\sigma \sqrt{T}\right)$$ If we now set $\eta:=\mu -0.5\sigma^2$ , we see that the discrete multiperiod Binomial model for the stock price converges exactly to the continuous Geometric-Brownian-Motion model in distribution . Another interesting fact to note is that the replicating weight of the stock in part 1, i.e. $x$ , converges to $N(d_1)$ , i.e. the instantaneous option Delta. I will conclude by producing the same summary as Kevin, but with the following additional comments: Summary Risk-neutral probability measures are artificial measures ( agreed ) made up of risk-aversion (SDF) and real-world probabilities ( disagree here : don't think risk-aversion comes into it. I see it as an artificial measure entirely created by assuming the existence of no-arbitrage and completeness). Derivatives can be priced relative to underlying assets. This hedging price can be computed as expectation with respect to the risk-neutral probability measure ( agreed ). Equivalent martingale measures are deeply related to the absence of arbitrage and completeness ( agreed : I would say they are not just deeply related to these, they are the consequence of these). The risk-neutral density can be estimated from observed market data ( agreed : i.e. twice differentiating the Implied Vol surface with respect to strike). The risk-neutral framework connects many different approaches to derivatives pricing",24,True,True,CC BY-SA 4.0,Stack Exchange Inc. - https://quant.stackexchange.com,2026-07-30 19:22:19
StackExchange - Quantitative Finance,235,Probability of touching,"option-pricing, probability","For a vanilla option, I know that the probability of the option expiring in the money is simply the delta of the option... but how would I calculate the probability, without doing monte carlo, of the underlying touching the strike at some time at or before maturity?",34,https://quant.stackexchange.com/questions/235/probability-of-touching,"There is a simple solution if there is no drift, as the probability $p(x,t)$ obeys a simple diffusion equation: $\mathrm{d}(p)/\mathrm{d}t = \frac{1}{2} \sigma^2 \frac{\mathrm{d}(\mathrm{d}(p))}{\mathrm{d}x^2}$, here $x$ is the price difference $\text{price}(t) - \text{price}(t=0)$. Of course there is a simple solution to the diffusion equation (using scaling as a method to solve the PDE): $$ p(x,t) = (4\pi \frac{\sigma^2}{2} t)^{-\frac{1}{2}} \text{e}^{(-x^2/(4 \frac{\sigma^2}{2} t) )} $$ to find the probability of hiting a barrier $x$ on or before $T$ simply ( :} ) integrate, $$ \text{prob of hitting ($t \le T$)} = \int\limits_{t=0}^{T} p(x,t)\mathrm{d}t $$",14,True,True,CC BY-SA 4.0,Stack Exchange Inc. - https://quant.stackexchange.com,2026-07-30 19:22:19
StackExchange - Quantitative Finance,569,What is a good broker for HFT?,"data, futures, high-frequency, broker, programming",Currently I trade trough IB. I run my HFT strategies (100 roundtrips per hour) but I think that latency is killing me and my profits are shrinking. I need the fastest possible brokers out there which meet the following requirements: Willing to deal with small accounts (50k). Hence lime is off the table. Has Java api (or it's easy to buy third party api for it) Can trade futures Offers colocation (US and EU) Offers data feed Can run on unix box,34,https://quant.stackexchange.com/questions/569/what-is-a-good-broker-for-hft,Look at Genesis Trading . Most of the sales guys there are kinda like used car salesmen but they will work with you. Starting up with 50K should not be a problem for them. The offer full depth of book feeds if you are colocated with them. They do offer DMA and you can specify all routing instructions for your orders rather than getting stuck on IBs router. You are not doing HFT but don't get discouraged. If your executions are not good and you are getting lots of slippage it may be due to IB.,17,True,True,CC BY-SA 4.0,Stack Exchange Inc. - https://quant.stackexchange.com,2026-07-30 19:22:19
StackExchange - Quantitative Finance,942,Any known bugs with Yahoo Finance adjusted close data ?,"data, equities, adjustments, yahoo","Yahoo Finance allows you to download tables of their daily historical stock price data. The data includes an adjusted closing price that I thought I might use to calculate daily log returns as a first step to other kinds of analyses. To calculate the adj. close you need to know all the splits and dividends, and ex-div and ex-split dates. If someone gets this wrong it should create some anomalous returns on the false vs. true ex dates. Has anyone seen any major problems in the adj. closing price data on Yahoo Finance?",34,https://quant.stackexchange.com/questions/942/any-known-bugs-with-yahoo-finance-adjusted-close-data,"Yahoo rounds the adjusted price to 2 decimals even though dividend amounts often have 3 decimal places. Since they apply the adjustment formula to adjusted prices, if you go far enough back in time, the value they give for Adjusted Price will be different than it would be if there were no rounding. edit: For example, for C (Citigroup), on January 2, 1990, Yahoo gives a close value of 29.37 and an Adjusted value of 1.50. Using the dividend data that Yahoo supplies, if they didn't round to cents on every adjustment, the adjusted value would be 1.677.",24,True,True,CC BY-SA 4.0,Stack Exchange Inc. - https://quant.stackexchange.com,2026-07-30 19:22:19
StackExchange - Quantitative Finance,14567,What is the Swap Curve?,"yield-curve, swaps, interest-rate-swap","What is the so-called Swap Curve, and how does it relate to the Zero Curve (or spot yield curve)? Does it only refer to a curve of swap rates versus maturities found in the market? Or is it a swap equivalent of a spot-yield curve constructed from bootstrapping a bond yield curve? The context of this question is set against a backdrop of a plethora of terminology (that seems to be used interchangeably). I am looking into how the so-called Zero Curve (or spot yield curve) is constructed in order to discount various IR derivatives (including swaps) when pricing them.",34,https://quant.stackexchange.com/questions/14567/what-is-the-swap-curve,"Garabedian, Typically, the ""swap curve"" refers to an x-y chart of par swap rates plotted against their time to maturity. This is typically called the ""par swap curve."" Your second question, ""how it relates to the zero curve,"" is very complex in the post-crisis world. I think it's helpful to start the discussion with a government bond yield curve to clarify some concepts and terminologies. Consider the US Treasury market, using the outstanding Treasury notes and bonds (nearly 300 of them...), we can either use bootstrapping or more sophisticated spline models to construct a ""fitted curve."" Since this yield curve represents bonds of identical credit risks (basically risk-free), the zero coupon curve, the discount curve, the forward curve, and the par yield curve are just different representations of the same thing and can be translated very easily from each other. For simplicity, I'll assume annual compounding: If you know the zero coupon rate $r_t$ for time $t$ , then the discount factor is $1 / (1 + r_t)^t$ . If you know the 1-year zero coupon rate $r_1$ and 2-year zero coupon rate $r_2$ , then you can compute the 1-year forward 1-year rate from $(1 + r_1)(1+f_{1,1})=(1+r_2)^2$ . You can also compute the 2-year par rate, just solve for $c$ from $$ \frac{c}{(1 + r_1)} + \frac{100 + c}{(1+r_2)^2} = 100. $$ Now let's return to the swap market. To be concrete, let's consider a 2-year USD par swap. This instrument has four fixed leg payment, and eight floating payment. The par swap rate is the fixed-leg interest rate that sets the present value of all the cash flows to 0. In other words, we'd solve for the $c$ in: $$ \sum_{i=1}^4 c \Delta_i d(T_i) = \sum_{j=1}^8 l_j \delta_j d(t_j), $$ where $d(t)$ is the discount factor for time $t$ , $\Delta_i$ and $\delta_i$ are year fractions, and $l_j$ 's are the 3M Libor forward rates. Before the financial crisis, it is assumed that the discount curve and the forward curve are both based on Libor. This simplifies things a lot – just build a Libor forward curve so that it reproduces libors, futures rates, and par swap rates, and you're done. In this framework, all the translations (from zero curve to par curve to forward curve, etc.) above are still valid. Unfortunately, the idea that Libor was the appropriate funding rate was completely invalidated during the crisis. In recent years, a common practice is to use the ""OIS discounting""-based ""multi-curve"" approach. In the equation above, the $l_i$ 's are still based on the 3M Libor forward curve, but the $d(t)$ 's should be discount factors fitted to overnight indexed swaps. Simply put, when you are building a swap curve, you now need to simultaneously calibrate both the OIS discount curve AND and Libor discount curve... Under this new paradigm, the simple translation that we used for government bonds above no longer works, since multiple curves are involved. But it gets worse, since 1M Libor and 3M Libor have different credit risks, you can't even do something like $(1 + \text{Libor}_{\rm 1M}/12)(1 + \text{Libor}_\text{1 month forward 2 month} / 6) = 1 + \text{Libor}_{\rm 3M} / 4$ ! Instead, you need to build separate 1M and 3M Libor forward curves to account for the tenor basis. As you can see, building a swap curve nowadays is a pretty involved task. What we now refer to as ""a"" swap curve is actually a collection of curves (OIS curve, 1M Libor, 3M Libor, 6M Libor, etc.) bundled together... There are numerous literature you can find on this topic just by googling ""multi-curve"". For example, http://developers.opengamma.com/quantitative-research/Multiple-Curve-Construction-OpenGamma.pdf",48,True,True,CC BY-SA 4.0,Stack Exchange Inc. - https://quant.stackexchange.com,2026-07-30 19:22:19
StackExchange - Quantitative Finance,148,What is the role of stochastic calculus in day-to-day trading?,"differential-equations, stochastic-calculus","I work with practical, day-to-day trading: just making money. One of my small clients recently hired a smart, new MFE. We discussed potential trading strategies for a long time. Finally, he expressed surprise that I never mentioned (much less used) stochastic calculus, which he spent many long hours studying in his MFE program. I use the products of stochastic calculus (e.g., the Black-Scholes equation) but not the calculus itself. Now I am wondering, does stochastic calculus play a role in day-to-day trading strategies? Am I under-utilizing a potentially valuable tool? If this client was a Wall Street investment bank that was making markets in complicated derivatives, I'm sure their research department would use stochastic calculus for modeling. But they're not, so I'm not sure how we would use stochastic calculus. ( Full disclosure: I have Masters degrees but not a PhD. I'm an applied mathematician, not a theoretician.)",33,https://quant.stackexchange.com/questions/148/what-is-the-role-of-stochastic-calculus-in-day-to-day-trading,"This is pure speculation: MFE's are really tailored toward valuation models (how can we develop a model to price x swap, etc.). You don't entirely have to worry about those details in order to trade them: you're just quoted a price based on these models. But if you go in-house at a bank and are working as a product quant (structured products, etc.), then you really need to worry about these things. Alternatively, it could be relevant to a trading strategy if you think that the current model is mispricing things and there's an arbitrage opportunity. This is why banks have put so much effort into having good models, and jump at opportunities for very minor improvements. This kind of behavior is documented in Derman's ""My Life as a Quant"" . Short of that, if you are simply trading an asset in order to gain a specific kind of exposure, stochastic calculus is not really used very much. As a final note, I would point to the draft of Steven Shreve's ""Stochastic Calculus and Finance"" as a free reference, if you're looking for one.",25,True,True,CC BY-SA 4.0,Stack Exchange Inc. - https://quant.stackexchange.com,2026-07-30 19:22:19
StackExchange - Quantitative Finance,522,Random matrix theory (RMT) in finance,"probability, mathematics, random-matrix-theory",The new kid on the block in finance seems to be random matrix theory. Although RMT as a theory is not so new (about 50 years) and was first used in quantum mechanics it being used in finance is a quite recent phenomenon. RMT in itself is a fascinating area of study concerning the eigenvalues of random matrices and finding laws that govern their distribution (a little bit like the central limit theorem for random variables). These laws show up in all kinds of areas (even in such arcane places like the spacings of the zeros of the Riemann-Zeta function in number theory) - and nobody really understands why... For a good first treatment see this non-technical article by Terence Tao . My question: Do you know (other) accessible intros to Random Matrix Theory - and its application in finance?,33,https://quant.stackexchange.com/questions/522/random-matrix-theory-rmt-in-finance,"Check out page 55 in ""Quantitative Equity Investing: Techniques and Strategies,"" Fabozzi et al. Section is titled ""Random Matrix Theory"" - very intro. The context pertains to the estimation of a large covariance matrix. Also, see work at Capital Fund Management, filed under: Random Matrix and Finance : correlations and portfolio optimisation",14,True,True,CC BY-SA 4.0,Stack Exchange Inc. - https://quant.stackexchange.com,2026-07-30 19:22:19
StackExchange - Quantitative Finance,613,What is the best data structure/implementation for representing a time series?,"data, time-series, market-data","I was wondering what is best practice for representing elements in a time series, especially with large amounts of data. The focus/context is in a back testing engine and comparing multiple series. It seems there are two options: 1) Using an integer index, or 2) Using a date-based index At the moment I am using dates, but this impacts on performance & memory usage in that I am using a hash table rather than an array, and it requires some overhead in iteration (either forward or backwards) as I have to determine the next/previous valid date before I can access it. However, it does let me aggregate data on the fly (e.g. building the ohlc for the previous week when looking at daily bars) and most importantly for me allows me to compare different series with certainty I am looking at the same date/time. If I am looking at an equity issue relative to a broader index, and say the broader index is missing a few bars for whatever reason, using an integer indexed array would mean I'm looking at future data for the broad index vs present data for the given security. I don't see how you could handle these situations unless you're using date/times. Using integer indexes would be a lot easier code wise, so I was just wondering what others are doing or if there is best practice with this.",33,https://quant.stackexchange.com/questions/613/what-is-the-best-data-structure-implementation-for-representing-a-time-series,"Representing time series (esp. tick data) using elaborate data structures may be not the best idea. You may want to try to use two arrays of the same length to store your time series. The first array stores values (e.g. price) and the second array stores time. Note that the second series is monotonically increasing (or at least non-decreasing), i.e. it's sorted. This property enables you to search it using the binary search algorithm. Once you get an index of a time of interest in the second array you also have the index of the relevant entry in the first array. If you wrap the two arrays and the search algorithm e.g. in a class you will have the whole implementation complexity hidden behind a simple interface.",27,True,True,CC BY-SA 4.0,Stack Exchange Inc. - https://quant.stackexchange.com,2026-07-30 19:22:19
StackExchange - Quantitative Finance,1102,Should Sharpe ratio be computed using log returns or relative returns?,"returns, sharpe-ratio","I am trying to reconcile some research with some published values of 'Sharpe ratio', and would like to know the 'standard' method for computing the same: Based on daily returns? Monthly? Weekly? Computed based on log returns or relative returns? How should the result be annualized (I can think of a wrong way to do it for relative returns, and hope it is not the standard)?",33,https://quant.stackexchange.com/questions/1102/should-sharpe-ratio-be-computed-using-log-returns-or-relative-returns,"I think this is a no-brainer. Only log-returns make sense. The average return can only be computed by averaging the sum of individual log returns. Taking the average of standard (relative) returns does not give you an average of the individual returns. Consider a simple case where the value of an investment alternates between 100 and 50 an odd number of times. The standard return series would be: -0.5, 1, -0.5, …1 (-50% and +100%). The average of that sum gives us 0.25 (25%) – nonsense for an investment whose final value is the same as what we started with. The log returns, on the other hand give us alternating log returns of -0.6931, +0.6931, whose average is 0. The difference between log returns and standard returns goes to zero as we shorten the period over which we evaluate the value of an investment: LN(P(n)/P(n-1)) is approximately equal to P(n)/P(n-1) – 1. Thus there would not be much difference between standard and log returns (and the computed Sharpe Ratio) if daily measurements were made. The scaling of that Sharpe Ratio from daily returns to annual returns is performed by the sqrt of the number of trade days (252), but that, of course assumes the return distribution is iid, which is not really the case. Andrew W. Lo has a nice paper that considers the scaling of the Sharpe ratio when the return series is correlated (""The Statistics of Sharpe Ratios"")",15,False,False,CC BY-SA 4.0,Stack Exchange Inc. - https://quant.stackexchange.com,2026-07-30 19:22:19
StackExchange - Quantitative Finance,3486,Exercising an American call option early,american-options,"I have seen the rationale behind why it is never optimal to exercise an American call option early, but have a question about it. If the option strike price is $E=\$20$ and it expires at $T=1yr$, if the share price is $S=\$25$ at expiry, the profit will be $\$5$ per share. However, what if at $T=0.5yr$ the share price was $S=\$40$ following a jump in the price. Exercising at this point would yield a profit of $\$20$ per share. Would it not be more optimal to exercise early, in this case?",33,https://quant.stackexchange.com/questions/3486/exercising-an-american-call-option-early,"Cases where exercising a call early makes sense: There is a dividend payment the next day that is >= the interest on the strike price + a put with the same strike and expiration. Exercise the call, buy the put, and sell a zero-coupon bond for (strike price + put price - dividend). The transaction has a net 0 cashflow at time 0 and at expiry you will be long a share of stock and have to pay the bond off. If the stock is less than the strike price, you can exercise your put to get the strike price. As long as the maturity value of the bond is <= the strike price, you are in a better or equal position to having held the option to maturity. You cannot short the stock or sell the option and believe it has peaked. If you believe that the stock has reached its highest point before the expiration date and you are unable to hedge by shorting the stock (including using a synthetic short), you should exercise early. Since you are giving up the implicit put (right to not buy if it is below strike), you must believe that the difference between the current price and the price at expiry is larger than the price to buy this put + the interest on the strike price. Note: this would also apply if you cannot short the stock or sell the option, or borrow at a good rate and are in dire need of money. The market is not efficient and you have an opportunity for arbitrage. There are a couple different ways this could happen, but if you can construct a series of purchases that give you risk free profit, congratulations, you have found a rare opportunity for arbitrage and should take advantage of it. You will lose the option. If the option is conditional on some external factor (eg. employment at a company), you should obviously exercise it before losing it, as long as it is in the money. The risk-free interest rate is negative. If for some strange reason, interest rates are negative, then the interest on the strike price is negative. If this is larger than the implicit put, buy the put and exercise the option. You wish to be (subtly) charitable to the seller of the call. If exercising early is disadvantageous to you and if it is a zero-sum game, then your loss will be their gain. You could subtly donate to them by exercising non-optimally. They can simply sell another call, which will more than pay for the money they owe you (or else you are in situation 3 above) and they have made money.",34,False,False,CC BY-SA 4.0,Stack Exchange Inc. - https://quant.stackexchange.com,2026-07-30 19:22:19
StackExchange - Quantitative Finance,18441,Have Goldman Sachs Quantitative Strategies Research Notes been published as a book or a comprehensive collection?,"volatility, research, hedging, quantitative","Back in the 90's, Goldman Sachs (publicly?) released a series called ""Quantitative Strategies Research Notes"" — mostly technical papers on topic. Emanuel Derman co-authored almost all of them. Some of them are available online: Regimes of Volatility Trading and Hedging Local Volatility How to Value and Hedge Options on Foreign Indexes Strike-Adjusted Spread The Local Volatility Surface But 15 more papers are apparently missing. Did anyone see them published, perhaps, as a book? Or just a comprehensive collection? References This is the latest list of the publications that I took from a late 1999 paper: Understanding Guaranteed Exchange-Rate Contracts In Foreign Stock Investments. Emanuel Derman, Piotr Karasinski and Jeffrey Wecker Valuing and Hedging Outperformance Options. Emanuel Derman Pay-On-Exercise Options. Emanuel Derman and Iraj Kani The Ins and Outs of Barrier Options. Emanuel Derman and Iraj Kani The Volatility Smile and Its Implied Tree. Emanuel Derman and Iraj Kani Static Options Replication. Emanuel Derman, Deniz Ergener and Iraj Kani Enhanced Numerical Methods for Options with Barriers. Emanuel Derman, Iraj Kani, Deniz Ergener and Indrajit Bardhan The Local Volatility Surface: Unlocking the Information in Index Option Prices. Emanuel Derman, Iraj Kani and Joseph Z. Zou Implied Trinomial Trees of the Volatility Smile. Emanuel Derman, Iraj Kani and Neil Chriss Model Risk. Emanuel Derman, Trading and Hedging Local Volatility. Iraj Kani, Emanuel Derman and Michael Kamal Investing in Volatility. Emanuel Derman, Michael Kamal, Iraj Kani, John McClure, Cyrus Pirasteh and Joseph Zou Is the Volatility Skew Fair? Emanuel Derman, Michael Kamal, Iraj Kani and Joseph Zou Stochastic Implied Trees: Arbitrage Pricing with Stochastic Term and Strike Structure of Volatility. Emanuel Derman and Iraj Kani The Patterns of Change in Implied Index Volatilities. Michael Kamal and Emanuel Derman Predicting the Response of Implied Volatility to Large Index Moves: An October 1997 S&P Case Study. Emanuel Derman and Joe Zou How to Value and Hedge Options on Foreign Indexes. Kresimir Demeterfi Regimes of Volatility: Some Observations on the Variation of S&P 500 Implied Volatilities. Emanuel Derman",33,https://quant.stackexchange.com/questions/18441/have-goldman-sachs-quantitative-strategies-research-notes-been-published-as-a-bo,Many of them are on my website at emanuelderman.com . Others I probably have anyway. Feel free to email me,36,True,True,CC BY-SA 4.0,Stack Exchange Inc. - https://quant.stackexchange.com,2026-07-30 19:22:19
StackExchange - Quantitative Finance,219,What is the intuition behind cointegration?,"time-series, statistics, cointegration, intuition","What is the intuition behind cointegration? What does the Dickey-Fuller test do to test for it? Ideally, a non-technical explanation would be appreciated. Say you need to explain it to an investor and justify why your pairs trading strategy should make him rich!",32,https://quant.stackexchange.com/questions/219/what-is-the-intuition-behind-cointegration,"The standard story (also told by @vonjd) is of ""The Drunk and Her Dog"". This is based on ""A Drunk and Her Dog: An Illustration of Cointegration and Error Correction"" (1994). The story is itself based on the standard illustration for a random walk known as the ""drunkard's walk"". The Dickey-Fuller test is used to check for a unit root . It can be used as part of the general Engle-Granger two-step method (although it isn't the only option). In this case, while the two assets themselves are not stationary, you are able to test if the residuals between a regression of the two assets is stationary . Most people prefer another approach, the Johansen test , which uses a VECM model. The intuition behind pairs trading is that two cointegrated instruments will follow the same long-run path (since they presumably have some common factor, such as they are both oil companies and are heavily influenced by the price of oil), and any deviations will ultimately return back to the mean. Needless to say, pairs trading (or any other form of statistical arbitrage) is still a risky endeavor, as should be clear by the performance of arbitrage funds.",35,True,True,CC BY-SA 4.0,Stack Exchange Inc. - https://quant.stackexchange.com,2026-07-30 19:22:19
StackExchange - Quantitative Finance,461,How should I store tick data?,"data, interactive-brokers","How should I store tick data? For example, if I have an IB trading account, how should I download and store the tick data directly to my computer? Which software should I use?",32,https://quant.stackexchange.com/questions/461/how-should-i-store-tick-data,"Using IBrokers from R is going to be the easiest route. A quick example of capturing data to disk would be: library(IBrokers) tws <- twsConnect() aapl.csv <- file(""AAPL.csv"", open=""w"") # run an infinite-loop ( <C-c> to break ) reqMktData(tws, twsSTK(""AAPL""), eventWrapper=eWrapper.MktData.CSV(1), file=aapl.csv) close(aapl.csv) close(tws) This will send CSV style output to disk. Additionally the data can be stored in xts objects within the loop which can be appended to/filled to provide a constant in-memory object to use for analytics. Objects can be shared with many tools - including using the RBerkeley package on CRAN to share objects with other programs with Berkeley DB bindings. This latter approach, if managed intelligently is very, very fast. Given the symbol limit of IB (100 concurrent more or less) and the 250ms updates - R can typically handle all of this without breaking a sweat (i.e. the JVM running IB's TWS or even IBGateway client is likely to be far surpassing the R/IBrokers process in terms of CPU usage). You can even extend the syntax above to record more than one symbol by passing a list of Contracts, increasing the number on the eWrapper, and making sure you have a suitable list of files to write to. In terms of something closer to long-term storage/access, the packages Josh referred to (mmap and indexing) are also very useful. I've given talks with some basic options data examples that are 3-4GB in size without derived columns (12GB total), and I can pull using R-style subsetting syntax any subset I need nearly instantly. e.g. finding 90k+ contracts for AAPL in 2009 (out of 70MM rows) took tens of milliseconds. All without keeping anything in RAM, and all running on a laptop with 2GB of RAM. I'll likely get some more presentation material for the latter packages put together soon, and will be giving some talk(s) at the upcoming R/Finance conference in Chicago. I am also planning on some public workshops through lemnica related to R and IB for 2011.",25,False,False,CC BY-SA 4.0,Stack Exchange Inc. - https://quant.stackexchange.com,2026-07-30 19:22:19
StackExchange - Quantitative Finance,2046,Excellent information source on advanced machine learning / data mining based trading?,"algorithmic-trading, machine-learning","I did check the related posts, like this one here . However, given if one already has knowledge in finance, machine learning and statistics, and wants to know something more advanced on machine learning based trading rather than the introductory. What would you recommend? I am looking for anything related: excellent books, research papers, posts, authors, as long as it is related to machine learning and trading in general, but the thing is, really looking for the sources with quality content rather than the ads sites.",32,https://quant.stackexchange.com/questions/2046/excellent-information-source-on-advanced-machine-learning-data-mining-based-tr,"Stanford University has a free online course in machine learning with video lectures, problem sets, and even a promise of online help with coursework from Stanford faculty. This course provides a broad introduction to machine learning, datamining, and statistical pattern recognition. Topics include: (i) Supervised learning (parametric/non-parametric algorithms, support vector machines, kernels, neural networks). (ii) Unsupervised learning (clustering, dimensionality reduction, recommender systems, deep learning). (iii) Best practices in machine learning (bias/variance theory; innovation process in machine learning and AI). (iv) Reinforcement learning. The course will also draw from numerous case studies and applications, so that you'll also learn how to apply learning algorithms to building smart robots (perception, control), text understanding (web search, anti-spam), computer vision, medical informatics, audio, database mining, and other areas. It does not appear as of yet that trading is one of the applications they intend to cover, but you never know...",18,False,False,CC BY-SA 4.0,Stack Exchange Inc. - https://quant.stackexchange.com,2026-07-30 19:22:19
StackExchange - Quantitative Finance,2707,How do you mix quantitative asset allocation with qualitative views?,asset-allocation,"Usually in asset allocation you have a quantitative approach (which can be from example mean-variance), but you (or you and your firm) also have a more qualitative approach given market-conditions, economic outlooks, or tactical indicators. Hence, you will eventually come up with 2 allocations, the ones strictly dictated by the numbers $w^*$ which is the result of your quantitative algorithm and the one you have in mind from your personal expectations $\bar{w}$. What are common the ways $f$ to mix them together such that $w=f(w^*,\bar{w})$ is your ""final"" allocation?",32,https://quant.stackexchange.com/questions/2707/how-do-you-mix-quantitative-asset-allocation-with-qualitative-views,"There are some cases where you can blend your portfolios using weights directly. One case involves corner portfolios . In this case a linear combination of weights is also efficient. Another case is where you can treat the two separate weights you have produced each as distinct portfolio under the assumption that the correlation between these portfolios is relatively stable. In this scenario, the problem reduces to a two-asset portfolio optimization problem (each asset is simply the linear combination of weights produced via your two methods). The other class of methods involves blending via the expected returns. If you arrived at the weights via a mean-variance utility optimization you can back-out the implied expected returns based on these weights and a risk aversion parameter. (Indeed, this is the approach Black-Litterman took to back-out the implied expected returns from a set of benchmark weights, and Jay Walters shows the simple linear algebra for this in the paper I cite below.) The approaches below require that you blend views on expected returns rather than weights. This is more natural since weights are product of some optimization (one might be short a security for hedging purposes despite having a positive expected return view for the security). Two sets of portfolio weights may each be on the efficient frontier but a generic convex blend of these two sets may be inefficient. To blend your qualitative scores with quantitative views in return space you can: Convert qualitative factors into quantitative scores . Grinold & Kahn discuss various techniques in Active Portfolio Management , 2nd ed. Check out the section ""Information Processing"". One straightforward technique is if you have a rating system such as ""Sell, Hold, Buy, Strong Buy"" then associate each rating with a dummy variable and build a linear (or non-linear) factor model including your quantitative forecasts as other factors. (Note: There is a more general question of ""signal weighting - how do I blend quantitative information efficiently?"" which might be worthy of another post.) OR Express qualitative views in the form of confidences via Black-Litterman (i.e. MSFT will rise more than APPL with 20% confidence). A Black-Litterman model - specifically the Idzorek variation which uses % confidences - is a good way to do this. Jay Walters has a nice reference paper on Black-Litterman here . Also there is a package in R called BLCop that you can toy with. The Black-Litterman model has been refined over the last several years. Read the papers from Wing Cheung (Nomura) on the ""Augmented Black-Litterman model"" if you want to see another explanation. His implementation is quite flexible as it supports generalized factor-view blending as well as other features. OR Yet a more general technique is Entropy-pooling . Whereas, Black-Litterman allows you to create views on expectations of asset performance (MSFT will return 8%), or relative views as in MSFT will-outperform APPL, you might have views on correlations, variance, views on the rankings of securities, or views on underlying risk-factors that are statistically related to your securities of interest. These views cannot be satisfied by the ""Pick Matrix""/Omega construction in Black-Litterman. In this case Atillio Meucci's implementation of Entropy-Pooling is the way to go. He has MATLAB code demonstrating the approach here . The Entropy Pooling framework applies to parametric or non-parametric problems. The non-parametric version of Entropy Pooling can handle scenarios which correspond to arbitrary probability distributions. Entropy pooling pooling will process a view with and update the probabilities for each scenario in a way that imposes the least amount of spurious structure on the original probabilities assigned to the scenarios. In this way Entropy pooling is perfectly Bayesian. Essentially you have a prior -- JxN panel of data furnished from historical data, a reference model, or a monte carlo simulation (J = number of scenarios; N = asset returns or risk factors -- anything you could take a view on.). This JxN panel ties to a vector 'p' of probabilities where one probability corresponds to each scenario. (If you are using historical data, the vector of probabilities could simply be 1/length(data), or exponentially weighted.) Then you can create a view which contains your current qualitative scores. These views are expressed as constraints on probabilities. So you can setup a constraint which is interpreted as ""Buy implies the security is in the top quantile of returns"". Or, perhaps you aren't sure exactly what the labels imply about expected returns but you believe it will be consistent with the prior. In this case you can assign the qualitative scores from the past to the historical empirical data (even if you only have partial coverage of the investment universe), and then create views consisting of your qualitative categorical assessments. The Entropy pooling procedure will generate a revised set of probabilities for each of the scenarios. You can then take expectations (probability weighted average) with the new probabilities for expected portfolio returns, expected security returns, correlations, etc. You would then proceed to optimization with you revised expectations on returns and risk.",37,True,True,CC BY-SA 4.0,Stack Exchange Inc. - https://quant.stackexchange.com,2026-07-30 19:22:19
StackExchange - Quantitative Finance,5981,What are the advantages/disadvantages of these approaches to deal with volatility surface?,volatility,"I would like to know if someone could provide a summarized view of the advantages and disadvantages of the approaches on the volatility surface issues, such as: Local vol Stochastic Vol (Heston/SVI) Parametrization (Carr and Wu approach)",32,https://quant.stackexchange.com/questions/5981/what-are-the-advantages-disadvantages-of-these-approaches-to-deal-with-volatilit,"The volatiltiy surface is just a representation of European option prices as a function of strike and maturity in a different ""unit"" - namely implied volatility (while the term implied volatility has to be made precise by the model used to convert prices (quotes) into implied volatilities - for example: we may consider log-normal vols and normal vols). Volatility is often preferred over prices, e.g., when considering interpolations of European option prices (although this may introduce difficulties like arbitrage violations, see, e.g., http://papers.ssrn.com/sol3/papers.cfm?abstract_id=1964634 ). A local volatility model can generate a perfect fit to the implied volatility surface via Dupire's formula as long as the given surface is arbitrage free. In other words: the model can calibrate to a surface of European option prices. Since this calibration is done by an analytic formula the calibration is exact and fast. Parametric models, like stochastic volatility models, usually are more difficult to calibrate to European option price. The formulas that are derived for calibration are usually more complex and often the model does not produce an exact fit. Obviously, the reason to use a stochastic volatility model (or parametric model) is not given by the need to calibrate to European options. The reason is to capture other effects of the model. An important effect to be considered is the forward volatility . Let $t=0$ denote today. Given the model is calibrated to the implied volatility surface. How does the volatility surface generated by the model look like in $t=t_1$ at state $S(t_1) = S_1$ ? The forward volatility will describe the option price conditional to a future point in time. It is important for ""Options on Options"" and ""Forward Start Options"". In other words: More exotic products depend on this feature. While European option only depend on the terminal distributions conditional to today, such a feature depends on the dynamics (conditional transition probabilities). In a local volatility model the forward volatility shows a possibly unrealistic behavior: it flattens out. The smile is vanishing. A stochastic volatility model can produce a more realistic forward volatility surface, where the smile is almost self similar.. Another aspect are sensitivities (hedge ratios): Using a local volatility model may imply a too rigid assumption on how the volatility surface depends on the spot. This then has implications on the calculation of sensitivities (greeks). Afaik, this was the main motivation to introduce the SABR model (which is a stochastic volatility model used to interpolate the implied volatility surface): to have a more realistic behavior w.r.t. Greeks). To summarize: Local Volatility Model : Advantage: Fast and exact calibration to the volatility surface. Suitable for products which only depend on terminal distribution of the underlying (no ""conditional properties""). Not suitable for more complex products which depend heavily on ""conditional properties"". Stochastic Volatility Model : Advantage: Can produce more realistic dynamics, e.g. forward volatility. Can produce more realistic hedge dynamics. Disadvantage: For products which depend only on terminal distributions the fit of the volatility surface may be too poor.",36,True,True,CC BY-SA 4.0,Stack Exchange Inc. - https://quant.stackexchange.com,2026-07-30 19:22:19
StackExchange - Quantitative Finance,20625,Performance of Open Source Time Series Database for Financial Market Data,"time-series, database","We would like to store financial tick data in a database (potentially billions of rows) and then create aggregated (open-high-low-close) bar data from it (e.g. 1min or 5min bars). It was mentioned to us that a NoSQL or time series database might be a good choice for this. Can anybody give any advice on which open source product might fit this requirement best. Note: query performance is very important for us. In our research we came across the following products (maybe there are more): InfluxDB OpenTSDB KairosDB MonnetDB We did run a test with InfluxDB with around 10 million ticks. Unfortunately the creation of 1min bars was 3-5 slower than with a relation database (i.e. MySQL). We are aware that KDB now offers a free 32-bit version, but unfortunately 32-bit will not be enough for our use case. Any advice is appreciated. EDIT (Sept 2015): We also did a test with OpenTSDB which seems to be quite fast. The import of 10 mio. prices took about one minute and the aggregation into 1 Min Bars took about 5 seconds. EDIT (Jan 2017): More than one year after the initial test we gave InfluxDB another try and it turns out that they have made huge progress in the meantime. Write performance is now up to 2 mio. data points per second (with version 1.2)! We have now decided to integrate InfluxDB into our own product AlgoTrader",32,https://quant.stackexchange.com/questions/20625/performance-of-open-source-time-series-database-for-financial-market-data,You could try Arctic . Other open source column-oriented databases that you may not have considered include LucidDB and C-Store.,15,False,False,CC BY-SA 4.0,Stack Exchange Inc. - https://quant.stackexchange.com,2026-07-30 19:22:19
StackExchange - Quantitative Finance,18,What is the difference between the methods for calculating VaR?,"risk, value-at-risk","There are three different commonly used Value at Risk (VaR) methods : Historical method Variance-Covariance Method Monte Carlo What is the difference between these approaches, and under what circumstances should each be used?",31,https://quant.stackexchange.com/questions/18/what-is-the-difference-between-the-methods-for-calculating-var,"There are many advantages and flaws to each quoted method by Shane(presuming that I understand them properly), the first one has the big main advantage that it doesn't need any evaluation of probability law, it is just some kind of evolved scenario re-playing ""as of"" today using the history of (usually) one day market evolutions over one or two year. So once you know how to evaluate your protfolio (no matter how complex it is) you have something that allows you to mechanically know your quantile and so your VaR. The problem with the method is that there are manny econometrics hypothesis that are actually hard to test for this kind of method to be trustworthy. Second ""Variance-Covariance"" I think that Shane means by this that risk factors returns obey multinomial normally distributed laws (or log-normally), once again the upside of method is its simlpicity once you econometrically estimate your VarCovar matrix. The truth is that unfortunately one day returns exhibit fat tails and asymmetry so those kind of laws aren't the best, this can though be partially overcome by using some other multinomial laws that are elliptic. Another thing you should keep in mind is that when you have a VaR indicator and a profolio that isn't rebalanced over a day, and when market becomes excited, then you expect (and your management) your VaR to go up even though nothing much has happened in your econometric estimation, so what you really want is then not a VaR which is unconditionnal but some conditionnal VaR and then you resort to some kind of overweighing the recent observations versus the old one (like EWMA methods). Then you get some indicator that is really ""alive"" instead of some indicator that takes a long time to adjust to market conditions. Let me now explain why I used the elliptic laws (multinomial Gaussain are part of this class), this is because with this assumption (If I remember well) then VaR requalifies as a true Risk Measure as defined by Artzner et al. (which is not true for genral probability laws has it lacks the subadditivity axiom). Another point, is when you have nonlinear positions in your protfolio such as options then what is usually done (and can be really wrong if not given sufficient attention) is that those position are Taylor derived at order one with respect to risk factors and then Linear VaR is calculated. You can extended your approximation to superior orders but if you have a lot of risk factors then the second derivative estimations are already an achievement, so what you do is that you stay linear and estimate periodically what is the error when quadratic terms are taken into account (or resort to MC methods). Finally, MC methods then they are efficient methods but very time consumming as you are trying to evaluate a Quantile id est a rare event and you then need to get a very large number of simulation to get something good, moreover it is not always clear which law is to be simulated. In particular in portfolios with derivatives, because it is quite tempting tu use Risk Neutral measure in your simulations but they have two differences over historical estimates, first the underlying model is usually calibrated to model risk factors over large period of times when you are only trying to get estimates over the next day so the underlying measures have different purposes. And second as you may know in theory the difference between Historical and Risk Neutral measures are hidden ""in the drift"" of the risk factor dynamics (well this is not true unless complete market is assumed but let's go with it) and over a day you can discard this difference with respect to the diffusion term which should be the same for both measures, it happens that almost always Risk Neutral Volatility (i.e. marekt calibrated volatilities) are higher than historical one (or realized ones). Well here are my two cents Best Regards",14,False,False,CC BY-SA 4.0,Stack Exchange Inc. - https://quant.stackexchange.com,2026-07-30 19:22:19
StackExchange - Quantitative Finance,44,What methods do you use to improve expected return estimates when constructing a portfolio in a mean-variance framework?,"modern-portfolio-theory, mean-variance, expected-return, estimation","One of the main problems when trying to apply mean-variance portfolio optimization in practice is its high input sensitivity. As can be seen in ( Chopra , 1993) using historical values to estimate returns expected in the future is a no-go, as the whole process tends to become error maximization rather than portfolio optimization . The primary emphasis should be on obtaining superior estimates of means , followed by good estimates of variances. In that case, what techniques do you use to improve those estimates ? Numerous methods can be found in the literature, but I'm interested in what's more widely adopted from a practical standpoint . Are there some popular approaches being used in the industry other than Black-Litterman model? Reference: Chopra, V. K. & Ziemba, W. T. The Effect of Errors in Means, Variances, and Covariances on Optimal Portfolio Choice . Journal of Portfolio Management , 19: 6-11, 1993.",31,https://quant.stackexchange.com/questions/44/what-methods-do-you-use-to-improve-expected-return-estimates-when-constructing-a,"Short of having a 'reasonable' predictive model for expected returns and the covariance matrix, there are a couple lines of attack. Shrinkage estimators (via Bayesian inference or Stein-class of estimators) Robust portfolio optimization Michaud's Resampled Efficient Frontier Imposing norm constraints on portfolio weights Naively, shrinkage methods 'shrink' (of course,no?) your estimates (arrived at using historical data), toward some global mean or some target. Within the mean-variance framework, you can use the shrinkage estimators, for both, the expected returns vector, as well as the covariance matrix. Jorion introduced application of a 'Bayes-Stein estimator' to portfolio analysis. Bradley & Efron have a paper on the James-Stein estimator. Alternatively, you can stick to the global minimum variance portfolio, which is less susceptible to estimation errors (in expected returns)), and use either the sample covariance matrix or a shrunk estimate. Robust portfolio optimization seems to be another way 'nicer' portfolios can be constructed. I haven't studied this in any detail, but there's a paper by Goldfarb & Iyengar. Michaud's Resampled Efficient Frontier is an application of Monte Carlo and bootstrap to addressing the uncertainty in the estimates. It is a way of 'averaging' out the frontier and it perhaps is best to read up Michaud's book or paper to know what they really have to say. Finally, there might be a way to directly impose constraints on the norm of the portfolio weight vector which would be equivalent to regularization in the statistical sense. Having said all that, having a good predictive model for E[r] and Sigma, is perhaps worth the effort. References: Jorion, Philippe, ""Bayes-Stein Estimation for Portfolio Analysis"", Journal of Financial and Quantitative Analysis, Vol. 21, No. 3, (September 1986), pp. 279-292. Philippe Jorion, ""Bayesian and CAPM estimators of the means: Implications for portfolio selection"", Journal of Banking & Finance, Volume 15, Issue 3, June 1991 Robert R. Grauer and Nils H. Hakansson, ""Stein and CAPM estimators of the means in asset allocation"", International Review of Financial Analysis, Volume 4, Issue 1, 1995, Pages 35-66 Donald Goldfarb, Garud Iyengar: ""Robust Portfolio Selection Problems"". Math. Oper. Res. 28(1): 1-38 (2003) Michaud, R. (1998). Efficient Assset Management: A Practial Guide to Stock Portfolio Optimization, Oxford University Press.",20,True,True,CC BY-SA 4.0,Stack Exchange Inc. - https://quant.stackexchange.com,2026-07-30 19:22:19
StackExchange - Quantitative Finance,332,Any research on how natural language processing can be used to forecast stocks?,"equities, forecasting, research, prediction, nlp","Is there any published research of decent quality linking news or unstructured information to asset returns? I know that Thomson Reuters offers its Machine Readable news (MRN), so somebody must use it. But I can't find much in the public domain.",31,https://quant.stackexchange.com/questions/332/any-research-on-how-natural-language-processing-can-be-used-to-forecast-stocks,"I know that I have seen things like this in the past. Wasn't there something recently that used Twitter? Here are a few recent papers as examples, although I will be brutally honest that I don't know if they speak to your decent quality requirement: ""Trading Strategies to Exploit Blog and News Sentiment"" (Zhang, Skiena 2010) ""The Predictive Power of Financial Blogs"" (Frisbee 2010) ""An analysis of verbs in financial news articles and their impact on stock price"" (Schumaker 2010)",21,True,True,CC BY-SA 4.0,Stack Exchange Inc. - https://quant.stackexchange.com,2026-07-30 19:22:19
StackExchange - Quantitative Finance,2579,Law of an integrated CIR Process as sum of Independent Random Variables,"stochastic-calculus, stochastic-volatility","It is known (see for example Joshi-Chan ""Fast and Accureate Long Stepping Simulation of the Heston SV Model"" available at SSRN) that for a CIR process defined as : $$dY_t= \kappa(\theta -Y_t)dt+ \omega \sqrt{Y_t}dW_t$$ $Y_0=Y$ together with a correct set of constraints on parameters' value. Then the law of $\int_0^T Y_t dt$ conditionaly on $Y_0,Y_T$ can be seen as the sum of three (rather complicated) independent random variables (see proposition 4 eq 2.10 in Joshi Chan article) NB : The original result is coming from Glassermann and Kim ""Gamma Expansion of the Heston Stochastic Volatility Model"" available at SSRN, but I'm more used to Joshi Chan's expression. So here is my question : Does the integrated CIR process itself by any chance has such a representation in the form of the sum of independent random variables ? PS: The Laplace transform has a known closed-form expression but I couldn't infer directly from this such a representation. Edit : As Tal has opened a bounty on this here is the Laplace transform of the integrated CIR process : $$\mathcal{L}\left\{\int_0^t Y_s ds\right\}(\lambda)=\mathbb{E}\left[e^{-\lambda\int_0^t Y_s ds}\right]=e^{-A_\lambda(t)-Y_0.G_\lambda(t)}$$ with $A_\lambda(t)=-\frac{2\kappa.\theta }{\omega^2}. \mathrm{Ln}\left[\frac{2\gamma.e^{(\gamma+\kappa).t/2}}{\gamma.(e^{t.\gamma}+1)+\kappa.(e^{t.\gamma}-1)}\right]$ and $G_\lambda(t)=\frac{2.\lambda.(e^{t.\gamma}-1)}{\gamma.(e^{t.\gamma}+1)+\kappa.(e^{t.\gamma}-1)} $ where $\gamma=\sqrt{\kappa^2+\omega^2.\lambda}$ This is coming from Chesnay, Jeanblanc-Picqué, Yor ""Mathematical Methods for Financial Markets"" Proposition 6.3.4.1 Best regards",31,https://quant.stackexchange.com/questions/2579/law-of-an-integrated-cir-process-as-sum-of-independent-random-variables,"Does the integrated CIR process itself by any chance has such a representation in the form of the sum of independent random variables? I think the answer to this is clearly ""no."" The CIR process is (as @DavidAddison points out in comments above) like an Ornstein-Uhlenbeck process. The mean-reverting property of the O-U (and the CIR) mean that the process is serially-correlated. Therefore, you would be hard-pressed to find a sum of independent random variables to represent $\int_0^T Y_t dt$ . To flesh this out more: we know the distribution of $Y_T$ if we are given only $Y_0$ . We can also find the distribution of $Y_{T/2}$ . However, $Y_{T/2}$ and $Y_T$ are not independent, they are correlated. Perhaps we could interpolate more frequently, since that will be needed to approximate the interval (numerically or taking a limit). If we interpolate more frequently, however, we run into the same problem: the samples are serially-correlated to one another. Thus the boxes we create to approximate our integral cannot be independent of one another. How, then, did Chan and Joshi (and Glasserman and Kim before them) decompose $\int_0^T Y_t dt$ ? By conditioning on $Y_0$ and $Y_T$ , they have a squared Ornstein-Uhlenbeck bridge. Just as with a Brownian bridge, that give them more information about the distribution of values in $(0,T)$ . In this case, that information is enough to write down the integrated CIR process as a sum of three independent variables (which are themselves sums of independent variables having different distributions). For more on this, Theorem 2.1 of Glasserman and Kim is informative (and has references to the decomposition which was originally proven by Pitman and Yor).",2,False,False,CC BY-SA 4.0,Stack Exchange Inc. - https://quant.stackexchange.com,2026-07-30 19:22:19
StackExchange - Quantitative Finance,4775,What are the best Journals &amp; Conferences in Quantitative Finance?,research,"What are some of the most prominent journals, conferences and publishing venues in Quantitative Finance research? Where can I find information more information about them? (e.g. impact factor and categorization by topic) I went to ArXiv and found this: http://arxiv.org/archive/q-fin , which is a good start, but I imagine that there are many other venues. For example, in other disciplines such as machine learning, optimization, NLP, computer vision, we have various well-established journals and conferences that researchers and people in academia follow and where we publish our work, e.g.: NIPS, CVPR, ICCV, PAMI, STOC, ICML, etc. Aré there any equivalent journals or conferences that cover applications of machine learning and optimization (i.e. mathematical programming) to finance?",31,https://quant.stackexchange.com/questions/4775/what-are-the-best-journals-conferences-in-quantitative-finance,"Though it is not an extensive list , this is what I know of. Other may add more. Journals Journal of Financial and Quantitative Analysis ( JFQA ) Risk Papers SSRN ARXIV Conferences quantcongresseurope More at Risk Website HPC and Wall Street GARP",11,True,True,CC BY-SA 4.0,Stack Exchange Inc. - https://quant.stackexchange.com,2026-07-30 19:22:19
StackExchange - Quantitative Finance,7377,Applications of Fourier theory in trading,"trading, high-frequency","What are fashionable applications of Fourier analysis in trading? I have heard vague ideas of applications in High Frequency Trading but can somebody provide an example, maybe a reference? Just for clarification: The approach to split up a stock price in its cosines and to apply this for forecasts or anything similar seems theoretically not justified as we can not assume the stock price to be periodic (outside of the period of observation). So I don't really mean such applications. Put differently: are there useful, theoretically valid applications of Fourier theory in trading? I am curious for any comments, thank you! EDIT: I am aware of (theoretically $100\%$ valid) applications in option pricing and calculation of risk measures in the context of Lévy processes (see e.g. here p.11 and following and references therein). This is well established, I guess. What I mean are applications in time series analysis. Sorry for any confusions.",31,https://quant.stackexchange.com/questions/7377/applications-of-fourier-theory-in-trading,"I can think of an application in options pricing. I came across the following paper a long time ago but think it explains FT very eloquently as applied to pricing options under BS: http://maxmatsuda.com/Papers/2004/Matsuda%20Intro%20FT%20Pricing.pdf The fun starts on page 112 but it relies on the 1998 paper by Madan and Carr. What I like about the paper is that it gives a thorough introduction to FT and only when the groundwork is set it applies it to option pricing. Not a bad approach vs many other papers which make a lot of assumption and assume the reader can jump right into it. Edit to reflect OP's clarification There was a question on SO (curious why there but nonetheless its there): https://stackoverflow.com/questions/4479463/using-fourier-analysis-for-time-series-prediction In the following couple papers I came across, some more applicable to engineering (signal processing) but I think you have to make very similar assumptions when applying those to financial time series analysis: http://www.le.ac.uk/users/dsgp1/SIGNALS/FIVESTAT.pdf http://www.le.ac.uk/users/dsgp1/SIGNALS/ECONSIGS.pdf http://people.ds.cam.ac.uk/pka24/Teaching/M310/M310_Spectral_Analysis_Philipp_Andres.PDF Applied to hft: https://editorialexpress.com/cgi-bin/conference/download.cgi?db_name=sce2007&paper_id=21 http://www.essex.ac.uk/ccfea/research/WorkingPapers/2008/GNC%20-%20Advanced%20Fourier%20Transforms.pdf (this one had some interesting reference attached to it, worth going through!)",17,True,True,CC BY-SA 4.0,Stack Exchange Inc. - https://quant.stackexchange.com,2026-07-30 19:22:19
StackExchange - Quantitative Finance,9911,Book on market microstructure,"market-microstructure, books","Can I get some recommendations for a book on market microstructure? I'm not looking for some author's questionable methods for trading, I'm just looking for a book that provides me with facts about how order books, closing auctions, order execution, etc. really works. I'm also NOT looking for the type of depth that a HFT would be interested in. I know that whole books can be written about the various plumbing of a particular exchange. I'm simply looking for a general overview of how exchanges work.",31,https://quant.stackexchange.com/questions/9911/book-on-market-microstructure,"I've not yet read it, but Lehalle's recent book is bound to be a goldmine of good micro-structure bits and pieces. Market Microstructure in Practice EDIT: I'm reading the book now, so far it's quite good.",21,True,True,CC BY-SA 4.0,Stack Exchange Inc. - https://quant.stackexchange.com,2026-07-30 19:22:19
StackExchange - Quantitative Finance,12767,Quantitative Math required for Market-making?,"equities, high-frequency, market-making, exchange","I understand there is an awful lot of Quantitative Math required for statistical arbitrage/algorithmic trading. However, would someone ""in the know"" be able to tell me whether there is less quantitative requirement for being a market-maker? My (simplistic) viewpoint on market making is you simply want to keep quoting, collect the exchange rebates and if you get hit on one side of the bidask spread you need to hedge that trade. Using this (admitedly simplistic) viewpoint, I got the impression there was far less PhD-level mathematics involved than stat arb/algo trading? I ask because myself and a group of friends are low-latency programmers and we are pondering whether we could realistically start up a small market-making business and utilise our low-latency experience. However, with our speciality on the technical side and no PhD mathematicians, we weren't sure how plausible it was. Assuming it was plausible would you suggest beginning with a smaller exchange/market? Straight equities vs index futures/options, does it matter? Any useful advice would be most welcome.",31,https://quant.stackexchange.com/questions/12767/quantitative-math-required-for-market-making,"Successful strategies in both areas can have the same math requirement. It just depends on the algorithm. PhD level mathematics is not a requirement in either area, despite the impression you may get from academic papers (note that a lot of these papers use math to build a sim market, which is completely dislocated from what a researcher needs to do). I feel that, if anyone is bogged down in esoteric math in either area, their strategy is about to break down . What you primarily need to be good at is data analysis and statistical modelling, and being able to come up with good ideas. Why do you guys think you will be successful without a research background? I have spoken to a few low-latency software engineers who hadn't had research exposure yet and I can give a 100% guarantee that they would not have made a cent if they were out on their own and had to build strategies. Trading is an actual profession and an actual skillset that is not as simple as ""adjusting your quotes around the inside levels"". Academic papers aren't going to help with strategy either (I haven't read something that would make money yet). In summary, you should not be concerned about a lack of math ability (my position still applies if half you guys are math PhDs), you should be concerned about a lack of trading ability.",16,True,True,CC BY-SA 4.0,Stack Exchange Inc. - https://quant.stackexchange.com,2026-07-30 19:22:19
StackExchange - Quantitative Finance,16730,Correctly applying GARCH in Python,"volatility, garch, python","Problem: Correct usage of GARCH(1,1) Aim of research: Forecasting volatility/variance. Tools used: Python Instrument: SPX (specifically adjusted close prices) Reference material: On Estimation of GARCH Models with an Application to Nordea Stock Prices (Chao Li, 2007) Note: I have checked almost all the Quant.SE posts discussing GARCH, but I have not seen any of them with the approximate nature of what I'm asking. Description: I am doing a personal research of the historical volatility of stock prices when I came upon the concept of volatility forecasting. Naturally, this piqued my interest. I landed on the abovementioned reference material. After a couple of reads, I decided to see if my understanding of the application of GARCH(1,1) is correct and if I can get any insight into using it when investigating historical volatility. For this, I'll be using SPX prices, and the bt , pandas , and arch libraries in Python. My initial programming steps are as follows. In [1]: import pandas as pd ...: import bt ...: import arch ...: In [2]: df = bt.get('SPX', start='1990-01-01') In [3]: df.head() Out[3]: spx Date 1990-01-02 359.69 1990-01-03 358.76 1990-01-04 355.67 1990-01-05 352.20 1990-01-08 353.79 In [4]: df['pct_change'] = df['spx'].pct_change().dropna() ...: df['stdev21'] = pd.rolling_std(df['pct_change'], 21) ...: df['hvol21'] = df['stdev21']*(252**0.5) # Annualize. ...: df['variance'] = df['hvol21']**2 ...: df = df.dropna() # Remove rows with blank cells. ...: df.head() Out[4]: spx pct_change stdev21 hvol21 variance Date 1990-03-02 335.54 0.008415 0.007304 0.115946 0.013443 1990-03-05 333.74 -0.005364 0.007425 0.117863 0.013892 1990-03-06 337.93 0.012555 0.007770 0.123344 0.015214 1990-03-07 336.95 -0.002900 0.007804 0.123889 0.015348 1990-03-08 340.27 0.009853 0.007855 0.124689 0.015547 The above is pretty simple. Now, I'll use the GARCH function provided by the arch Python module to get omega , beta , and alpha . In [5]: returns = df['pct_change'] * 100 ...: am = arch.arch_model(returns) ...: res = am.fit(iter=5) ...: res.params Iteration: 5, Func. Count: 39, Neg. LLF: 8447.41751792 Iteration: 10, Func. Count: 74, Neg. LLF: 8443.32521758 Optimization terminated successfully. (Exit mode 0) Current function value: 8443.31731767 Iterations: 12 Function evaluations: 86 Gradient evaluations: 12 Out[5]: mu 0.058224 omega 0.011511 alpha[1] 0.079411 beta[1] 0.911240 Name: params, dtype: float64 Following the formula $\sigma_t^2 = \omega + \alpha_1{a^2}_{t-1} + \beta_1{\sigma^2}_{t-1}$, I execute the following code. In [6]: df['C'] = res.params['omega'] ...: df['B'] = df['variance'] * res.params['beta[1]'] ...: df['A'] = (df['pct_change']**2) * res.params['alpha[1]'] ...: df['forecast_var'] = df.loc[:,'C':'A'].sum(axis=1) ...: df['forecast_vol'] = df['forecast_var']**0.5 ...: df.head() ...: Out[6]: spx pct_change stdev21 hvol21 variance C \ Date 1990-03-02 335.54 0.008415 0.007304 0.115946 0.013443 0.011511 1990-03-05 333.74 -0.005364 0.007425 0.117863 0.013892 0.011511 1990-03-06 337.93 0.012555 0.007770 0.123344 0.015214 0.011511 1990-03-07 336.95 -0.002900 0.007804 0.123889 0.015348 0.011511 1990-03-08 340.27 0.009853 0.007855 0.124689 0.015547 0.011511 B A forecast_var forecast_vol Date 1990-03-02 0.012250 0.000006 0.023767 0.154165 1990-03-05 0.012659 0.000002 0.024172 0.155474 1990-03-06 0.013863 0.000013 0.025387 0.159333 1990-03-07 0.013986 0.000001 0.025498 0.159681 1990-03-08 0.014167 0.000008 0.025686 0.160269 Now I arrive at a forecasted volatility value. My questions are as follows: In codeblock [5] , this was used: returns = df['pct_change'] * 100 . I arbitrarily took this on face value as it's the way I've seen returns used in GARCH calculations. However, in the initial calculations of variance , I never did need to multiply the pct_change column by 100. Do I keep it or should I feed the pct_change column as is to the function? If I feed pct_change column to the function as is, the values of omega , beta , and alpha become considerably smaller, which brings down the forecast_var and forecast_vol values down by one order of magnitude. Obviously the shift in precision causes problematic comparison between my historical volatility values and my forecasted volatility values. How can I resolve this? Should I be using a different approach altogether? Kindly point out as well any glaring errors I might have missed or any missing logic",31,https://quant.stackexchange.com/questions/16730/correctly-applying-garch-in-python,"It doesn't matter if you use *100 or just pct_change, as long as you are consistent. However, in practice, due to underlying floating point numerical instabilities in the underlying optimization algorithms/default tolerances used in scipy/arch, having the returns expressed in %, i.e. multiplied by 100, will have a better chance of converging during the fitting of the model. The mistakes start at In[6]. Once the model is fitted, you can obtain the forecast conditional volatilities at res.conditional_volatility, which you need to annualize, i.e. multiply by sqrt(252). Note that in the GARCH formula a(t-1) is the model residual, which you can find in res.residual. It is not the pct_change**2. To arrive at the residual from pct_change, you have to work backwards in the equations. But this has already been done for you in res.resid Anyway, the correct formula in In[6] for forecast_vol should be: 0.01 * np.sqrt(res.params['omega'] + res.params['alpha[1]'] * res.resid**2 + res.conditional_volatility**2 * res.params['beta[1]']) ^^ Here you are forecasting the instantaneous volatility for the NEXT day. Multiplying with 0.01 to take care of the earlier multiplication of daily return (pct_change) by 100 I hope this clarifies things a bit.",15,True,True,CC BY-SA 4.0,Stack Exchange Inc. - https://quant.stackexchange.com,2026-07-30 19:22:19
StackExchange - Quantitative Finance,26,Local Volatility vs. Stochastic Volatility,"volatility, stochastic-volatility, local-volatility",Are there any empirical observations or practices when to prefer Local Volatility Model for pricing over Stochastic Model or vice versa?,30,https://quant.stackexchange.com/questions/26/local-volatility-vs-stochastic-volatility,"There is another reason why Stoc Vol Models should be usually preferred to Local Vol Models, this reason is explained in the Hagan et al. paper ""Managing Smile Risk"" about SABR process and is in simple terms the fact that ""smile dynamics"" is poorly predicted by local vol models leading to bad Hedging of exotic options. Anyway Local Vol models have the good feature to be ""arbitrage free"" (at the begining) and I think that some link between both approach can be achieved by Markovian Projection Method.for this you can have a look at V. Piterbarg's paper on the subject and the references therein. Regards",19,True,True,CC BY-SA 4.0,Stack Exchange Inc. - https://quant.stackexchange.com,2026-07-30 19:22:19
StackExchange - Quantitative Finance,183,What is a stationary process?,"time-series, stochastic-processes, stochastic-calculus, stationarity, terminology","How do you explain what a stationary process is? In the first place, what is meant by process , and then what does the process have to be like so it can be called stationary ?",30,https://quant.stackexchange.com/questions/183/what-is-a-stationary-process,"A stationary process is one where the mean and variance don't change over time. This is technically ""second order stationarity"" or ""weak stationarity"", but it is also commonly the meaning when seen in literature. In first order stationarity, the distribution of $(X_{t+1}, ..., X_{t+k})$ is the same as $(X_{1}, ..., X_{k})$ for all values of $(t, k)$. You can see whether a series is stationary through it's autocorrelation function (ACF): $\rho_k = Corr(X_t, X_{t-k})$. When the ACF of the time series is slowly decreasing, this is an indication that the mean is not stationary; conversely, a stationary series should converge on zero quickly. For instance, white noise is stationary, while a random walk is not. We can simulate these distributions easily in R ( from a prior answer of mine ): op <- par(mfrow = c(2,2), mar = .5 + c(0,0,0,0)) N <- 500 # Simulate a Gaussian noise process y1 <- rnorm(N) # Turn it into integrated noise (a random walk) y2 <- cumsum(y1) plot(ts(y1), xlab="""", ylab="""", main="""", axes=F); box() plot(ts(y2), xlab="""", ylab="""", main="""", axes=F); box() acf(y1, xlab="""", ylab="""", main="""", axes=F); box() acf(y2, xlab="""", ylab="""", main="""", axes=F); box() par(op) Which ends up looking somewhat like this: If a time series varies over time, it is possible to make it stationary through a number of different techniques.",27,True,True,CC BY-SA 4.0,Stack Exchange Inc. - https://quant.stackexchange.com,2026-07-30 19:22:19
StackExchange - Quantitative Finance,422,Training set of tick-by-tick data?,data,"I'm looking to find a free source of tick by tick data (<1sec) for training purposes. It doesn't need to be longer than a day, and I don't care what instrument, or exchange, or time it is. I just want real numbers with a high frequency. Is such a data set freely available?",30,https://quant.stackexchange.com/questions/422/training-set-of-tick-by-tick-data,"You could try some of tier-2 exchanges which often give data away for free to drum up interest and hence trading volume in their product. You will not get SP500, 10-year note, Crude Oil, Gold, ... futures for free on a tick-by-tick basis simply ... because with per-trade fees down, sales of data are the main revenue for exchanges as sternly noted in the media coverage of this week's exchange mergers.",15,False,False,CC BY-SA 4.0,Stack Exchange Inc. - https://quant.stackexchange.com,2026-07-30 19:22:19
StackExchange - Quantitative Finance,955,Separating the wheat from the chaff: What quant methods separate skillful managers from lucky ones?,performance-evaluation,"Fund managers are acting in a highly stochastic environment. What methods do you know to systematically separate skillful fund managers from those that were just lucky? Every idea, reference, paper is welcome! Thank you!",30,https://quant.stackexchange.com/questions/955/separating-the-wheat-from-the-chaff-what-quant-methods-separate-skillful-manage,"Larry Harris has a chapter on performance evaluation in Trading and Exchanges . He states that over a long period of time, a skilled asset manager will consistently have excess returns whereas a lucky one will be expected to have random and unpredictable returns. Thus, we start with the portfolio's market-adjusted return standard deviation: \begin{equation} \sigma_{adj} = \sqrt{\sigma^2_{port} + \sigma^2_{mk} - 2\rho\sigma_{port}\sigma_{mk}} \end{equation} where $\rho$ is the correlation between the market and portfolio returns. For a sample size $n$ (generally number of years), the average excess returns, and the adjusted standard deviation from above, we have a t-statistic : \begin{equation} t = \frac{\overline{R_{port}} - \overline{R_{mk}}}{\frac{\sigma_{adj}}{\sqrt{n}}} \end{equation} Now we can simply determine the probability that the manager's excess returns were luck by plugging this t-statistic into the t-distribution 's PDF with degrees-of-freedom $n - 1$. The lower the probability, the more we can believe the manager's excess returns were from skill.",30,True,True,CC BY-SA 4.0,Stack Exchange Inc. - https://quant.stackexchange.com,2026-07-30 19:22:19
StackExchange - Quantitative Finance,1685,Why do high frequency traders use rapidly cancelled limit orders?,"high-frequency, market-making","In reading about the various practices and strategies of high frequency traders, one of the most mysterious to me is ""fleeting orders,"" or orders that are cancelled almost immediately after they are sent (see Hasbrouck and Saar (2011) ). Why do HFTs use these orders? Some of those trying to explain the practice claim it gives HFTs an informational advantage. How? What information do they get and how do they use it? Update I am hoping for someone with actual experience in HFT to answer and verify some of the hypotheses laid out by academics. In particular, one hypothesis is that rapidly cancelled limit orders bring forth market orders on the other side, which are then executed at a less favorable price also placed by the HFT. In other words, HFTs are gaming the system to exploit sub-optimal behavior by slower traders. Is there any evidence of this still occurring, now that the practice of fleeting orders is widespread and well known? This explanation would also imply that it is relatively simple to avoid being taken advantage of, thus weakening the policy implications. Is there some reason that slower traders prefer sending market orders only after seeing a limit order meeting their price target?",30,https://quant.stackexchange.com/questions/1685/why-do-high-frequency-traders-use-rapidly-cancelled-limit-orders,"All HFTs are event driven. In the most basic sense, they have some model that is a function of order book events. For every order book event the model calculates some micro price that is the HFTs perceived fair value. This is often a function of the current bid, ask, depth, last n trade prices, inventory, etc. Given the most up to date view of fair value, the HFT will be adjust orders in the market. As you can imagine, the rate of events for order book data is very high. This results in a very high scratch rate (cancel to fill ratio) because the HFT is adjusting their orders at a rate similar (but not equal to) the event arrival rate for a given stock. The likelihood that there are shenanigans going on is non-zero. However, the use of said shenanigans is not wide spread, IMO.",21,True,True,CC BY-SA 4.0,Stack Exchange Inc. - https://quant.stackexchange.com,2026-07-30 19:22:19
StackExchange - Quantitative Finance,3607,Should I use an arithmetic or a geometric calculation for the Sharpe Ratio?,"statistics, returns, sharpe-ratio, calculation",What are the advantages/disadvantages of using the arithmetic Sharpe Ratio vs the geometric Sharpe Ratio? Is one more correct? Or is one better in certain circumstances?,30,https://quant.stackexchange.com/questions/3607/should-i-use-an-arithmetic-or-a-geometric-calculation-for-the-sharpe-ratio,"In addition to John's answer and just to make things clear: The arithmetic mean is given by $$\mu_a = \frac{1}{n} \sum_{i=1}^n x_i$$ The geometric mean is given by $$\mu_g = \sqrt[n]{\prod_{i=1}^n (1+x_i)} -1$$ And we have that $$\mu_g \leq \mu_a$$ So not only would the geometric sharp ratio be taking into account the ""actual"" return of the portfolio, but it is also a more conservative measure.",15,False,False,CC BY-SA 4.0,Stack Exchange Inc. - https://quant.stackexchange.com,2026-07-30 19:22:19
StackExchange - Quantitative Finance,7402,how to derive yield curve from interest rate swap?,"interest-rates, swaps, yield-curve, interest-rate-swap, irs","According to some textbooks, to derive the yield curve, quote overnight to 1 week: rates from interbank money market deposit, 1 month to 1 year: LIBOR; 1 year to 7 years: Interest Rate Swap; 7 years above: government bond. I'm a bit lost here: how can an IRS rate be used to derive yield curve? Yield rate is the discount rate, if $ yield (5 years) = 4.1 \% $ , it means the NPV of 1 dollar 5 years later is $ NPV ( 1 dollar, 5 years) = 1/[(1+4.1\%)^5] = 0.818 $. While interest rate swap is a contract among to legs. Assume a 5 years' IRS contract is leg A pays fixed rate to B @ 8.5%, while A receives floating rate @ LIBOR +1.5% leg B pays floating rate to A @ LIBOR +1.5%, B receives fixed rate@ 8.5%. , how could this swap contract help deriving the 5 years' yield rate?",30,https://quant.stackexchange.com/questions/7402/how-to-derive-yield-curve-from-interest-rate-swap,"You should take a look at the example from Hull's book. Assume that the 6-month, 12-month, 18-month zero rates are 4%, 4.5%, and 4.8%, respectively. Suppose we know that the 2-year swap rate is 5%, which implies that a 2-year bond with a semiannual coupon of 5% per annum sells for par: $$2.5 e^{-0.04 \bullet 0.5} + 2.5 e^{-0.045 \bullet 1.0} + 2.5 e^{-0.048 \bullet 1.5} + 102.5 e^{-2 \bullet R} = 100 \; . $$ Solving for $R$ above gives a 2-year zero rate $R$ of 4.953%. We can keep going to compute the 3-year zero rates, etc.",11,True,True,CC BY-SA 4.0,Stack Exchange Inc. - https://quant.stackexchange.com,2026-07-30 19:22:19
StackExchange - Quantitative Finance,40778,Is there a relationship between Risk Neutral Pricing framework and Nash Equilibria?,"option-pricing, risk-neutral-measure, utility-theory, numeraire, game-theory","Based on the Fundamental Theorem of Asset Pricing, the risk neutral price of a contingent claim on an asset in a liquid, arbitrage free market can be determined by switching to an equivalent $Q-$ measure: $$P(t,T)=E^{Q}_t [D(t,T)g(S(T))],$$ where $P(t,T)$ is the risk neutral price at time $t$, $S(t)$ is the asset process, $g(.)$ is the contingent claim and $D(t,T)$ the discount process. My question (admittedly a bit vague): Is there an an equivalent interpretation of this framework from the game theory point of view which yields the ""risk neutral price"" as some sort of equilibrium strategy of the market participants?",30,https://quant.stackexchange.com/questions/40778/is-there-a-relationship-between-risk-neutral-pricing-framework-and-nash-equilibr,"Risk-Neutral Pricing as a Game-Theoretic Equilibrium The risk-neutral pricing framework from the Fundamental Theorem of Asset Pricing can be interpreted using game theory , where market participants act strategically to reach an equilibrium price. Market as a Game: Players: Investors : Optimize portfolios based on expected returns and risk. Market Makers : Provide liquidity and balance order flows. Arbitrageurs : Eliminate arbitrage opportunities to ensure market efficiency. Strategies: Investors : Choose asset allocations. Market Makers : Set bid-ask spreads and hedge positions. Arbitrageurs : Exploit price discrepancies. Equilibrium Concept: Nash Equilibrium : Derivative prices reach a state where no player can benefit by changing their strategy unilaterally. This is similar to the absence of arbitrage, where prices reflect all available information. Risk-Neutral Measure $( \mathbb{Q} )$ : It acts as a probability measure where expected returns equal the risk-free rate. This measure is consistent with equilibrium pricing and reflects market consensus, ensuring no arbitrage opportunities exist. Interpretation: Efficiency : The risk-neutral measure represents market efficiency, where prices are aligned to prevent arbitrage. Equilibrium Strategy : The risk-neutral price is an equilibrium strategy, aligning with rational expectations where market participants price risk consistently. Conclusion: In this game-theoretic perspective, the risk-neutral pricing mechanism is akin to a Nash equilibrium in a strategic game among market participants, leading to efficient, arbitrage-free pricing of derivatives.",2,False,False,CC BY-SA 4.0,Stack Exchange Inc. - https://quant.stackexchange.com,2026-07-30 19:22:19
StackExchange - Quantitative Finance,43,Is there a standard model for market impact?,"market-impact, models","Is there a standard model for market impact? I am interested in the case of high-volume equities sold in the US, during market hours, but would be interested in any pointers.",29,https://quant.stackexchange.com/questions/43/is-there-a-standard-model-for-market-impact,"There is a family of models that is so commonly used among practitioners that it can be almost regarded as standard. For a survey, check out Rob Almgren's entry in the Encyclopedia of Quantitative Finance. Check out also Barra, Axioma and Northfield's handbooks. In general, the impact term per unit traded currency is of the form $$MI \propto \sigma_n \cdot \text{(participation rate)}^\beta$$ where the exponent is somewhere between 1/2 and 1, depending on the model being used, and the participation rate is the percentage of total volume of the trade, during the trading interval itself. When including the total MI in optimization, the models commonly used are the ""3/2"" model and the ""5/3"" model, in which the costs are proportional to (dollar value being traded for asset i)^{3/2, 5/3}. Since the term is not quadratic (and not solvable by a quadratic optimizer) some people approximate it by a linear term plus a quadratic one, or by a piece-wise linear convex function.",28,True,True,CC BY-SA 4.0,Stack Exchange Inc. - https://quant.stackexchange.com,2026-07-30 19:22:19
StackExchange - Quantitative Finance,84,Transformation from the Black-Scholes differential equation to the diffusion equation - and back,"black-scholes, differential-equations","I know the derivation of the Black-Scholes differential equation and I understand (most of) the solution of the diffusion equation. What I am missing is the transformation from the Black-Scholes differential equation to the diffusion equation (with all the conditions) and back to the original problem. All the transformations I have seen so far are not very clear or technically demanding (at least by my standards). My question: Could you provide me references for a very easily understood, step-by-step solution?",29,https://quant.stackexchange.com/questions/84/transformation-from-the-black-scholes-differential-equation-to-the-diffusion-equ,"One starts with the Black-Scholes equation $$\frac{\partial C}{\partial t}+\frac{1}{2}\sigma^2S^2\frac{\partial^2 C}{\partial S^2}+ rS\frac{\partial C}{\partial S}-rC=0,\qquad\qquad\qquad\qquad\qquad(1)$$ supplemented with the terminal and boundary conditions (in the case of a European call) $$C(S,T)=\max(S-K,0),\qquad\qquad\qquad\qquad\qquad\qquad\qquad\qquad(2)$$ $$C(0,t)=0,\qquad C(S,t)\sim S\ \mbox{ as } S\to\infty.\qquad\qquad\qquad\qquad\qquad\qquad$$ The option value $C(S,t)$ is defined over the domain $0< S < \infty$, $0\leq t\leq T$. Step 1. The equation can be rewritten in the equivalent form $$\frac{\partial C}{\partial t}+\frac{1}{2}\sigma^2\left(S\frac{\partial }{\partial S}\right)^2C+\left(r-\frac{1}{2}\sigma^2\right)S\frac{\partial C}{\partial S}-rC=0.$$ The change of independent variables $$S=e^y,\qquad t=T-\tau$$ results in $$S\frac{\partial }{\partial S}\to\frac{\partial}{\partial y},\qquad \frac{\partial}{\partial t}\to - \frac{\partial}{\partial \tau},$$ so one gets the constant coefficient equation $$\frac{\partial C}{\partial \tau}-\frac{1}{2}\sigma^2\frac{\partial^2 C}{\partial y^2}-\left(r-\frac{1}{2}\sigma^2\right)\frac{\partial C}{\partial y}+rC=0.\qquad\qquad\qquad(3)$$ Step 2. If we replace $C(y,\tau)$ in equation (3) with $u=e^{r\tau}C$, we will obtain that $$\frac{\partial u}{\partial \tau}-\frac{1}{2}\sigma^2\frac{\partial^2 u}{\partial y^2}-\left(r-\frac{1}{2}\sigma^2\right)\frac{\partial u}{\partial y}=0.$$ Step 3. Finally, the substitution $x=y+(r-\sigma^2/2)\tau$ allows us to eliminate the first order term and to reduce the preceding equation to the form $$\frac{\partial u}{\partial \tau}=\frac{1}{2}\sigma^2\frac{\partial^2 u}{\partial x^2}$$ which is the standard heat equation . The function $u(x,\tau)$ is defined for $-\infty < x < \infty$, $0\leq\tau\leq T$. The terminal condition (2) turns into the initial condition $$u(x,0)=u_0(x)=\max(e^{\frac{1}{2}(a+1)x}-e^{\frac{1}{2}(a-1)x},0),$$ where $a=2r/\sigma^2$. The solution of the heat equation is given by the well-known formula $$u(x,\tau)=\frac{1}{\sigma\sqrt{2\pi \tau}}\int_{-\infty}^{\infty} u_0(s)\exp\left(-\frac{(x-s)^2}{2\sigma^2 \tau}\right)ds.$$ Now, if we evaluate the integral with our specific function $u_0$ and return to the old variables $(x,\tau,u)\to(S,t,C)$, we will arrive at the usual Black–Merton-Scholes formula for the value of a European call. The details of the calculation can be found e.g. in The Mathematics of Financial Derivatives by Wilmott, Howison, and Dewynne (see Section 5.4).",40,True,True,CC BY-SA 4.0,Stack Exchange Inc. - https://quant.stackexchange.com,2026-07-30 19:22:19
StackExchange - Quantitative Finance,134,Who has introduced the term &#39;vega&#39; and why?,"options, greeks, history, terminology","The sensitivity of the option value $V$ to volatility $\sigma$ (a.k.a. vega) is different from the other greeks. It is a derivative with respect to a parameter and not a variable. To quote from Paul Wilmott On Quantitative Finance (Wiley, 2nd edition, p. 127): It’s not even Greek. Among other things it is an American car, a star (Alpha Lyrae), the real name of Zorro, there are a couple of 16th century Spanish authors called Vega, an Op art painting by Vasarely and a character in the computer game ‘Street Fighter.’ And who could forget Vincent, and his brother? Question. Does anyone know who has suggested to use the term vega for $\frac{\partial V}{\partial\sigma}$ and why it was named this way?",29,https://quant.stackexchange.com/questions/134/who-has-introduced-the-term-vega-and-why,"I dusted off my oldest option theory books and searched the indexes for ""vega"". The oldest reference I found was in Option Volatility and Pricing Strategies (1st ed.) by Sheldon Natenberg, copyright 1988. When discussing the sensitivity of prices to volatility (p. 132), he says, [T]here is no single commonly accepted term for this number. It is sometimes referred to as vega, kappa, omega, zeta or sigma prime. Continuing, he adds (p. 134), Because several computer services popular among traders use the term vega, we will also use this term to refer to an option's change in theoretical value with respect to a change in volatility. At the time, a popular option pricing service was the Schwartzatron (yes, that was the name), later purchased by Reuters. I have a dim memory that it used the term ""vega"". Natenberg may have been referring to that service, maybe some other. That's the oldest reference I can find. Perhaps someone can find an older one. (PS - I still don't have a clue why they called it ""vega"".)",17,True,True,CC BY-SA 4.0,Stack Exchange Inc. - https://quant.stackexchange.com,2026-07-30 19:22:19
StackExchange - Quantitative Finance,1004,How are cryptography and speech recognition technology applied to forecasting financial markets?,"quant-trading-strategies, research, forecasting, machine-learning","One of the answers to my previous question regarding the strategy of Renaissance Technologies , there was a reference to The Quants: How a New Breed of Math Whizzes Conquered Wall Street and Nearly Destroyed It . After doing some browsing in the book I found that it states that Renaissance Technologies obviously very successfully employs cryptography and speech recognition technology for forecasting financial time series. Do you know of any good papers (or other references) where the use of either of these technologies in connection with finance is shown?",29,https://quant.stackexchange.com/questions/1004/how-are-cryptography-and-speech-recognition-technology-applied-to-forecasting-fi,"By ""cryptography"" you mean information theory. Information theory is useful for portfolio optimization and for optimally allocating capital between trading strategies (a problem which is not well addressed by other theoretical frameworks.) See: --- J. L. Kelly, Jr., ""A New Interpretation of Information Rate,"" Bell System Technical Journal, Vol. 35, July 1956, pp. 917-26 --- E. T. Jaynes, Probability Theory: The Logic of Science http://amzn.to/dtcySD --- http://en.wikipedia.org/wiki/Gambling_and_information_theory http://en.wikipedia.org/wiki/Kelly_criterion In the simple case, you would use ""The Kelly Rule"". More complicated information theory based strategies for allocating capital between trading strategies take into account correlations between the performance of trading strategies and the relationship between market conditions and strategy performance. As for Natural Language Processing and speech recognition; when you examine the founders of Renaissance Technology, you will notice that many of the early employees had backgrounds in natural language processing. Naively, you might assume that RT is using NLP based strategies. However, you will find that all of RT's NLP related hires have backgrounds (published research, Phd thesis's) in speech recognition and specifically in Hidden Markov Models and Kalman filters. The academic background and published research of RT employees gives you a good idea of the algorithms they are using. The information that has leaked out of RT suggests that RT heavily uses ""hierarchical hidden markov models"" for latent variable extraction from market time series. It is also believed that RT has developed a proprietary algorithm for ""layering"" multiple trading strategies for trade signal generation. RT does not have a single secret trading strategy that magically generates billions of dollars a year. Renaissance Technology's trading strategies are based upon the integration of information from multiple mathematical models.",29,True,True,CC BY-SA 4.0,Stack Exchange Inc. - https://quant.stackexchange.com,2026-07-30 19:22:19
StackExchange - Quantitative Finance,2076,How to interpret the eigenmatrix from a Johansen cointegration test?,"statistics, cointegration","I ran a Johansen cointegration test on 3 instruments, A B and C. The results that I got are: R<=x | Test Stat 90% 95% 99% r=0 --> 36.7 18.9 21.1 25.8 r=1 --> 8.4 12.29 14.26 18.52 r=2 --> 0.21 2.7 3.8 6.6 EigenValues EigenMatrix 0.03 --> 0.25 | 0.512 |-0.79 0.007 --> -0.96 | -0.618 | 0.14 0.00017 --> 0.05 | 0.59 | 0.59 My question is how I interpret these results? How do I know there is a cointegration for the these instruments. How to build a portfolio using the eigen vector? Which eigen vector should I choose to build my portfolio?",29,https://quant.stackexchange.com/questions/2076/how-to-interpret-the-eigenmatrix-from-a-johansen-cointegration-test,"From remote memory, The first question is Yes/No question. Is there any stationary, i.e. I(0), time series for different levels of combination r? This question is answered by your first table. For example, if [r=2]'s test stat is say 7 while the critical value of 99% confidence is 6.6 like your example, then I have over 99% confidence to say that all instruments A, B, and C are stationary by themselves. You don't even need to build a co-integrated portfolio/combination. They are ready for mean-reversion strategy already. Obviously, in your example, your [r=2] stat is way much lower than even 90% confidence critical value. Thus, you can't form a stationary time series without sort of combination. Your [r=1] is not close to acceptable threshold, too. Thus, no easy combination like A + Beta*B is stationary. Now, your [r=0] stat looks interesting, test stat 36.7 > 25.8. I have over 99% confidence to say that there is a stationary combination like A + Beta1*B + Beta2*C. The next question is how to build your portfolio if one of the above hypothesis is positive. In your case is [r=0]. Simply read your corresponding eigenvector that comes with your largest eigenvalue: (0.25 | 0.512 | -0.79), i.e. 0.25*A + 0.512*B -0.79*C is the stationary portfolio you are looking for. You can draw portfolio time series to convince yourself. Btw, I will be very grateful if someone can refresh me about how to interpret eigenvalues? like what is its unit? I can only remember big eigenvalue is better for the stationarity test above. EDIT : FYI, I remember the test stat and critical values can be approximated by chi-squared? With this information, you can build a helper function to better interpret these statistic. Here is a quick example in R. # zero-root function, used for solve df (degree of freedom) of chi-square for given cvals (critical values) fn_zero_root <- function (df, prob, cval) pchisq(cval, df) - prob # solve for df # In [r=1] example: use prob = 90%, cval = 12.29 as the training point r1.df <- uniroot(fn_zero_root, c(0, 12.29), tol = 0.001, prob = 90/100, cval= 12.29)$root # Use the above df to calculate confidence for your test stats = 8.4 100*pchisq(8.4, r1.df) [1] 68.23303 # Validation pchisq(12.29, r1.df) [1] 89.99978 pchisq(14.26, r1.df) [1] 94.82474 pchisq(18.52, r1.df) [1] 98.88713",21,True,True,CC BY-SA 4.0,Stack Exchange Inc. - https://quant.stackexchange.com,2026-07-30 19:22:19
StackExchange - Quantitative Finance,14102,Worked examples of applying Ito&#39;s lemma,"stochastic-calculus, reference-request, itos-lemma","In most textbooks Ito's lemma is derived (on different levels of technicality depending on the intended audience) and then only the classic examples of Geometric Brownian motion and the Black-Scholes equation are given. My question I am looking for references where lots of worked examples of applying Ito's lemma are given in an easy to follow, step by step fashion. Also more advanced cases should be covered.",29,https://quant.stackexchange.com/questions/14102/worked-examples-of-applying-itos-lemma,These are all examples on Ito Formula in its general form (with quadratic variations):,29,True,True,CC BY-SA 4.0,Stack Exchange Inc. - https://quant.stackexchange.com,2026-07-30 19:22:19
StackExchange - Quantitative Finance,61760,Why are there no papers about stock prediction with machine learning in leading financial journals?,"machine-learning, market-efficiency","I'm writing my master's thesis about stock price prediction using machine learning methods. During my literature review, I noticed that a lot of research produced on this topic is of poor quality, published in non-finance related journals or unpublished/peer reviewed alltogether. There is no paper to be found in leading journals like journal of finance or journal of financial economics on the topic. I'm curious as to why this is the case. Did the academic world move on, and simply accept that markets are generally efficient a long time ago? Or are the leading journals overlooking a key technique that could effectively forecast stock price?",29,https://quant.stackexchange.com/questions/61760/why-are-there-no-papers-about-stock-prediction-with-machine-learning-in-leading,"I think you're overlooking a third explanation: Nobody that found a successful technique to generate alpha has published it. I can think of the following causes: If you're an academic, why share your brilliant idea? These techniques require a lot of data and financial data can be expensive, researches that work at firms that have access to this data don't share their findings with the public. Academics did find a lot of signals already the old fashioned way. Despite this, fancy techniques such as AAD and Reinforcement Learning are discussed publicly. These methods don't generate any alpha however.",39,True,True,CC BY-SA 4.0,Stack Exchange Inc. - https://quant.stackexchange.com,2026-07-30 19:22:19
StackExchange - Quantitative Finance,352,Volatility pumping in practice,"volatility, trading, kelly-criterion","The fascinating thing about volatility pumping (or optimal growth portfolio , see e.g. here ) is that here volatility is not the same as risk, rather it represents opportunity. Additionally it is a generic mechanical strategy that is independent of asset classes. My question: Do you know examples where volatility pumping is actually implemented? What are the results? What are the pitfalls?",28,https://quant.stackexchange.com/questions/352/volatility-pumping-in-practice,The optimal growth portfolio is obtained by applying the Kelly criterion which is one of the pillars of the sound risk management. Ed Thorp's weekend forays to Las Vegas to play blackjack were one of the first historically documented cases of successful practical implementation of the Kelly strategy. Since then this method and its modifications have been systematically used by Thorp himself and other hedge fund managers as an important risk control tool.,13,True,True,CC BY-SA 4.0,Stack Exchange Inc. - https://quant.stackexchange.com,2026-07-30 19:22:19
StackExchange - Quantitative Finance,675,What is the reference python library for portfolio optimization?,"portfolio, optimization, python","Does anyone know of a python library/source that is able to calculate the traditional mean-variance portfolio? To press my luck, any resources where the library/source also contains functions such as alternative covariance functions (etc. shrinkage), Lower partial moment portfolio optimization, etc... I have developed, like everyone else, and implemented one or two variants. Is it just me or there isn't much out there in terms of python for financial/portfolio applications. At least nothing out there matching efforts like Rmetrics for R.",28,https://quant.stackexchange.com/questions/675/what-is-the-reference-python-library-for-portfolio-optimization,"Sorry for not being able to give more than one hyperlink, please do some web search for the project pages. Portfolio optimization could be done in python using the cvxopt package which covers convex optimization. This includes quadratic programming as a special case for the risk-return optimization. In this sense, the following example could be of some use: http://abel.ee.ucla.edu/cvxopt/examples/book/portfolio.html Ledoit-Wolf shrinkage is for example covered in scikit .",18,False,False,CC BY-SA 4.0,Stack Exchange Inc. - https://quant.stackexchange.com,2026-07-30 19:22:19
StackExchange - Quantitative Finance,839,How to design a custom equity backtester?,"trading, backtesting, quant-trading-strategies, equities","I was thinking about writing my own backtester and I realize I have to make some assumptions. So I was hoping I could post what I am planning on doing and hopefully some of you can give me some ideas on how to make it better (I'm sure there is a lot that can be improved). First of all, my strategy involves holding stocks for usually some days, I am not doing (probably any) intra-day trading. So here is what I was thinking. First, I would buy some minute OHLC stock quotes covering the stocks I am interested in (thinking about buying some from pitrading.com, is their quality acceptable?). Then if the algorithm triggers a buy or sell at some bar, I would ""execute"" the order using the high or low of the very next bar (attempting to be as pessimistic as possible here). One thing I am curious about is bid/ask, so I was thinking about maybe adding/subtracting a few cents to take this into account when buying/selling. I would just see what these values have been recently (difference between bid/ask and quote for some recent data on these stocks and then just use these numbers as I wouldn't be backtesting that far back). I would assume that I can buy/sell all I want then at that price. Lastly I would include the cost of commission in the trade. I would neglect any effect my trade would have on the market. Is there any rough guideline using volume to estimate how much you would have to buy/sell to have an effect? I would also simulate stop-loss sell orders and they, too, would be executed at the next bar low after the price passed the threshold. That's it, it will be pretty simple to implement. I am just hoping to make it conservative so it can give me some insight into how well my program works. Any thoughts or criticisms about this program would be greatly appreciated. I am new at this and I am sure there are some details I am missing.",28,https://quant.stackexchange.com/questions/839/how-to-design-a-custom-equity-backtester,"For ""maximum pessimism"" you should calculate thus: for longs - enter at the bar high and exit at the bar low on bar following signal bar for shorts - enter at the bar low and exit at the bar high on bar following signal bar I had previously heard this approach to back testing called the ""torture test.""",13,False,False,CC BY-SA 4.0,Stack Exchange Inc. - https://quant.stackexchange.com,2026-07-30 19:22:19
StackExchange - Quantitative Finance,959,How good is managed code for algo trading?,"programming, algorithm","I am currently working in a firm that does algo trading. We do all of our stuff in Java. And we do make money out of it. We have debates all the time whether we would have made more money with native or VHDL on network cards. We don't do super high-frequency though we do more complicated trades. Even though we need to be the first. After working there for quite a while it interests me more to know if Java is popular in this area. (And since no one would talk in that field I would like to raise this issue here.) From my experience I have noticed that it has a lot to do with the reliability of the exchange or the broker. If it is not very reliable (as in many exchanges in the world) a delay of 2 milisec would be much more significant than the language you choose. But still, how many do choose managed code?",28,https://quant.stackexchange.com/questions/959/how-good-is-managed-code-for-algo-trading,"There are tons of languages used in this field . As for Java-based trading platforms, Marketcetera is popular with customers. To justify switching languages, you'd need to show that there is a bottleneck preventing your team from collecting more P&L. Have you run a profiler and compared the results with tcpdump? You must show that your existing platform is the cause of the delay that loses opportunities before diving into C++. (And if we are talking milliseconds, I assume you're co-located at the exchanges in question, if they allow it. If you aren't co-lo, then dealing with that would probably have more impact than changing languages.)",17,False,False,CC BY-SA 4.0,Stack Exchange Inc. - https://quant.stackexchange.com,2026-07-30 19:22:19
StackExchange - Quantitative Finance,987,Most successful investors using academic-based framework?,"quant-trading-strategies, factor-models, research, big-list","What are the most famous/best performing absolute-return funds employing approaches based on mainstream finance theory (i.e., theory presented in Journal of Finance, AER, Econometrica, using typically factor models)? I am asking because I know certified outstanding managers using fundamental analysis (e.g., Buffett, Robertson, Cohen), and bottom-up algorithmic approaches (e.g., Simons, Thorpe, Malyshev). However, the typical quant asset managers that use some kind of factor model are either institutional investors with mediocre performance (and usually actively managed to a benchmark), or absolute return fund managers with either terrible performance (GSAM, LTCM), or unremarkable one. In short, does anyone have an example of such a fund with average returns in excess of 15-20%/year over an extended period of time?",28,https://quant.stackexchange.com/questions/987/most-successful-investors-using-academic-based-framework,"One might probably mention Yale's Endowment under David Swensen which generated returns of 13% per annum over the past two decades (as compared to the 8 or 9% average return of college and university endowments). Now, I would not label Swensen's approach to portfolio management with a pure absolute return strategy tag but he definitely uses some insights from the academic finance theory. Swensen speaks about his investment philosophy in this lecture (which is a part of Robert Shiller's course on Financial Markets ).",14,False,False,CC BY-SA 4.0,Stack Exchange Inc. - https://quant.stackexchange.com,2026-07-30 19:22:19
StackExchange - Quantitative Finance,998,Strategy of Renaissance Technologies Medallion fund: Holy Grail or next Madoff?,"strategy, quant-funds",Renaissance Technologies Medallion fund is one of the most successful hedge funds - ever! Yet it is very secretive. Do you have information on the strategy used that is not yet mentioned in the Wikipedia article above? Is there really something fundamental going on (the Holy Grail of investing) - or will this be the next Madoff?,28,https://quant.stackexchange.com/questions/998/strategy-of-renaissance-technologies-medallion-fund-holy-grail-or-next-madoff,"There are a some information about Renaissance Technologies available in The Quants from Patterson. Basically, and it's also what I heard in general, they are using intensively algorithmic trading, and from what I understood there are using Information Theory (they worked with Shannon if I remember well). I'd say it'd be harsh to say it's the next Madoff given the background they have, I can easily see them being simply better than the rest... It's just my opinion of course...",22,True,True,CC BY-SA 4.0,Stack Exchange Inc. - https://quant.stackexchange.com,2026-07-30 19:22:19
StackExchange - Quantitative Finance,1628,What are the best sources for equity quantitative research?,"quant-trading-strategies, equities, research",What are the best sources of quantitative finance research in equities? I will list a couple and note an asterisk if the research is available by request (i.e. non-clients) or online: BAC-Merrill Lynch - Savita Subramanian Deutsche Bank - Yin Luo* Credit Suisse - Pankaj Patel Barclay's - Matthew Rothman HSBC - Ely Klepfish* Goldman Sachs - Quantitative Strategies Neuberger-Berman - Wai Lee Nomura - Joseph Mezrich Perhaps there are also more un-conventional sources of quant research besides sell-side wall street: Hussman Funds - John Hussman* Emanuel Derman's collection of papers,28,https://quant.stackexchange.com/questions/1628/what-are-the-best-sources-for-equity-quantitative-research,Sell Side Macquarie Quant - Venkat Eleswarapu Bernstein Research - Vadim Zlotnikov Nomura - Joe Mezrich JPMorgan Investment Strategies series Societe Generale - Alain Bokobza Independent CXO Advisory Empirical Finance Blog Russell Indexes: Research and Insights MSCI Research Papers Axioma Research Papers,12,True,True,CC BY-SA 4.0,Stack Exchange Inc. - https://quant.stackexchange.com,2026-07-30 19:22:19
StackExchange - Quantitative Finance,1710,Proof that you cannot beat a random walk,"quant-trading-strategies, random-walk","There is much speculation to what degree financial series are random (and what kind of randomness prevails). I want to turn the question on its head and ask: Is there a mathematical proof that whatever trading strategy you use you cannot beat a random walk (that is the expected value will always be 0 assuming no drift)? (I found this blog post where the author used the so called ""75% rule"" to purportedly beat a random walk but I think he got the distinction between prices and returns wrong. This method would only work if you had a range of allowed prices (e.g. a mean reverting series). See e.g. here for a discussion.)",28,https://quant.stackexchange.com/questions/1710/proof-that-you-cannot-beat-a-random-walk,"I can help you beat random walk 'in the way you want', i.e. the expected value $E[\$]$ will always be positive even assuming no drift. However, I have to warn people that $E[\$] > 0$ is NOT really an adequate condition for 'beating' in reality (at least to myself). Let's define some mathematical notations for derivation, and rephrase (simplify) vonjd's question without losing generality. Assume a trader plays a fair game, and his surplus $X(0), X(1), X(2), ... X(t)$ is a martingale. Q: Can the trader find a stopping time $s$ such that $E[X($s$)] > X(0)$? A proof supporting Bootvis' answer, for comparison, consider a normal trading strategy that bets evenly. Then, $$\begin{align*}E[X(s)] &= E[ E[X(s)|X(s-1), X(s-2),..., X(0)] ] \\ &= E[X(s-1)] = E[X(s-2)] = ... = E[X(0)] = X(0).\end{align*}$$ Now, consider a 'double-betting' strategy. We keep doubling your losing trade until first win . Let's set the initial surplus, $X(0) = 0$ for simplicity. Accordingly, $X(k) = X(k-1) + G(k)$, where $G(k)=\pm 2^{k}$ with probability $1/2$. Note that we get the power $(k)$ of $2$ in $G(k)$ because of 'double-betting'. Our market is still random walk. This strategy is designed stop at a time $s = min{k}$ s.t. $G(k) > 0$ (Note that $Prob{s=infinity} = 0$) Compute $E[X(s)]$ by conditioning on s: $$\begin{align*} E[X(s)] &= E[E[X(s)|s]] = \sum_{k=1}^{\infty} E[X(s)|s=k] * Prob{s=k} \\ &= \sum_{k=1}^{...} (-1-2-4-8...-2^{(k-1)} + 2^{k}) * (1/2)^{k} \\ &= \sum_{k=1}^{...} 1 * (1/2)^k = 1 > 0 = X(0)\end{align*}$$ Conclusion A trader can make $E[X(s)]>0$ for random walk using the double-betting strategy. We proved that you can beat random walk in your definition of 'beating', i.e. expected value > 0. This is actually a simplified proof supporting Akshay's answer. Whatever it's called: volatility pumping, Kelly strategy, optimal growth portfolio, and etc. These ideas simply ask one more question: why double? Is there an optimal betting ratio because of ... (various reasons and assumptions)? WARNING: Yes, the expected value is indeed positive, and it might be an adequate proof for people who believe winning strategy is all about searching for $E[X(s)]>0$. Unfortunately, this is NOT adequate in reality, at least to myself. You have been warned. A $E[X(s)]>0$ strategy is guaranteed to make you real fortune if and only if we have 'unlimited amount of capital'. For details (long story), see wiki: Martingale betting system . You might ask what should we do if we only have limited capital? The Kelly criteria actually kind of offers the effect of the double-betting strategy for limited capital. For example, if you have a very weak trading signal (close to random walk in which there is no signal at all), the Kelly criteria will recommend you to bet something like \$1 (initially) for \$1M capital, and increase/decrease your position by certain % when you lose/win. Yeah, \$1M indeed looks like unlimited capital to \$1. (From comment) There is no contradiction to the common sense that 'pure independence = zero E[PnL]'. $E[] > 0$ in my example and vonjd'd Parrondo's paradox are indeed exploited from sort of dependency. While the Parrondo's paradox exploits the dependency between two losing games, mine is exploiting the dependency from my losing trades (which is less obvious). But warn again: This is at the cost of ruin risk! Though Kelly and vol-pump strategies eliminate ruin risk, they still suffer from trending risk.",26,True,True,CC BY-SA 4.0,Stack Exchange Inc. - https://quant.stackexchange.com,2026-07-30 19:22:19
StackExchange - Quantitative Finance,1849,Why hold options when you can dynamically replicate their payoff?,"options, hedging, black-scholes, replication, theory","When holding vanilla options, you can cancel out, theoretically, all risk with dynamic (delta) hedging. Then you earn the ""risk free rate of return"". Why would you make such a portfolio when you can simply buy a bond that earns the ""risk free rate of return""?",28,https://quant.stackexchange.com/questions/1849/why-hold-options-when-you-can-dynamically-replicate-their-payoff,"Short Version : Two main uses I'm doing an arbitrage/statarb strategy (volatility for instance) which should not be dependant on the Delta (I'm an arbitragist). I HAVE to keep a product in my portfolio, but I don't want to be EXPOSED to it (I'm a market maker). Long Version : The goal of Dynamic Hedging is not down the line to earn risk free rate of return. You are probably talking about a Delta Hedge, Delta is not the only Greek you can hedge, you could hedge over Parameters, but I assume you're talking about Delta. If I'm an option trader, I can basically Buy or Sell Volatility, I will hedge my Delta at the start of the day (Usually before the close of the day before). But I will gain money on the day after if realized Volatility is Higher than Implied Volatility if I'm a Volatility Buyer (and vice versa). Pay off of the strategy below : So I need dynamic hedging, which if done every minute will provide me risk free interest rate minus fees (i.e. probably negative return), if I do it once a day I will realize profit that is not related to the direction of the change of the underlying but rather it's intensity. Other businesses in Finance need to Hedge Frequently as they are not supposed to have a directionnal bias on the market, most notably Market Makers and Liquidity Suppliers. Sometimes you also need to keep some position you can't sell, like an OTC swap, in your portfolio, you probably want a very good hedge on this.",18,False,False,CC BY-SA 4.0,Stack Exchange Inc. - https://quant.stackexchange.com,2026-07-30 19:22:19
StackExchange - Quantitative Finance,1888,Is the stock price process a martingale or a Markov process?,"equities, martingale, stochastic-processes","Some people claim that the data-generating process for stocks is a ""martingale"" and that is has the ""Markov property"". Are they unrelated? Is it that the Markov property implies some sort of martingale property, or is it the other way around? How do you statistically test for such properties? How far from reality is it to assume such properties?",28,https://quant.stackexchange.com/questions/1888/is-the-stock-price-process-a-martingale-or-a-markov-process,"From what I remember, there is no real relation between Markov and Martingale, and my intuition was confirmed by this post . Basically, it says that you can say neither of the following: If A is Markov, then A is a martingale. If A is a martingale, then A is Markov. further down the post, you can find two counter examples: $dX_t = a dt + \sigma dW_t$ is Markov but not a martingale and $dX_t = (\int_0^t X_s ds) dW_t$ is a Martingale but is not Markov. As for the assumption of these properties being true, I think it really depends on how you see stock markets. My personal opinion being that no, the assumption is not very realistic.",19,True,True,CC BY-SA 4.0,Stack Exchange Inc. - https://quant.stackexchange.com,2026-07-30 19:22:19
StackExchange - Quantitative Finance,3368,Why is an inverted yield curve a problem?,"theory, yield-curve","Immediately preceding the worst of the financial crisis, my professors all pointed out to me that the yield curve had inverted -- short-term yields were more risky than 20-year or 30-year Treasury securities. My professors all seemed nervous about this. Aside from such a situation being generally counter-intuitive, why was this viewed so negatively? What kind of effects does this have, in a more macro sense?",28,https://quant.stackexchange.com/questions/3368/why-is-an-inverted-yield-curve-a-problem,Nano answer : declining yield curve is a symptom that the market expects the economy to worsen. Short answer : yield curve is built on expected future interest rates. Yield curve will be downward sloping if you expect interest rates to fall in the future. Interest rates fall because the central bank react to worsening economy. So if the yield curve is downward sloping it means the market expects the economy to worsen to the point that the central bank will have to intervene.,12,True,True,CC BY-SA 4.0,Stack Exchange Inc. - https://quant.stackexchange.com,2026-07-30 19:22:19
StackExchange - Quantitative Finance,4503,How do you explain the volatility smile in the Black-Scholes framework?,"black-scholes, implied-volatility",Does anyone have an explanation for the currently naturally forming volatility smile (and the variations) in the market?,28,https://quant.stackexchange.com/questions/4503/how-do-you-explain-the-volatility-smile-in-the-black-scholes-framework,"Consider a more financially plausible model than Black-Scholes: one where the stock can suddenly go bankrupt due to fraud, and the volatility varies over time. Neither model is perfect, but the new one (call it SVJ) will be ""less wrong"". Mathematically, we no longer have the Black-Scholes SDE based on a single stochastic generator $W$ $$ \frac{dS}{S} = \mu dt + \sigma dW $$ but rather an SDE with 3 generators: $W,Z$ and a jump process $J$ $$ \frac{dS}{S} = \mu dt + \sigma dW - dJ \\ d\sigma^2= \kappa(\bar{\sigma}^2-\sigma^2) dt + \eta \sigma^2 dZ $$ It is possible (though not particularly easy) to fit this more complicated, realistic model to the market. Big banks do it all the time. Any model, including both BS and SVJ, can be run ""backwards"", by which I mean that it can start with an option price and derive an implied parameter. If the model has $M$ parameters $p_1, p_2, \dots, p_M$ that are normally used to find a model price $V$, then we can also choose any one of the parameters, call it $p_n$, to derive from an observed price $P$ (normally by root-finding techniques). Let's say we run backwards from market prices to get implied values of $\sigma$ for both Black-Scholes and SVJ. You will observe a far flatter skew for the SVJ. This is true even if we remove either the jumps $J$ or stochastic volatility $Z$. Here, for example, is a skew in Black-Scholes volatilities arising from pricing an array of options in a proprietary jump-diffusion model with flat (by strike) volatility of 20% We see that a constant volatility parameter in the jump-diffusion is equivalent to a skew of Black-Scholes volatilities. Conclusion: the smile comes from the model being too strong a simplification of reality.",18,False,False,CC BY-SA 4.0,Stack Exchange Inc. - https://quant.stackexchange.com,2026-07-30 19:22:19
StackExchange - Quantitative Finance,9798,Difference between S&amp;P 500 index and S&amp;P 500 Total Return index?,"index, etf, dividends, mutual-fund","There's the standard S&P 500 index (SPX) and the rarer used S&P 500 Total Return index (SPTR). If you compare graphs, you'll find that the latter grows faster. Supposedly, SPTR assumes reinvestment of dividends while SPX doesn't. What does SPX assume you do with your dividends? Put them under the pillow interest-free, or invest them at the risk-free rate? Even SPX must somehow account for dividends, or else each time a company issues a dividend (which is of course accompanied by a drop in stock price), the index would drop. I assume (but do not know) that ETFs or index funds that claim to track S&P 500 would reinvest dividends, and so I'd expect that their prices would follow SPTR instead of SPX. However, from looking at graphs, the opposite seems to be the case. Obviously I'm missing something.",28,https://quant.stackexchange.com/questions/9798/difference-between-sp-500-index-and-sp-500-total-return-index,"Basically the Total Return Index assumes reinvestments compared to ""regular"" indices. ""A total return index is an index that measures the performance of a group of components by assuming that all cash distributions are reinvested, in addition to tracking the components' price movements. 1 While it is common to refer to equity based indices, there are also total return indices for bonds and commodities..."" WIKI The S&P 500 index just tracks the price-levels of the index itself & assumes no reinvestments such as the Dividend Reinvestment Program (DRIP)",14,False,False,CC BY-SA 4.0,Stack Exchange Inc. - https://quant.stackexchange.com,2026-07-30 19:22:19
StackExchange - Quantitative Finance,11556,Why is the VIX futures market usually in a state of contango?,"volatility, futures, vix","I'm a VIX newbie and I'm trying to understand why the VIX futures market is usually in a state of contango. All I can figure is that the sellers of VIX futures contracts demand high ""prices"" (because the seller is the holder of the short position and makes money when the price falls), and since there are willing buyers, namely ETNs and ETFs that are trying to track the S&P 500 VIX SHORT-TERM FUTURES INDEX (SPVIXSTR) through the purchase and sale of VIX futures, the contracts get sold. Also, the farther out the futures contract expires, the less certain the seller is about what the value of the VIX and the SPVIXSTR will be at the future's expiration date. The greater uncertainty over a longer term results in the seller demanding higher premiums over a longer term than he would demand over a shorter term. It seems like a prudent buyer of VIX futures wouldn't buy contracts that are priced so high. It seems like the VIX futures market should be in a state of contango about as frequently as it is in a state of backwardation. What causes contango in the VIX futures market, and why is it the usual state of the market?",28,https://quant.stackexchange.com/questions/11556/why-is-the-vix-futures-market-usually-in-a-state-of-contango,"Your questions about contango in VIX futures have close analogies in options too. The Black & Scholes model suggests that all time frames and all strikes should have the same implied volatility, but they don't. I think one of the reasons is that the B&S model assumes that stock returns are distributed in a normal (gaussian) distribution, but the actual returns don't match a gaussian distribution all that well. For example the actual occurrence of big crashes / gains is much more likely than a normal distribution would predict. Since crashes do occur people are willing to pay what the B&S considers a premium to have some insurance against downswings. I view it as being an insurance cost, so the longer youwant the insurance for, the more it will cost you. If you look at the term structure of SPX options you'll see a term structure that looks a lot like the VIX futures curve. The VIX futures on settlement will use the SPX options expiring one month later as the prices for settlement (e.g., Nov VIX futures will settle to Dec SPX options). The VIX futures tend to go no higher than around 9% above their equivalent SPX option VIX style implied volatility value , so I suspect above that some sort of arbitrage gets attractive, and the price difference is limited. One other thought about VIX futures. They are attractive because you don't have to place your bets as specifically as you do if you are buying out of the money puts for insurance against crashes. If you buy puts and the market rallies your puts are left very out of the money, whereas the VIX can spike up regardless of where the value of the SPX index is. Clearly people are willing to pay a premium for VIX futures, and I don't think they are stupid. At lot of them lived through the 2000 and 2008 bear markets--that leaves an impression on you.",13,True,True,CC BY-SA 4.0,Stack Exchange Inc. - https://quant.stackexchange.com,2026-07-30 19:22:19
StackExchange - Quantitative Finance,1,What are some good technical and non-technical books for a math lover to get in to quantitative analysis?,"books, learning, big-list","To get the ball rolling... I will answer this question this evening For people aware & unaware I think it would be a great way to introduce the group, resources for fundamental knowledge & concepts.",27,https://quant.stackexchange.com/questions/1/what-are-some-good-technical-and-non-technical-books-for-a-math-lover-to-get-in,"Clark, This is one of the popular questions we have on our community when someone new to the field come in and ask where they should start. We point them all to the list we have gathered which is now one of the most comprehensive list for quant finance http://www.quantnet.com/master-reading-list-for-quants/",21,False,False,CC BY-SA 4.0,Stack Exchange Inc. - https://quant.stackexchange.com,2026-07-30 19:22:19
StackExchange - Quantitative Finance,45,How are risk management practices applied to ML/AI-based automated trading systems,"risk, algorithmic-trading, risk-management, best-practices, trading","A potential issue with automated trading systems, that are based on Machine Learning ( ML ) and/or Artificial Intelligence ( AI ), is the difficulty of assessing the risk of a trade. An ML/AI algorithm may analyze thousands of parameters in order to come up with a trading decision and applying standard risk management practices might interfere with the algorithms by overriding the algorithm's decision. What are some basic methodologies for applying risk management to ML/AI-based automated trading systems without hampering the decision of the underlying algorithm(s)? Update: An example system would be: Genetic Programming algorithm that produces trading agents. The most profitable agent in the population is used to produce a short/long signal (usually without a confidence interval).",27,https://quant.stackexchange.com/questions/45/how-are-risk-management-practices-applied-to-ml-ai-based-automated-trading-syste,"The risks involved in trading is everywhere and always a multifaceted thing: it includes the volatility of the selected asset, the leverage and concentration of the porfolio, whether there is a stop loss, a hedge, etc. Also, risk management is frequently not tied to the ""alpha model"" directly (e.g. VaR, shortfall, and scenario testing). For instance, one well known way of sizing a position is the Kelly formula : $f^{*} = \frac{bp - q}{b}$ This makes no assumptions about the directional model that is used to enter the position. You can infer the values (e.g. probability of winning) from a historical simulation, regardless of whether the model is black-box, grey-box, or white-box.",13,True,True,CC BY-SA 4.0,Stack Exchange Inc. - https://quant.stackexchange.com,2026-07-30 19:22:19
StackExchange - Quantitative Finance,82,What kind of basic framework or application do you use to run your trading algorithms?,"data, software, programming, algorithm",I heard about MetaTrader from http://www.metaquotes.net . Is there any other framework or program available? Do you use different software for backtracking and running your trading algorithms? Thank you guys for your great answers. I will check out the posted applications.,27,https://quant.stackexchange.com/questions/82/what-kind-of-basic-framework-or-application-do-you-use-to-run-your-trading-algor,"I am a big believer in do-it-yourself (DIY) backtesting and data analysis, that is, obtaining your own data and writing your own code. I use my own simple Python scripts to process, test, analyze, and backtest, starting with text-input data files (either OHLC bars or tick data). The reason for DIY: in order to have an effective backtest, analysis, etc., you must completely understand all the assumptions, explicit and implicit, that go into the test or analysis. You must understand how that relates to the trading algorithm you implement. As a quick example, people commonly say you must take off a tick or two in backtest results to account for slippage. However, I have found that for several of my backtest methods, I can actually count on getting better entries, on average, than the backtest. Whatever the case, I can sleep at night without worrying about someone changing something in the way the software works, which would throw off my tests without me knowing about it. For algorithm execution, I also use a DIY Java API and Java applications build on the TWS API . However, the reason for that is just to save a few bucks. Edit: Not sure I got this point across, but there is an intimate connection between back-test code, historical data, execution code, and real-time data. The relationship is different depending on what you are doing and what you are using, but it always important to understand the relationship.",25,True,True,CC BY-SA 4.0,Stack Exchange Inc. - https://quant.stackexchange.com,2026-07-30 19:22:19
StackExchange - Quantitative Finance,176,Model Validation Criteria,"models, model-validation, model-risk-management","Let's say I have a brand new fancy model on some asset class (calibration porcedure included over a set of vanilla options) in which I truly believe I made a step forward comparing to existing literature (a phantasmatic situation I recognize). Which criteria should be in order so I can claim that I am in a position to ""validate"" this model? PS: We will assume that the math are OK and that I can prove that there is no bug in the model implementation",27,https://quant.stackexchange.com/questions/176/model-validation-criteria,"I don't think that there is a precise point in time when we can say that model is valid (well, it's a model not a law). For example, E. Derman in his article on Model risk describes the verification of model as a iterative process: It is impossible to avoid errors during model development, especially when they are created under trading floor duress .... So, after the model is built, the developer tests it extensively. Thereafter, other developers “play” with it too. Next, traders who depend on the model for pricing and hedging use it. Finally, it’s released to salespeople. After a suitably long period during which most wrinkles are ironed out, it’s given to appropriate clients. This slow diffusion helps eliminate many risks, slowly but steadily. He also describes 6 types possibilities which constitutes model risk here: Incorrect model Correct model, incorrect solution Correct model, inappropriate use Badly approximated solution Software and hardware bugs Unstable data In addition to that he provides some tips that can be used to avoid model risk and its consequences (to name just few): Test complex models in simple cases first Test the model’s boundaries Don’t ignore small discrepancies",12,False,False,CC BY-SA 4.0,Stack Exchange Inc. - https://quant.stackexchange.com,2026-07-30 19:22:19
StackExchange - Quantitative Finance,306,What programming languages are most commonly used in quantitative finance?,programming,"What programming languages are the most common in quantitative finance, and why are these languages used? Note: I do not mean, what languages are used to develop the accounting system at a hedge fund: this is specifically related to aspects of valuation and trading.",27,https://quant.stackexchange.com/questions/306/what-programming-languages-are-most-commonly-used-in-quantitative-finance,"Searching http://www.quantfinancejobs.com for ""C#"": 62 jobs, 54 (2011) ""C++"": 209 jobs, 236 (2011) ""Java"": 72 jobs, 121 (2011) ""VBA"": 35 jobs, 20 (2011) Searching http://www.quantcode.com/modules/jobs/ for ""C#"": 228 jobs, 277 (2011) ""C++"": 696 jobs, 813 (2011) ""Java"": 291 jobs, 328 (2011) ""VBA"": 157 jobs, 190 (2011)",30,False,False,CC BY-SA 4.0,Stack Exchange Inc. - https://quant.stackexchange.com,2026-07-30 19:22:19
StackExchange - Quantitative Finance,341,What is a martingale?,"mathematics, martingale, emh",What is a martingale and how it compares with a random walk in the context of the Efficient Market Hypothesis?,27,https://quant.stackexchange.com/questions/341/what-is-a-martingale,"Samuelson suggested in 1965 that the stock prices follow a martingale (see P. Samuelson “Proof That Properly Anticipated Prices Fluctuate Randomly” ). Assume there is a security with a random payoff $X_T$ at date $T$. Let $..., P_{t–1}, P_t, P_{t+1},...$ be the time series of prices of a security with this payoff. Finally, define the price change $\Delta P_{t+1}=P_{t+1} – P_{t}$ for any pair of successive dates $t$ and $t + 1$. Samuelson begins by defining “properly anticipated prices” as prices that are equal to the expected value of $X_T$ at every date $t \leq T$, based on the information $\Phi_t$ available at date t (which, in particular, includes the present and all past price realizations for that security, $...,P_{t–2}, P_{t–1}, P_t$). That is, for all $t \leq T$: $$P_t = \mathbb E(X_T|\Phi_t).$$ In particular, $P_T = X_T$. He then proves that the “prices fluctuate randomly” since it follows that for all $t \leq T$, $P_t = \mathbb E(P_{t+1}|\Phi_t)$ or alternatively that $\mathbb E(\Delta P_{t+1}|\Phi_t) = 0$, and $$\mathbb E(\Delta P_{t+1}\Delta P_{t+2}...\Delta P_T|\Phi_t) = \mathbb E(\Delta P_{t+1}|\Phi_t) \mathbb E(\Delta P_{t+2}|\Phi_t)...\mathbb E(\Delta P_T|\Phi_t)=0.$$ In words, prices follow a martingale, and successive price changes are mutually uncorrelated. This implies that if “prices are properly anticipated,” all the information in the past price series that is useful for forecasting next period’s expected price is contained in the current price. Note that this is a much weaker statement than to say that all information in the past price series that is useful for forecasting the probability distribution of next period’s price is contained in the current price (which is the random walk hypothesis suggested by Fama in his thesis ).",29,True,True,CC BY-SA 4.0,Stack Exchange Inc. - https://quant.stackexchange.com,2026-07-30 19:22:19
StackExchange - Quantitative Finance,631,"Main backtesting &amp; trading solutions: QuantFactory, Deltix, etc.","backtesting, algorithmic-trading, software, trading-systems","What are the most used/mature/promising commercial solutions today which handle backtesting/ automated trading needs? I'm talking about vertical product suites like QuantFactory or Deltix which address market data capture, historical data, CEP, backtesting, trading, etc. (I would be more specifically interested about the backtesting part though.) What are the big players here? Do you have any feedback (pro/cons) about theses solutions? What is the cost of integrating such a solution into an existing ecosystem? Are they customizable enough to handle very specific needs? I know that sounds like a lot a different questions, but I'm trying to get a general feeling about these tools (are they popular, useful, who use them, for what, etc.)",27,https://quant.stackexchange.com/questions/631/main-backtesting-trading-solutions-quantfactory-deltix-etc,"Some LinkedIn groups are particularily adequate to post these questions. Your question has already been asked in ""Automated Trading Strategies"" at this URL: Seeking input on QuantFactory, Deltix and 4thStory: Professional end-to-end Automated Trading Solutions . Feel free to let us know the state of your research.",8,False,False,CC BY-SA 4.0,Stack Exchange Inc. - https://quant.stackexchange.com,2026-07-30 19:22:19
StackExchange - Quantitative Finance,751,How to forecast volatility using high-frequency data?,"volatility, forecasting, high-frequency","There is a large literature covering volatility forecasts with high-frequency tick data. Much of this has surrounded the concept of ""realized volatility"", such as: ""Realized Volatility and Correlation"" (Andersen, Bollerslev, Diebold, and Labys 1999) ""Modeling and Forecasting Realized Volatility"" (Andersen, Bollerslev, Diebold, and Labys 1999) Other efforts have looked at high/low data to improve the forecast without including all the tick data. Robert Almgrem has a nice lecture on the subject as part of his ""Time Series Analysis and Statistical Arbitrage"" course at NYU. What's the best way for forecast volatility using high-frequency data? Note: A similar question was previously asked on Wilmott .",27,https://quant.stackexchange.com/questions/751/how-to-forecast-volatility-using-high-frequency-data,"Relevant paper: Efficient Estimation of Volatility using High Frequency Data (Zumbach, Corsi, and Trapletti 2002) http://www.olsen.ch/fileadmin/Publications/Working_Papers/020221-efficientVolEstimator.pdf",8,False,False,CC BY-SA 4.0,Stack Exchange Inc. - https://quant.stackexchange.com,2026-07-30 19:22:19
StackExchange - Quantitative Finance,1177,Why is volatility mean-reverting?,volatility,We all know it does mean revert. The question is why. What's making volatility mean-revert? Is it some sort of cyclical behaviour of option traders? The way it's calculated? Why?,27,https://quant.stackexchange.com/questions/1177/why-is-volatility-mean-reverting,"Volatility is mean reverting if the underlying security doesn't drop to zero. If the security has some underlying ""value"" then its price is co-integrated with that ""value"". The volatility is the uncertainty of that price as it tracks the security's ""value"". Edit 12/03/2011 ================================================= @pteetor, I may have missed something, but the question was "" Why is volatility mean-reverting?"". I realize that the standard answer is that the VIX (I'm assuming he's asking about the VIX) is related to the historical volatility of the S&P. A simple version of that relationship provides a reasonable R^2 (see Fig. 1). It relates the VIX to the S&P ""wiggliness"" (30-day standard deviation of the daily log differences of the S&P), but it doesn't explain why more or less ""wiggliness"" takes place. To explain that, I have to look at the underlying fundamentals. Figure 2 below, shows the S&P Price (in gray) and what I think is the underlying S&P VALUE (in red). Both lines refer to the left hand scale. This VALUE is calculated from my estimate of sustainable earnings and the appropriate P/E ratio. It is what I think an Investor would set for the ""value"" (money generating value) of the S&P. The blue line is the VIX, and is read on the right hand scale. On the right hand side of the graph, I have divided the VIX range into three regions. From past experience, a VIX of 20 or less seems to be a time of ""Don't Worry, Be Happy"". Personally, that's when I worry the most, but the market seems to be in a care-free state, so I tagged it as such. Next, for a VIX from about 20 to 40, the market seems to be in an ""I'm Nervous"" state (not care-free, but also not panicky). For a VIX above 40, a ""Panic"" state seems to show up. Our current VIX of 28 puts us in the ""I'm Nervous"" state. Now to the issue of WHY . Don't the Happy/Nervous/Panicky states of the VIX have to be consistent with the level of the S&P Price (not just its ""wiggliness"")? If I'm ""Happy"" then I'm happy with the level of the Price. If I'm ""Nervous"" aren't I nervous about the level of the Price? If I'm ""Panicky"" then isn't the level of the Price nose-diving? As an Investor , the only way I can be ""Happy"" with the level of the Price is for the Price to be somewhere near or below my estimate of the VALUE of the S&P. That happened from 1991 to 1997, 2003 to 2007, and part of 2010 and 2011. As an Investor , I will be ""Nervous"" with the level of the Price when the Price is too high compared to the VALUE or when some external ""thing"" is going on (for example, the Euro-mess). That happened in 1990, 1997 to 2003, part of 2007, 2008, 2009, 2010, and 2011. And, as stated above, when ""Panic"" takes place, the market sells everything and the Price level nose-dives (1998 LTCM/Russian thing, 9/11/2001, July and Sept 2002, Sept 2008, the Debt-mess in 2010 and 2011). So, if all of the above fits the hypothesis, then "" Why is volatility mean-reverting?"" can be answered as.....the market has, and probably will continue to spend most of its time in the ""Don't Worry, Be Happy"" state or the ""I'm Nervous"" state (i.e. reverting to a state that is not extreme). I agree that my three-sentence answer at the top of this post left out a lot of details, but it is the short version of the same answer. Edit 12/09/2011 ======================================================= @pteetor, I must be getting old and forgetful. In your comment below, you asked for references (which I forgot to include above). Here are a few: http://faculty.fuqua.duke.edu/~charvey/Research/Working_Papers/W104_The_equity_risk.pdf http://research.stlouisfed.org/wp/2006/2006-007.pdf http://papers.ssrn.com/sol3/papers.cfm?abstract_id=1268567 With a little Googling, you'll find more. In my answer above, I purposely didn't get into my technique for setting the ""value"" of the S&P. It always starts an argument about which is best, Modified Gordon Models, Modified Miller-Modigliani Models, Modified XXXX Models, or whatever. The bottom line is, no matter what valuation technique you use, you'll always find some form of ""equity risk premium"" that is related to volatility. It's just common sense......there has to be a ""price"" for being ""Nervous"" or ""Happy"". Another issue that usually comes up has to do with using Historical Volatility versus Implied Volatility. All I can say is, the volatility part of the equity risk premium existed long before options were traded.",26,True,True,CC BY-SA 4.0,Stack Exchange Inc. - https://quant.stackexchange.com,2026-07-30 19:22:19
StackExchange - Quantitative Finance,2303,What does the VIX formula measure and how does it work?,"options, volatility, implied-volatility, vix","I have read the CBOE's white paper on the VIX and a lot of other things, but I need to honestly say, I don't really get it, or I am missing something important. In semi-layman's terms, is the VIX simply the a measurement of the volume of protective options bought? That is, individual contract volatility increases when the option has been bid up by buyers due to desirability. One contract alone only marginally increases the overall market volatility, but if all contracts were bid up, then the entire VIX would be recalculated (on the fly) to reflect the higher value of protective options as a speculative/hedge solution. Do I understand this correctly, or do I really need to put more time into understanding that formula which comprises the VIX?",27,https://quant.stackexchange.com/questions/2303/what-does-the-vix-formula-measure-and-how-does-it-work,"VIX is a measure of implied volatility , specifically, model-free implied volatility , a concept originally developed by Demeterfi et. al. at Goldman Sachs in the 1990s . One of my recent questions, How to extrapolate implied volatility for out of the money options? , addressed some aspects of MFIV, and the papers mentioned in the question and answers will give you some more background on the concept. Also check out this JPMorgan research piece . The VIX is the square root of the market-implied variance swap rate, calculated based on the exchange-traded options portfolio typically used to hedge an OTC variance swap. It has nothing to do with options volume. As to the effect of individual contracts (strikes) on the VIX, that depends on how far out of the money they are. The CBOE's calculation uses exclusively OTM options. If the implied volatility of an option near the money changes, it will have a much greater effect than a far OTM option. All prices of all options are changing constantly in line with changes in the index, but the VIX calculation takes that into account in a very clever way (i.e., without resorting to the Black-Scholes model or its assumptions). Also, (implied) volatility does not necessarily increase if an option's price increases, if the underlying has also been moving. Further, since VIX is based on the mid quoted price, no actual trading needs to take place for the VIX to change.",18,True,True,CC BY-SA 4.0,Stack Exchange Inc. - https://quant.stackexchange.com,2026-07-30 19:22:19
StackExchange - Quantitative Finance,61153,What are the recent quantitative finance papers we should all read?,"research, papers",Which papers released in the last five years should all quants read to keep up to date on recent developments? See this question for the best must-read papers of all time. The bar for inclusion for an answer to this question is a bit lower. I'm more interested in papers that start new trends or give a very good overview of a new subfield. Another older question with good answers is this one .,27,https://quant.stackexchange.com/questions/61153/what-are-the-recent-quantitative-finance-papers-we-should-all-read,"Rough Volatility Gatheral, Jaisson and Rosenbaum (2018, QF) further popularise a stream of the literature which emphasises the non-smoothness of volatility paths. These models build on a fractional Brownian motion, with Gatheral et al. proposing a Hurst parameter $H<\frac{1}{2}$ and demonstrating the model's ability to match volatility time series. Fractional volatility models trace back at least as far back as Comte and Renault (1998, MF) . An extensive list of papers in the area is given here . Recent contributions include, for example, El Euch and Rosenbaum (2019, MF) deriving the corresponding characteristic function for the rough Heston model (at least numerically) and Horvath, Jacquier and Tankov (2020, SIAM JFM) studying how rough volatility models apply to the pricing of volatility options. Recovery Theory In one of his last published papers, Steve Ross tried the impossible to recover the physical distribution of future stock prices from observed option prices, see his 2015 JF publication . Jackwerth and Menner (2020, JFE) cast doubt whether the recovery theorem is compatible with future realised returns and variances. Peter Carr answers this question here on Quant.SE and gives an online lecture about the topic here . Factor Models Fama and French (2015, JFE) add two new factors to their seminal three factors model (namely RMW and CMA, capturing risk associated to profitability and investment). Hou, Xue and Zhang (2015, RFS) provide an alternative four factor model based on $q$ -theory. Barillas and Shanken (2018, JF) and Stambaug and Yuan (2017, RFS) propose alternative factors. Hou, Mo, Xue, Zhang (2017, RF) show that their $q$ -theory model seems to dominate others using spanning regressions. Other Good Reads Guyon (2020, Risk) proposes a solution for the joint calibration problem of S&P and VIX options. Grasselli (2017, MF) presents his 4/2 stochastic volatility model which neatly unifies the Heston model and the 3/2 model. Zhang (2017, EFM) summarises a large body of research on investment-based asset pricing, culminating in the investment CAPM, which is as simple as the standard (consumption) CAPM yet empirically more successful in explaining the cross-section of stock returns. Cochrane (2017, RF) gives a recent survey about popular asset pricing models. RFS editor Itay Goldstein invited leading researchers to share their opinions about which questions will invoke interesting research in asset pricing for the years to come, see the 2021 paper here . Harvey, Liu and Zhu (2016, RFS) and Hou, Xue and Zhang (2020, RFS) cast doubt over the ever growing ''factor zoo'' in finance by questioning how many ''anomalies'' can robustly be replicated. J.P. Morgan (2019, SFI) present their extension of Deep hedging using Reinforcement Learning with optimal execution which challenges complete markets and perfect hedging. RL is the new wave in finance industry (trading, execution and portfolio optimisation) and is here to stay, must read",19,False,False,CC BY-SA 4.0,Stack Exchange Inc. - https://quant.stackexchange.com,2026-07-30 19:22:19
StackExchange - Quantitative Finance,81,Is there any theoretical basis for pattern-recognition strategies?,theory,"Mean-reversion and trend-following strategies have some kind of a theory behind them that explains why they might work, if implemented well. Pattern-recognition, on the other hand, seems like nothing more than data mining and overfitting. Could patterns possibly have any predictive value? In other words, is there any theoretical reason why a pattern observed in historical data would be repeated in the future, other than random chance or self-fulfilling prophecy where the pattern ""works"" because enough traders use it?",26,https://quant.stackexchange.com/questions/81/is-there-any-theoretical-basis-for-pattern-recognition-strategies,"Weak form market efficiency says that you can't predict prices based on past prices. Or that technical analysis doesn't work. I think that the tests of weak form market efficiency are pretty conclusive and show that the US stock market is weak-form efficient; at least on a a timeline longer than a few minutes. That's not to say that markets are ""efficient"". The tests of semi-strong form efficiency (i.e., can't predict prices from all public info) are still debated a little, but I think most would say that markets are not semi-strong form efficient. You can do fundamental analysis have a chance a determining winners and losers. And markets are definitely not strong form efficient (i.e., can't predict prices from all info, public and private). So does technical analysis work? I don't think so. Some may be earning abnormal returns, but they're likely taking risks that aren't obvious from the charts. Or in the context of mean reversion, yes, most of the time things revert to the mean, but they may not revert to the mean within your tolerance for pain. I think the best light read on the mean reversion topic is ""When Genius Failed"". Their convergence trades on off-the-run and on-the-run Treasuries were ""right"", but they went further away from the mean before converging after insolvency.",13,False,False,CC BY-SA 4.0,Stack Exchange Inc. - https://quant.stackexchange.com,2026-07-30 19:22:19
StackExchange - Quantitative Finance,251,QuantLib in industry,"software, quantlib",How much is QuantLib used in industry and how much street cred does it have?,26,https://quant.stackexchange.com/questions/251/quantlib-in-industry,"It's a very good and useful question. And it is bloody hard to answer just like many other questions relating to the proprietary nature of how banks and funds implement their core technology. A better route may be to ask on the QL lists, and/or to inquire as to who actually attented the first Quantlib forum in London last month. Another route would be to see who StatPro lists as clients. I have been near QL for a long time based on my RQuantLib bindings to GNU R . That obviously covers only a subset of users (those who like R) as well as functionality but I can assure you that I have been in contact with a number of places about it. Which makes perfect sense: this is open source code, so you can always bring it in to at least provide a benchmark or reference implementation.",14,True,True,CC BY-SA 4.0,Stack Exchange Inc. - https://quant.stackexchange.com,2026-07-30 19:22:19
StackExchange - Quantitative Finance,1391,Papers about backtesting option trading strategies,"options, backtesting, quant-trading-strategies, research, option-strategies",I am looking for all kinds of research concerning option trading strategies. With that I mean papers that publish results on different option trading strategies properly backtested with real-world data.,26,https://quant.stackexchange.com/questions/1391/papers-about-backtesting-option-trading-strategies,"I did some digging and found the following papers - most of them offering quite a distinct perspective compared to classical option pricing theory! Stock Options as Lotteries by Brian H. Boyer et al. (2011) The Efficiency of the Buy-Write Strategy: Evidence from Australia by Tafadzwa Mugwagwa et al. (2010) The following is my favorite: You could do some backtests on your own with freely available data (using the VXO as volatility information) and with any spreadsheet - easy and elegant: How Students Can Backtest Madoff’s Claims by Michael J. Stutzer (2009) Loosening Your Collar: Alternative Implementations of QQQ Collars by Edward Szado et al. (2009) A Study of Optimal Stock & Options Strategies by Mihir Dash et al. (2008) Is There Money to Be Made Investing in Options? A Historical Perspective by James S. Doran et al. (2008) EDIT: I will update this answer from time to time when new interesting papers arive: 15 Years of the Russell 2000 Buy-Write by N. Kapadia and E. Szado (2011) EDIT 2: I just published a blog post where I replicate the abovementioned paper by Stutzer (2009): Backtesting Options Strategies with R In the post, I provide the fully documented R code for your own experiments. For details please consult the post.",23,True,True,CC BY-SA 4.0,Stack Exchange Inc. - https://quant.stackexchange.com,2026-07-30 19:22:19
StackExchange - Quantitative Finance,2278,How are limit orders selected from the order book?,limit-order-book,"When someone places a market order, which order(s) from the limit order book are selected to fill that? If I place a limit order to buy at the highest bid, I'm bidding the same as the other highest bids, so when market orders to sell come through get matched with highest bids, how are bids selected? Is it random, in order by time, size, or another mechanism? If it is by time like FIFO, let's say I placed many limit orders long in advance at prices well out of the money. Could I get myself to the top of the queue at all these prices just by placing my orders anticipating a possible drop?",26,https://quant.stackexchange.com/questions/2278/how-are-limit-orders-selected-from-the-order-book,"This is determined through order precedence rules . In most markets, these are Price priority : precedence goes to the best ask or bid offers. Time precedence : precedence goes to who improves the current ask or bid offers. In computer-speak that's FIFO. It encourages the market participants to improve prices aggressively. Public order precedence : public orders have precedence over hidden orders. As I pointed out before, rules for some futures markets can be quite different (see this answer ). The pro-rata allocation used in some futures markets is sometimes referred to as size precedence : when two or more orders are at parity (according to the enforced priority rules) orders fill in proportion to sizes. Let me add that precedence across exchanges is determined by Regulation NMS. The NBBO (National best bid and offer) for a stock is the best bid or offer sent by a market center to the SIP (Security Information Processor). This best price has the precedence across exchanges, and market orders should be routed towards the venue which displays the NBBO. In practice this is hard to enforce (see Nanex on this and the now-banned flash orders ).",26,False,False,CC BY-SA 4.0,Stack Exchange Inc. - https://quant.stackexchange.com,2026-07-30 19:22:19
StackExchange - Quantitative Finance,2529,How do I adjust a correlation matrix whose elements are generated from different market regimes?,"market-regimes, correlation-matrix","Say I want to calculate a correlation matrix for 50 stocks using 3-year historical daily data. And there are some stocks that were recently listed for one year. This is not technically challenging because the correlation function in R can optionally ignore missing data when calculating pair-wise correlation. But honestly it worried me after deep thought: all the correlations for the short listed stock will bias to the regime it live in. For example, a stock that exists only in last few months will inevitably have higher correlation than the stocks that have full 3-year history. And I think it will cause bias and annoying problems in the following applications using this correlation matrix. So, my question is: how do I adjust my correlation matrix whose elements are generated from different market regimes? I feel a dilemma. In order to assure that the whole matrix live in the same regime, it seems that either I need to use least possible samples, or I have to throw that stock away. But either way looks a waste to me. I know the correlations for that stock got to be lower, but how much lower? Is there an approach or formula derived from solid arguments? I did some research and surprisingly found that all public research on correlation matrix assuming adequateness of data. How can it be possible in practice?! A mystery for me to see this seemingly common problem has not been publicly addressed.",26,https://quant.stackexchange.com/questions/2529/how-do-i-adjust-a-correlation-matrix-whose-elements-are-generated-from-different,"Quant Guy's list is really impressive! However, I am not sure they will readily solve your specific problem? I think there is one missing piece . Please note that imputing missing data is a very broad topic. There are many recipes to impute missings but that's for their specific 'assumptions' and purposes. They do not necessarily intend to well address your specific problem: the regime change. To best address your specific problem, you have to quantitatively define the market regime as a part of your adjusting formula. Otherwise, it wouldn't logically make sense that your model is aware of and able to react to it properly. In Stambaugh's '97 research (which I think is the most relevant reference Qaunt Guy listed), Stambaugh's formula actually used B = V21*V11^(-1), i.e. Beta, to make adjustment. I have to say that not soon after, the history has taught us how vulnerable the beta is for several times, especially in a rapidly changing market environment (but I guess the application of Beta was still novel and not that fragile in the epoch of '90s?). Now let's define market regime quantitatively. In common sense, average correlation is a pretty neat regime indicator . Simple and intuitive, easy to employ in a proprietary model (and I feel that's why Ledoit-Wolf's model is that popular :)). But yes, as Branson pointed out in Ian's answer, there is possibility that we will get very undesirable results. One of the potential solutions is to map the intuitive indicator to proper space/dimension for operations, and then transform it back . This is a very useful technique that is commonly employed in machine learning. Correlation lives in a very constrained space [-1,1] and this greatly restricts what we can do about it. (Please don't think covariance will be less constrained. When you put them together in a matrix, trust me, it will be as constrained as correlation. Correlation is actually easier to work with to see possible problems) Now, how about mapping correlation to an equally intuitive (at least to me) but less constrained space, Signal-to-Noise Ratio (SNR) = Correlation^2 / (1 - Correlation^2) ** Correlation = sqrt(snr/(1+snr)) and refine my regime indicator as the median of SNR . (*I rarely use average in financial applications) I don't know how people feel about SNR, but I feel very comfortable with a background in EE. In communication system, SNR is exactly the regime (environment) indicator that characterizes a channel. I feel a significant analogy here. The remaining work will be straightforward. I will use the ratio of my regime indicators as a multiplier to adjust young asset's pairwise SNRs against other assets. Then map the final adjustment back to correlations. You will at least gain the following benefits using this approach: Correlations won't blow up as in your first attempt Original ranking of pairiwise correlation (with short-lived assets) is preserved Much easier to implement. No need to impute missing data. Intuitive (to me), east to understand what's going on in your code. This approach is compatible with many other techniques in Quant Guy's references such as Ledoit-Wolf Shrinkage, RMT, and weighted representative covariance matrices. Last but not least, this is a collaboratory idea with one of my most brilliant colleagues and close friend, Manish Agarwal.",18,True,True,CC BY-SA 4.0,Stack Exchange Inc. - https://quant.stackexchange.com,2026-07-30 19:22:19
StackExchange - Quantitative Finance,2753,How do different methods and techniques used in pairs trading compare?,"quant-trading-strategies, arbitrage, cointegration, pairs-trading","I was going through the paper of Avellaneda (2008) on stat arb and I found it interesting that he uses asset returns vs. their respective ETFs to compute the s-score. I am wondering if anyone has tried this approach to pairs trading. How does it compare to Johansen's method , where the actual price series is used? I can't imagine this approach being stable if trying to trade intraday, due to all these return computations. I haven't tried either method so I would appreciate some feedback on your experience.",26,https://quant.stackexchange.com/questions/2753/how-do-different-methods-and-techniques-used-in-pairs-trading-compare,"Both models are based on a spread, which has to be as stationary / mean reverting as possible. $ y_t = \beta_0 + \beta_1 x_t + \epsilon_t $ In pairs trading, $y_t$ and $x_t$ are log prices, and (e.g.) the Johansen cointegration test is used to identify candidates for a pairs trade. For entry and exit points an error correction model is used. In the Avellaneda & Lee (AL) paper the $y_t$ and $x_t$ are indeed the returns. Mean reversion is modeled as an Ornstein-Uhlenbeck process on the cumulated residuals $ X_k = \sum_{t=1}^k \epsilon_t,\ \ k = 1,2,...,T$ which are stationary (mean zero) by construction. Since the residuals are cumulated or 'integrated' they are stable and may display mean reversion, much like in traditional pairs trading. I see two important differences: the AL method is (as the title says) a statistical arbitrage approach where $x_t$ are risk factors or baskets of securities, such as the PCA and ETF examples in the paper: it is not limited to pairs. Also, in AL there is no explicit test of the cointegration strength, as the mean reversion is built into the model.",4,False,False,CC BY-SA 4.0,Stack Exchange Inc. - https://quant.stackexchange.com,2026-07-30 19:22:19
StackExchange - Quantitative Finance,4160,Discrete returns versus log returns of assets,"asset-returns, log-returns",There have been similar posts here already but nevertheless I find the question worth posting: why do some people claim that log returns of assets are more suitable for statistics than discrete returns. E.g. in the ESMA CESR guidliens about SSRI log returns are used. I personally think that discrete returns are as good for means of risk management as continuous returns. Furthermore in portfolio context I can calculate the portfolio return by weighting the discrete returns of the assets which does not work with log returns. The time-aggregation of log returns is easier that's true. But people rather think in discrete returns. If my NAV drops from $100$ to $92$ then I have lost $8\%$ and that's it. Is there any study on this - any good reference? Anything that I can tell my regulator why I stick to discrete returns.,26,https://quant.stackexchange.com/questions/4160/discrete-returns-versus-log-returns-of-assets,"Arithmetic returns allow for easier cross-sectional aggregation and log returns allow for easier time-aggregation. The reason people use log returns (for equities) is that they are approximately invariant and hence easier to work with in estimating distributions. Meucci does better justice in describing invariance here . The basic idea (again, for equities) is that the distribution of security prices is log-normal, so the arithmetic returns will also be. However, making a log transformation results in approximately normal returns, which are easier to work with. Also, if you do assume them to be normally distributed, then there are convenient results for the convolution of multivariate normal series. This is what allows for easier time-aggregation. However, you shouldn't take log returns and use them to obtain the arithmetic portfolio return. This is because while you can link them through time, the math doesn't work out, particularly at long horizons, cross-sectionally. Hence, after estimating the distribution of the log returns, proper procedure is to convert the them to arithmetic returns for the purposes of portfolio optimization and risk management.",20,True,True,CC BY-SA 4.0,Stack Exchange Inc. - https://quant.stackexchange.com,2026-07-30 19:22:19
StackExchange - Quantitative Finance,4599,When does delta hedging result in more risk?,"options, risk, hedging","A question from an interview book: When can hedging an options position make you take on more risk? The answer provided is the following: Hedging can increase your risk if you are forced to both buy short-dated options and hedge them. And it gives an example that you short the stock to hedge, and the stock price rises up to strike so the option expires worthless, then you lose on both the options and the short stock position. Therefore you are worse off than if you had not hedged. What I don't quite understand is that, in that example, if the stock price goes down, I would gain on my short stock position, why didn't it being taken into account? Also, I hope to have an analytical formula to see the ""risk"" more clearly. Could anyone help me with this one?",26,https://quant.stackexchange.com/questions/4599/when-does-delta-hedging-result-in-more-risk,"E.g. on Monday you get forced to buy some Friday expiry OTM puts, say 95% strike S&P weeklies. Of course, you go and buy some delta against them to ""hedge"" yourself. Next thing you know, the the market tanks. Unfortunately, by Friday it's only down 3.5%, so it's does not fall far enough to reach the strike. So, on Friday expiration, you are out your premium and down money on your delta. Overall, it's a pretty typical ""painful moment"" for a market maker. Usually, in this case you are better off selling some ATMish gamma and leaving the tinys to decay in peace. Should the market really take a dive, you got some lottery tickets.",15,False,False,CC BY-SA 4.0,Stack Exchange Inc. - https://quant.stackexchange.com,2026-07-30 19:22:19
StackExchange - Quantitative Finance,8843,What are modern algorithms for trade classification?,market-microstructure,"When dealing with trade data, for example from TAQ, a common problem is that of determining whether a trade was a buy or a sell . The most commonly used classifier is the Lee-Ready algorithm ( Inferring trade direction from intraday data , 1991). Unfortunately, this method is known to be inaccurate: Lee and Radhakrishna ( Inferring investor behaviour: evidence from TORQ data , 2000) report that Lee-Ready incorrectly classifies 24% of the trades inside the spread. How to improve on Lee-Ready's recipie? What are the best algorithms for trade classification?",26,https://quant.stackexchange.com/questions/8843/what-are-modern-algorithms-for-trade-classification,"There are a few approaches to use trade prices and quotes to classify the aggressor as ""buy"" or ""sell."" Also, many of these methods have historically had to deal with unsynchronized data streams. Classification of Approaches We can largely break trade classification methods into four types: Tick tests , advocated by Finucane (2000) , compare a trade price to the previous differing trade price with upticks (downticks) being evidence of a buy (sell); Midpoint tests , advocated by Lee and Ready (1991) , compare a trade price to a contemporaneous midpoint (average of bid and ask prices) with trades above (below) the midpoint being classified as buys (sells) and trades at the midpoint being resolved with a tick test; Bid/ask tests , advocated by Ellis, Michaely, and O’Hara (2000) , compare a trade price to the contemporaneous bid and ask prices with trades at the ask (bid) being classified as buys (sells) and other trades being resolved by a tick test; and, Modeled tests , advocated by Rosenthal (2012) , incorporate all of the above tests in a linear model as well as accounting for autocorrelations and uncertainty about what contemporaneous quotes were at the time of trading. The Fallback Methods One of the issues with the LR and EMO approaches is they may be indeterminate: a trade may occur that is not at the contemporaneous bid or ask and may even occur at the midpoint. Both approaches the default to the tick test -- since they are mandated to classify every trade. Chakrabarty, Li, Nguyen, and Van Ness (2007) modify the fallback rule of EMO: they use the tick test for trades outside the spread or in the middle 40% of the spread; a trade price within the lowest 30% inside the spread is treated as trading at the bid (and so classified as a sell) and a trade price within the highest 30% is treated as trading at the ask (and classified as a buy). Rosenthal (2012) takes evidence from the tick test, midpoint test with no fallback, and bid/ask test without fallback -- as well as lagged versions of these tests. Furthermore, the bid/ask test term uses a metric for proximity to the bid or ask, which is similar to Chakrabarty et al albeit not asymmetric in how it handles trades outside the spread. Contemporaneous Quotes? Another problem mentioned in many of these methods is that trade and quote streams are not synchronous: quote updates may occur at different times than when trades are published. Typically, quotes in these situations are updated quickly while trades are published with some delay. Some exchanges have justified this by saying the delay allows market makers time to hedge. However, regulation alone offers differing incentives: quotes must always be up-to-date and traders are held to trading at their quotes... while trades must be published within a short timeframe (often on the order of seconds, a relative eternity in modern markets). What Delay to Use? The LR method assumes a 5-second delay from quote updates to trade publishing; thus, they look back 5 seconds from trade times. (Note that this is inaccurate in the databases they used since those records only had resolution to the second.) The EMO method uses no delay even though they admit the data have a delay. Vergote (2005) suggests using a 2-second delay, while Henker and Wang (2006) suggest a 1-second delay. Using a Delay Distribution The modeled method estimates a delay distribution and uses that to estimate the bid and ask (and hence midpoint) contemporaneous with the time of trading. That distribution suggests mean delays of 5 seconds for Nasdaq stocks and 0.8 seconds for NYSE stocks, with standard deviations of 3.9 seconds and 1.0 seconds. Searching for the Best Match Among Quotes A novel approach that ignores delay times is taken by Jurkatis (2018, third essay) . This approach modifies the EMO method to instead finds prior quotes whose updates are best matched to the trade to determine whether the trade occurred at the bid or ask. The method also allows for multiple possible matches. Better Data Some markets do not have asynchrony between trade and quote data. For example, data from the CME has trades and order book updates in the same stream. In these data, quotes are updated immediately after a trade and trades indicate whether the buyer or seller was the aggressor. While equities data now has millisecond- or microsecond-resolution timestamps, many equity venues still have delays between trade and quote data streams. While delays have decreased in equity markets, the number of trades has also increased making the delay problem still of concern. Unusual Results for Odd-Lot Trades Rosenthal notes that odd-lot trades (trades of a size below a ""round lot,"" typically 100 shares) are harder to classify that round-lot trades. Odd-lot trades at the midpoint are misclassified by most methods to the extent that a ""coin flip"" would be more accurate. The fact that odd-lot orders were not protected by order handling and display rules is suggested as a reason for the difference in classification accuracy. O'Hara, Yao, and Ye (2014) note that odd-lot orders are also often missing from data sources such as TAQ and that these orders tend to be associated with more trading based on information asymmetry. While some venues have begun reflecting odd-lot orders in their data feeds (thus respecting order handling and display rules for odd-lot orders), that is still not universal. As of now, Nasdaq may aggregate odd-lot orders so long as their aggregation is at least a round-lot. Bulk Volume Classification Easley, Lopez de Prado, and O'Hara (2016) propose to instead classify groups of trades, which they refer to as bulk volume classification . This approach (and others like it) face a few problems. First, they are solving a different problem that that posed here. Many different problems in market microstructure require classifying individual trades as buyer- or seller-initiated. Classifying a group of trades estimates the distribution of trade initiators (buyers vs sellers), but it does not classify individual trades. That makes these methods unhelpful for many inferences. Second, these methods also are not clearly superior to the individual classification approaches mentioned. Andersen and Bondarenko (2015) and Chakrabarty, Pascual, and Shkilko (2015) show that the BVC method has lower classification accuracy than the tick test or LR methods. Performance Finally, how do these methods perform? Across many of the articles referenced, there is a consistent pattern of performance: BVC tests do the worst, tick tests do better than BVC tests, midpoint (LR) tests do better than tick tests, quote (EMO) tests do better than midpoint tests, and the Rosenthal (modeled) and Jurkatis methods do the best of all. Unfortunately, the modeled and Jurkatis methods have not been compared.",18,True,True,CC BY-SA 4.0,Stack Exchange Inc. - https://quant.stackexchange.com,2026-07-30 19:22:19
StackExchange - Quantitative Finance,11564,Why shrink the covariance matrix?,"statistics, portfolio-management, covariance, portfolio-optimization","I'm trying to understand why it's useful to shrink the covariance matrix for portfolio construction or in fact general. Think I missing something. I know if you have 5,000 stocks it's a lot of calculations but if we assume that computing power is not a problem.",26,https://quant.stackexchange.com/questions/11564/why-shrink-the-covariance-matrix,"Have a look at this classic paper: Honey, I Shrunk the Sample Covariance Matrix by O. Ledoit and M. Wolf The abstract answers your question already: The central message of this article is that no one should use the sample covariance matrix for portfolio optimization. It is subject to estimation error of the kind most likely to perturb a mean-variance optimizer. Instead, a matrix can be obtained from the sample covariance matrix through a transformation called shrinkage. This tends to pull the most extreme coefficients toward more central values, systematically reducing estimation error when it matters most. Statistically, the challenge is to know the optimal shrinkage intensity. Shrinkage reduces portfolio tracking error relative to a benchmark index, and substantially raises the manager's realized information ratio. N.B.: Shrinking in this context does not mean use fewer values! If you want to perform a few experiments yourself, then the Python pyportfolioopt package is for you.",18,True,True,CC BY-SA 4.0,Stack Exchange Inc. - https://quant.stackexchange.com,2026-07-30 19:22:19
StackExchange - Quantitative Finance,14755,Why should we expect geometric Brownian motion to model asset prices?,"black-scholes, stochastic-processes, modeling, brownian-motion","Disclaimer: I am a complete ignoramus about finance, so this may be an inappropriate forum for me to ask a question in. I am a mathematician who knows nothing about finance. I heard from a popular source that a something called the Black-Scholes equation is used to model the prices of options. Out of curiosity, I turned to Wikipedia to learn about the model. I was shocked to learn that it assumes that the log of the price of an asset follows a Brownian motion with drift (and then the asset price itself is said to follow a ""geometric"" Brownian motion). Why, I wondered, should that be a good model? I can understand that asset prices have to be unpredictable or else smart traders would be able to beat the market by predicting them, but there would seem to be many unpredictable alternatives to geometric Brownian motion. I have found one source that addresses my question, the following book chapter: http://www.probabilityandfinance.com/chapters/chap9.pdf and an argument it alludes to in chapter 11 of the same book. The analysis here looks very interesting, and I am curious if it is generally accepted in the finance community. I have not studied it enough to understand how realistic its assumptions are, however. It apparently depends on a ""continuous time"" assumption that seems like it might not be very realistic given that real markets move in response to discrete news events such as earnings announcements.",26,https://quant.stackexchange.com/questions/14755/why-should-we-expect-geometric-brownian-motion-to-model-asset-prices,"To provide a straight forward answer: It is not a good model. It never was, it never will be. Until we all do not come up with a better model that provides better modeling accuracy while it is equally intuitive and makes similarly simplifying assumptions the BS model with its geometric brownian motion component is here to stay. It actually does not matter what model the market agrees on to use for the purpose of translating between an option price and its implied volatility. BS is merely a translation tool, nothing more, nothing less. What is really priced by the market is implied volatility. What is traded, however, is the option price. Hence, as long as the market agrees on one standardized model it does not matter what exact model we are talking about. Example: When a broker dealer and buy side trader agree on the particulars of a standard European or American option they obviously have to agree on price, however, if the price diverts by a significant amount between both desks then both traders interact which implied vols they are taking into account. Hence the model and underlying driving brownian motion plays a very insignificant role in this particular context. Models and their underlying assumptions become much more important when forecasting asset prices as well as when pricing non-standard (aka non vanilla) derivatives products where the model is sufficiently complex and there are a number of input variables that the choice of models make a significant difference. Example: A more complex interest rate structured note, such as a PRDC. It is very easy to arrive at a 50bps-1% pricing differential when making slight adjustments to modeling assumptions, the way correlations are computed, or what have you. Models are not created or chosen on the basis of whether ""smart traders"" are able to ""beat"" the market. The market imho is maybe the second most complex construct after the human brain, more complex than any concept in Physics, Mathematics, or other science. Nothing in the market is stable, we are exposed to ever changing complexities, correlations, and micro market dynamics. Models are chosen to somewhat approximate the statistical properties of market behavior but much for their simplicity and intuition. It might be shocking news to some academicians that most seasoned trading practitioners attach much more importance, time, and efforts to improving risk managing and risk limiting models as well as approaches than to pricing models in the full knowledge that pricing models will always be imperfect and never capture all the dynamics in the market. It might also be in complete disagreement with many pure quants when I say that it is utterly unimportant whether I price an option using a geometric brownian motion or an arithmetic one. Sure we will end up with a different option price, but so what? Which one is more accurate? It does not matter. Why? Example: If my model constantly overprices option prices then I pay each time above fair market when I buy and I am not able to sell to other market practitioners at the prices I believe are fair. What will I do? I will tweak my model until I get to where most other practitioners price. Result? Most traders align their models like ducks in a row. More or less all models on the street are identical. And if a new model pops up or someone makes slight improvements that are worthy of studying then you can trust me that such model makes it (legally or illegally) across most firms' desk in no time. The result is the same in that most practitioners price with very similar models, you can call it Black Scholes or anything else you want. My sobering assessment of how to ""engineer"" statistically significant profits in the market is that there are very few who truly understand the relationships between the real economy and market dynamics. Very few consistently outperform the broad market. Guess what most of them have in common? An uncanny willingness and ability to buy risk off those whose risk limits are breached (emotionally or through hard-coded limits)and an incredible attention to detail when it comes to managing risk exposure. A small handful of such minority are applying quantitative or mathematical concepts to how they invest and trade.",15,False,False,CC BY-SA 4.0,Stack Exchange Inc. - https://quant.stackexchange.com,2026-07-30 19:22:19
StackExchange - Quantitative Finance,17157,Difference between the two Bloomberg codes,"market-data, bloomberg","Bloomberg always have two codes for the same instruments. For example, for Apple, Bloomberg has AAPL US and AAPL UW . I am wondering what is the difference between these two codes? As far as I can tell, if the stock is a US one, there will always be a code of the form ""xxxx US"". [Update] So after working on the equity tech team for a year, now I have a much better understanding of it. Bloomberg has two types of identifiers, one called Bloomberg Exchange Ticker, one called Bloomberg Composite Ticker. The Exchange vs. Composite is the pricing source concept mentioned by others. The Bloomberg Exchange Ticker is relatively simpler to understand - it just stands for a security on a particular exchange. So if you go to Bloomberg terminal and ask it to give prices (last, bid, ask) for a Bloomberg Exchange Ticker (IBM UN for example), Bloomberg will give you the price only for that particular exchange (NYSE). The Bloomberg Composite Ticker will combine prices from all possible exchanges and gives you an aggregated feed. For example, the last/bid/ask retrieved for IBM US will be: most recent last price happened on any exchange current highest bid on all exchanges current lowest ask on all exchanges Usually the composite ticker will end with country code: IBM US, AAPL US, 1 HK etc. The Bloomberg exchange ticker will end with Bloomberg allocated exchange code: IBM UN (NYSE), AAPL UW (NASDAQ) etc.",26,https://quant.stackexchange.com/questions/17157/difference-between-the-two-bloomberg-codes,UW = NASDAQ Global Select Market US = US Composite source : http://bsym.bloomberg.com/sym/pages/pricing_source.xls see also : http://bsym.bloomberg.com/sym/,11,True,True,CC BY-SA 4.0,Stack Exchange Inc. - https://quant.stackexchange.com,2026-07-30 19:22:19
StackExchange - Quantitative Finance,344,What is the implied volatility skew?,"options, option-pricing, implied-volatility, volatility-skew","I often hear people talking about the skew of the volatility surface, model, etc... but it appears to me that there isn't a clear standard definition unanimously used by practitioners. So here is my question: Does anyone have a clear and unifying definition that can be stated in mathematical terms of what skew is in the context of risk neutral pricing? If not, do you have a set of definitions of the skew with respect to a specific context?",25,https://quant.stackexchange.com/questions/344/what-is-the-implied-volatility-skew,"Scott Mixon argues in What Does Implied Volatility Skew Measure that among all measures of implied volatility skew, the (25 delta put volatility - 25 delta call volatility)/50 delta volatility is the most descriptive and least redundant (volatility is Black-Scholes implied volatility). His paper, recently published in the Journal of Derivatives , gives a number of both theoretical and empirical arguments in favor of this measure. He distinguishes between ""skew"", which is a measure of the slope of the implied volatility curve for a given expiration date, and ""skewness"", which is the skewness of an option implied, risk neutral probability distribution. To calculate the latter, one needs to have a theoretical framework or model, whereas the former is easily observable from options prices.",16,True,True,CC BY-SA 4.0,Stack Exchange Inc. - https://quant.stackexchange.com,2026-07-30 19:22:19
StackExchange - Quantitative Finance,529,How to quickly estimate a lower bound on correlation for a large number of stocks?,"time-series, correlation, numerical-methods","I would like to find stock pairs that exhibit low correlation. If the correlation between A and B is 0.9 and the correlation between A and C is 0.9 is there a minimum possible correlation for B and C? I'd like to save on search time so if I know that it is mathematically impossible for B and C to have a correlation below some arbitrary level based on A to B and A to C's correlations I obviously wouldn't have to waste time calculating the correlation of B and C. Is there such a ""law""? If not, what are other methods of decreasing the search time?",25,https://quant.stackexchange.com/questions/529/how-to-quickly-estimate-a-lower-bound-on-correlation-for-a-large-number-of-stock,"Yes, there is such a rule and it is not too hard to grasp. Consider the 3-element correlation matrix $$\left(\begin{matrix} 1 & r & \rho \\ r & 1 & c \\ \rho & c & 1 \end{matrix}\right)$$ which must be positive semidefinite . In simpler terms, that means all its eigenvalues must be nonnegative. Assuming that $\rho$ and $r$ are known positive values, we find that the eigenvalues of this matrix go negative when \begin{equation} c<\rho r-\sqrt{1-\rho ^2+\rho ^2 r^2-r^2}. \end{equation} Therefore the right hand side of this expression is the lower bound for the AC correlation $c$ that you seek, with $\rho$ being the AB correlation and $r$ being the BC correlation.",26,True,True,CC BY-SA 4.0,Stack Exchange Inc. - https://quant.stackexchange.com,2026-07-30 19:22:19
StackExchange - Quantitative Finance,879,Can the concept of entropy be applied to financial time series?,time-series,I am not familiar with the concept of entropy for time series. I am looking for good reference papers and examples of use.,25,https://quant.stackexchange.com/questions/879/can-the-concept-of-entropy-be-applied-to-financial-time-series,"As a good starting point read this recent paper by Jing Chen: http://papers.ssrn.com/sol3/papers.cfm?abstract_id=1734526 For a special use of the entropy concept for forecasting the '87-crash read this paper: http://papers.ssrn.com/sol3/papers.cfm?abstract_id=959547 (Although I tried to contact the authors to get the data to reproduce their findings, which they didn't send, it is still an enlightening read) For a more popular exposition of the use of entropy in money management (key word 'Kelly formula') you should read this intelligent page turner by Poundstone: Fortunes Formula EDIT: Quite an interesting paper is this one where Black-Scholes is derived through the use of concepts of relative entropy: http://www.mdpi.com/1099-4300/2/2/70/",17,True,True,CC BY-SA 4.0,Stack Exchange Inc. - https://quant.stackexchange.com,2026-07-30 19:22:19
StackExchange - Quantitative Finance,1379,Implementing data-structures in a Limit order book,"programming, limit-order-book, market-microstructure","I'm working on implementing a 'LOB' and I'm being very careful about choosing my data-structures so as to maximize performance. Using F# as an example, I need to consider a List versus Array for holding 'Bids' and 'Asks'. Because these lists are constantly being updated very rapidly, and the orders that need to be removed, added, updated quickly, I would think 'Array' because of 'efficient random access'. That being said, Lists (singly-linked in a functional language like F#) seem to be more versatile, and faster for adding and subtracting from the 'head' of the list, but not necessary good for 'random access'? Thoughts, am I on the right track?",25,https://quant.stackexchange.com/questions/1379/implementing-data-structures-in-a-limit-order-book,"i am not a F# expert but when it comes to performance and thread safety try sorted list or hashset. sorted list if the data needs to be sorted (it gets sorted when added to the list) otherwise hashset, no sorting hence better performance. they are both generic. in addition i would think you need thread safety when reading/writing/updating your data in this case the above will give you performance and safety you need. if i remember correctly the hashtable will give you the identical or close to it times as listed on the page provided by bellamyj above.",8,True,True,CC BY-SA 4.0,Stack Exchange Inc. - https://quant.stackexchange.com,2026-07-30 19:22:19
StackExchange - Quantitative Finance,9351,"Algorithm to fit AR(1)/GARCH(1,1) model of log-returns","optimization, garch, algorithm, arima, curve-fitting","I am fitting numerically an AR(1)/GARCH(1,1) process to index and stock log-returns, $r_t=\log(P_t/P_{t-1})$, where $P_t$ is the price at time $t$, and thus far am not clear on where the observed log returns would be used in an algorithm. Several author groups have described (some in part) the components of the AR(1)/GARCH(1,1) approach, for example: E. Zivot: $$ r_t=\mu + \phi (r_{t-1} - \mu ) + \epsilon_t $$ Rachev et al: $$ \begin{split} r_t&=\mu+\phi r_{t-1}\\ \epsilon_t&=\sigma_t \delta_t \quad \quad (\delta_t \textrm{ is an innovation})\\ \sigma_t &= \sqrt{\alpha_0 + \alpha_1 \epsilon_{t-1}^2 + \beta_1 \sigma_{t-1}^2}\\ \end{split} $$ Brummelhuis & Kaufman: $$ \begin{split} X_t&=\mu_t+ \sigma_t \epsilon_t\\ \mu_t&=\lambda X_{t-1}\\ \sigma_t &= \sqrt{\alpha_0 + \alpha_1 (X_{t-1}-\mu_{t-1})^2 + \beta_1 \sigma_{t-1}^2}\\ \end{split} $$ Jalal & Rockinger: $$ \begin{split} \mu_t&=\phi X_{t-1}\\ \epsilon_t &=X_t - \mu_t\\ \sigma_t &= \sqrt{\alpha_0 + \alpha_1 \epsilon_{t-1}^2 + \beta_1 \sigma_{t-1}^2}\\ \end{split} $$ My approach: $$ \begin{split} \mu_t&=\mu+\phi r_{t-1}\\ \epsilon_t&=r_t - \mu_t\\ \sigma_t &= \sqrt{\alpha_0 + \alpha_1 \epsilon_{t-1}^2 + \beta_1 \sigma_{t-1}^2}\\ \end{split} $$ Given the multiple descriptions above, my interpretation for an algorithm would be: Algorithm for AR(1)/GARCH(1,1): Initialize $\mu=0$, $\sigma_1 = 1$, $\epsilon_1=0$, $\mu=\phi=\alpha_0=\alpha_1=\beta_1=U(0,1)* 0.01$ For $t$ = 2 to $T$: $\quad \mu_t = \mu + \phi r_{t - 1}\quad \quad (\textrm{Log-returns lag-1 input here})$ $\quad \epsilon_t = r_t - \mu_t \quad \quad (\textrm{Log-returns lag-0 input here})$ $\quad \sigma_t= \sqrt{\alpha_0 + \alpha_1 \epsilon_{t-1}^ 2 + \beta_1 \sigma_{t - 1} ^ 2}$ $\quad \hat{r}_t = \phi \mu_{t - 1} + \sigma_t \epsilon_t \quad \quad \textrm{OR}: \hat{r}_t = \mu + \phi \mu_{t - 1} + \sigma_t \epsilon_t \quad \quad ???$ Next $t$ Calculate residual, $e_t=r_t-\hat{r}_t$ Determine $MSE=\frac{1}{T}\sum_t e_t^2$ The algorithm proposed above is essentially the recursive part to calculate the predicted log-returns $\hat{r}_t$ from the input observed returns $r_t$. Innovations or random quantiles from a probability distribution [such as N(0,1) or $t(\nu)$] would not be employed here since we are fitting a model, not simulating. During each iteration, the goodness-of-fit based on proposed parameters for the objective function would be based on $MSE=\frac{1}{T}\sum_t e_t$, which would be minimized via an optimization technique using non-linear regression, finite differencing, or MLE. Metaheuristics could be used as well where initialization of chromosome (particle) values for $(\mu,\phi,\alpha_0,\alpha_1,\beta_1)$ would occur at the first generation. In terms of comparing results based R, MATLAB, SAS, etc. the parameterization would be: mu=$\mu$ ar1=$\phi$ garch0=$\alpha_0$ garch1=$\alpha_1$ garch2=$\beta_1$ I am not sure whether the unconditional mean $\mu$ would be needed in line 6 of the algorithm, however. Please comment on correctness of the algorithm, and possibly suggest coding changes. Again, the goal is to algorithmically use numerical methods to solve for the parameters, not R, MATLAB, or SAS, etc.",25,https://quant.stackexchange.com/questions/9351/algorithm-to-fit-ar1-garch1-1-model-of-log-returns,"SOLUTION: Let $r_t$ be the log-return at time $t$, and $\hat{r}_t$ be the predicted log-return from the regression model. Initialize $loglik(0:T)=0$,$\epsilon_1=0$, $\sigma_1 = 0$, $\mu=U(0,1)*0.0001,\phi=U(0,1)*0.01$, $\alpha_0=U(0,1)*0.00002,\alpha_1=U(0,1)*0.01,\beta_1=0.9 + U(0,1)* 0.01$, $B=10,000$ For $b$ = 1 to $B$ $\quad$ For $t$ = 2 to $T$: $ \quad\quad \hat{r}_t = \mu + \phi r_{t - 1}$ $ \quad\quad \epsilon_t = r_t - \hat{r}_t$ $ \quad\quad \sigma^2_t = \alpha_0 + \alpha_1 \epsilon_{t-1} ^ 2 + \beta_1 \sigma_{t-1} ^ 2$ $\quad$ Next $t$ $\quad loglik_b = \sum_t^T \left\{ - \frac{1}{2} \log(\sigma^2_t) - \frac{1}{2}\epsilon_t^2 / \sigma^2_t \right\} $ Next $b$ At each iteration $b$, the log-likelihood function value ($loglik_b$) is determined, which needs to be maximized over the $B$ iterations, that is, ensure it increases during iterations. Parameter results after $B=10,000$ iterations: $\mu=0.000745264$ $\phi=-0.110093524$ $\alpha_0=0.00000401$ $\alpha_1=0.117396192$ $\beta_1=0.849342676$ Below is a plot of the fitted SP500 index (Yahoo ^GSPC) volatility, $\sigma_t$, for dates 1/2/2001 to 10/31/2013. The subprime mortgage crisis in 2008 and debt ceiling in 2011 are very visible. In addition, below is a plot of the observed (input) log-returns (blue), $r_t$, and predicted GARCH-filtered returns (red), $\hat{r}_t$, revealing that volatility clustering was removed.",5,False,False,CC BY-SA 4.0,Stack Exchange Inc. - https://quant.stackexchange.com,2026-07-30 19:22:19
StackExchange - Quantitative Finance,10401,What is the necessary level of Econometrics-Know-How for a quant,"risk-models, econometrics, quants","It seems quants increasingly use econometric models at work. As someone who has sold his soul to probability theory and stochastical analysis I would like to catch up. What are the econometric tools a quant should be able to wield ? As I see it, the answer will be highly dependant on where one works. Thus perhaps it would make sense to distinguish: Buy side Sell side Fixed Income Equity Risk Management and Model Validation Book suggestions that cover the necessary knowledge will be appreciated. Also, if someone feels like it, a list of topics (e.g. ARCH, GARCH etc.) would also be very helpful.",25,https://quant.stackexchange.com/questions/10401/what-is-the-necessary-level-of-econometrics-know-how-for-a-quant,"I can only talk about quantitative trading. As a rule of thumb, the lower frequency you work in, the more econometrics is important, whereas for a higher frequency, the more econometrics becomes useless . (I would still recommend a top econometrician for HFT since they have what it takes to succeed, it's just the models aren't out-of-the-box applicable.) But if I was interviewing someone who was educated in econometrics for a quantitative research position, I would hope for (given the relevance to financial time-series): I have tried to put in a legend, ^ is something you should learn later and ^^ is something you should learn after learning ^ . ^^ Kalman filters for dynamic linear models. GARCH (learn ARCH first). ARMA(p,q)/ARIMA(p,i,q)/AR(p)/MA(q). ACF/PACF. Econometric forecast evaluation (RMSE,MSE,MAE). Thorough OLS understanding. Assumptions and consequences of violation. ^ Regime switching and threshold models. Cointegration models such as VECM and Engle-Granger and basic $I(n)$ theory along with ADF/PP unit root testing. VARs. ^ Quantile regression. Basic knowledge of dimensionality reduction algorithms (the more the better, but I wouldn't have this as an expectation for an econometrics candidate). ^ Impulse response functions. ^ Monte carlo applications to construct sampling distributions and the idea of the bootstrap, along with general knowledge of at least one bootstrap estimator. A good knowledge of hypothesis testing, sampling distributions, population/sample concepts, lag length selection, consistency/power/bias, variance/bias tradeoff, maximum likelihood, PDF/CDF, qualitative knowledge of different distributions commonly used. A knowledge of why and how econometricians pre-process data, take differences, introduce variables and account for non-linearities with simple transforms on the individual features, interactions between features, ratios of features and indicator function breaks (either data determined or, usually more appropriately, determined a priori). Comovement not necessarily as a slope phenomenon; linear correlations (and its pitfalls), rank correlations, three-way relationship between correlation, linear regression slope and cointegrating vector, how to test for spillovers in a linear DGP, and more global and advanced dependence estimators (such as copula, wavelet, mutual information, IRFs through VECM/VAR, forecast error variance decompositions, among others). The difference between residual analysis and test set cross-validation , and how both relate to overfitting and model generalisation. I would not care about: Panel modelling. I would also like to see hopefully (most likely picked up from self-study): ^^ Wavelets (DWT/CWT/phase difference analysis/frequency-domain bivariate correlation) and STFT should be a part of an econometricians toolbox. ^^ Dynamic correlation estimators (DCC-GARCH, stochastic copulas) A knowledge of generalization theory picked up from machine learning lectures. ^^ Methods like NNG to get better OLS estimates. Boosting and bagging linear DGPs for better generalisation. ^^ Perpendicular regression and LAD estimators when least squares is not appropriate given some assumption violation, if the conditional expectation is not wanted (conditional median is theoretically desirable), or if you don't want to inadvertently do least-rectangles upon a misspecification of the causal relationship, or you want the loss to be less skewed by outliers. Here is some voluntary stuff that either I have seen some top guys working on in industry or in an econometrics paper, and I would be very impressed to see knowledge in these areas: Stochastic optimal control (a large quantitative global macro fund is doing work on this) Bayesian time-series (a reputable, large systematic fund had some research on this) I would like to see knowledge of how to come up with a DGP and figure out how to estimate it with numerical methods. As an example, how to embed exogenous variables in the forcing equation in Patton's symmetrized Joe-Clayton copula, then figure out how to optimize the density numerically and bootstrap unbiased and consistent standard errors. Another would be to derive a Kalman estimator to extract time-varying yield curve parameters (curvature, slope, etc). Everyone is estimating simple MGARCH and VECM models since you can just plug the data into R , so it is doubtful there is alpha here. Probably there is some alpha for the guys that can estimate parsimonious models that others simply can not because they are not in the top 1% of econometricians. Here is some stuff that's probably not needed in low frequency quantitative research: Advanced optimisation theory. GAs, stochastic gradient descient and Newton's are all you will be expected to know. Non-linear machine learning. Non-linear dimensionality reduction or manifold learning. All you are expected to know is PCA, ICA and the concept of the time-series factor model. Digital signal processing not related to comovement estimators. There is one thing from another field that may be required: Ornstein-Uhlenbeck SDEs for a pairs trading fund. You'll notice I've listed almost all the mainstream stuff that's applicable to time-series. So most of what you'll get in a financial time-series course is what would be the expectation I think. Note that I did not list high frequency econometrics models, since I think they are not useful in high frequency finance. If you are going for such a position you will be interviewed by computer scientists and electrical engineers who will more likely ask you a question about asymptotic time complexity than about econometrics.",38,True,True,CC BY-SA 4.0,Stack Exchange Inc. - https://quant.stackexchange.com,2026-07-30 19:22:19
StackExchange - Quantitative Finance,12793,Regime-Switching Model for detecting market shifts,"volatility, quant-trading-strategies, algorithmic-trading, market-regimes","I'm always wondering whether anyone has utilized regime-switching models successfully in forecasting or trading. Academia has long discussed this topic in-depth, such as using Regime Switching models for detection of abrupt market dislocation or structural changes. Popular techniques include modeling the underlying process as a Markov Process with certain distributions, and use such model to estimate the transition probability matrix. The premise of this approach is attractive: if we can apply different approaches based on different market regimes, then the modeling process can better reflect the reality. However, like any other model, the reliability of such model is not convincing. Personally, I've tried implementing some Regime-switch models proposed by academics and test their explanatory power for detecting market shifts (such as shift of cycles, volatility levels, etc), but the results are always disappointing. Can any fellow friends here share your opinions? Cheers.",25,https://quant.stackexchange.com/questions/12793/regime-switching-model-for-detecting-market-shifts,"Windham Capital Management is using hidden markov models for their Risk Regime Strategies. Mark Kritzman, who is also CEO, has published an article about the general outline of the strategy (with source code so you can replicate the results!): Regime Shifts: Implications for Dynamic Strategies (corrected August 2012) by M. Kritzman, S. Page, D. Turkington] Abstract: Regime shifts present significant challenges for investors because they cause performance to depart significantly from the ranges implied by long-term averages of means and covariances. But regime shifts also present opportunities for gain. The authors show how to apply Markov-switching models to forecast regimes in market turbulence, inflation, and economic growth. They found that a dynamic process outperformed static asset allocation in backtests, especially for investors who seek to avoid large losses. Edit: The paper is now behind a paywall... if you find a free version pls. let me know in the comments, I will then update the answer. Edit2: The following presentation may provide useful: http://boston.qwafafew.org/wp-content/uploads/sites/3/2017/01/Regime-Shifts_Turkington_QWAFAFEW.pdf",18,False,False,CC BY-SA 4.0,Stack Exchange Inc. - https://quant.stackexchange.com,2026-07-30 19:22:19
StackExchange - Quantitative Finance,17859,Why dynamics of local volatility is wrong?,"local-volatility, dynamic","In Dupire's local volatility model, the volatility is is a deterministic function of the underlying price and time, chosen to match observed European option prices. To be more specific, given a smooth surface $(K,T)\mapsto C(K,T)$ where K is the strike and T is time to maturity. Dupire equation implies that there exits an unique continuous function $\sigma_{loc}$ defined by $$\sigma_{loc}^{2}(K,T)=\frac{\partial_{T}C(K,T)+rK\partial_{K}C(K,T)}{\frac{1}{2}K^{2}\partial_{KK}C(K,T)}$$ for all $(K,T)\in(0,\infty)\times(0,\infty)$ such that the solution to the stochastic differential equation $dS_{t}/S_{t}=rdt+\sigma(t,S_{t})dW_{t}$ exactly generates the European call option prices. What do the dynamics of the local volatility mean? Are dynamics equivalent to the volatility surface? Why the dynamics of local volatility model is highly unrealistic?",25,https://quant.stackexchange.com/questions/17859/why-dynamics-of-local-volatility-is-wrong,"A general model (with continuous paths) can be written $$ \frac{dS_t}{S_t} = r_t dt + \sigma_t dW_t^S $$ where the short rate $r_t$ and spot volatility $\sigma_t$ are stochastic processes. In the Black-Scholes model both $r$ and $\sigma$ are deterministic functions of time (even constant in the original model). This produces a flat smile for any expiry $T$. And we have the closed form formula for option prices $$ C(t,S;T,K) = BS(S,T-t,K;\Sigma(T,K)) $$ where $BS$ is the BS formula and $\Sigma(T,K) = \sqrt{\frac{1}{T-t}\int_t^T \sigma(s)^2 ds}$. This is not consistent with the smile observed on the market. In order to match market prices, one needs to use a different volatility for each expiry and strike. This is the implied volatility surface $(T,K) \mapsto \Sigma(T,K)$. In the local volatility model, rates are deterministic, instant volatility is stochastic but there is only one source of randomness $$ \frac{dS_t}{S_t} = r(t) dt + \sigma_{Dup}(t,S_t) dW_t^S $$ this is a special case of the general model with $$ d\sigma_t = (\partial_t \sigma_{Dup}(t,S_t) + r(t)S_t\partial_S\sigma_{Dup}(t,S_t) + \frac{1}{2}S_t^2\partial_S^2\sigma_{Dup}(t,S_t)) dt + \frac{1}{2}S_t\partial_S\sigma_{Dup}(t,S_t)^2 dW_t^S $$ What is appealing with this model is that the function $\sigma_{Dup}$ can be perfectly calibrated to match all market vanilla prices (and quite easily too). The problem is that while correlated to the spot, statistical study show that the volatility also has its own source of randomness independent of that of the spot. Mathematically, this means the instant correlation between the spot and vol is not 1 contrary to what happens in the local volatility model. This can be seen in several ways: The forward smile. Forward implied volatility is implied from prices of forward start options: ignoring interest rates, $$ C(t,S;T\to T+\theta,K) := E^Q[(\frac{S_{T+\theta}}{S_{T}}-K)_+] =: C_{BS}(S=1,\theta,K;\Sigma(t,S;T\to T+\theta,K)) $$ Alternatively, it is sometimes defined as the expectation of implied volatility at a forward date. In a LV model, as the maturity $T$ increases but $\theta$ is kept constant, the forward smile gets flatter and higher. This is not what we observe in the markets where the forward smile tends to be similar to the current smile. This is because the initial smile you calibrate the model too has decreasing skew: $$ \partial_K \Sigma(0,S;T,K) \xrightarrow[T\to +\infty]{} 0 $$ Smile rolling. In a LV model, smile tends to move in the opposite direction of the spot and get higher independently of the direction of the spot. This is not consistent with what is observed on markets. See Hagan and al. Managing Smile Risk for the derivation. This means that $\partial_S \Sigma_{LV}(t,S;T,K)$ often has the wrong sign so your Delta will be wrong which can lead to a higher hedging error than using BS. Barrier options. In FX markets, barrier options like Double No Touch are liquid but a LV model calibrated to vanilla prices does not reproduce these prices. This is a consequence of the previous point. The LV model is a static model. Its whole dynamic comes from the volatility surface at time 0. But the vol surface has a dynamic that is richer than that. There are alternatives using multiple factors like SV models, LSV models (parametric local vol like SABR or fully non parametric local vol), models of the joint dynamic of the spot and vol surface etc... but the LV model remains the default model in many cases due to its simplicity, its ability to calibrate the initial smile perfectly and its numerical efficiency.",32,True,True,CC BY-SA 4.0,Stack Exchange Inc. - https://quant.stackexchange.com,2026-07-30 19:22:19
StackExchange - Quantitative Finance,36400,Avellaneda -Stoikov market making model,"high-frequency, market-making","I am reading paper High-frequency trading in a limit order book by Marco Avellaneda and Sasha Stoikov. At the end of the paper they obtain a closed-form solution to the optimal market-maker quotes under diffusion without drift. They found that the optimal behaviour of the market-maker would be to set a bid/ask spread of size: $$ spread = \gamma\sigma^2(T-t) + \frac{2}{\gamma}ln(1+\frac{\gamma}{k}), $$ where $\gamma$ is a discount factor, $\sigma^2$ is the variance of the process, $k$ is the parameter corresponing to the intensity of arrival of market orders, $T$ is terminal time and $t$ is curent time, around a reservation price given by: $$ price = s - q\gamma\sigma^2(T-t), $$ where $q$ is the state of the inventory and $s$ is the current price. However, I do not see any specification of bounds for this reservation price and therefore I think there is no guarantee that ask prices computed by the market-maker will be higher or bid prices will be lower than the current price of the process. | How is this necessity of market makers' ask prices being higher and bid prices being lower than the actual price enforced in their model (e.g. in their simulations)? Edit : To be more concrete, I just specify, that in my opinion, it needs to hold that: $$ price + spread/2 - s > 0 $$ Lets denote $price$ by $p_{mm}$ and $spread/2$ by $s_{mm}$ . Then $$ p_{mm} + s_{mm} - s > 0, \\ s - q\gamma\sigma^2(T-t) + \frac{\gamma\sigma^2(T-t)}{2} + \frac{1}{\gamma}ln(1+\frac{\gamma}{k}) - s >0 \\ (...) \\ \frac{1}{2} + \frac{ln(1+\frac{\gamma}{k})}{\gamma^2\sigma^2(T-t)} > q $$ However, this situation does not need to happen, so there is no guarantee he will set prices compatible with current market prices.",25,https://quant.stackexchange.com/questions/36400/avellaneda-stoikov-market-making-model,"The market-maker makes a bid-ask spread $\delta$ around the reservation price $r$. So at any time, the market-maker quotes the bid price $$ p_b = r - \delta/2, $$ and the ask price $$ p_a = r + \delta/2. $$ Bid price is hence always below the reservation price and ask price is always above the reservation price. The reservation price $$ r = s - q\gamma\sigma^2(T-t) $$ is the market price minus a term that depends on the inventory $q$ that the market-maker is holding. If $q$ is positive the reservation price moves lower (below the market price) and vice-versa for negative $q$, reflecting the risk of inventory. If the inventory grows the reserve price will eventually move to a point where the market-maker quotes starts to attract orders to liquidate inventory, which will again result in a change in the reserve price. Orders arrive with probability $$ \lambda_a(\delta^a)dt = Ae^{-k\delta^a}dt, $$ for the ask price and similarly for the bid price. Here $\delta^a$ is the distance of the ask quote from the market price. So if the bid-price gets high enough it will be executed with probability 1, and equivalently if the ask-price gets low enough. The reserve price will hence settle into a state of equilibrium reflecting the risk of inventory. Note that there is no requirement that $p_b<s$, or $p_a>s$. The market-maker can post competitive bid and ask prices that improves on the current market price in order to manage the inventory.",13,True,True,CC BY-SA 4.0,Stack Exchange Inc. - https://quant.stackexchange.com,2026-07-30 19:22:19
StackExchange - Quantitative Finance,96,What is a &quot;coherent&quot; risk measure?,"risk, modern-portfolio-theory, coherent-risk-measure","What is a coherent risk measure, and why do we care? Can you give a simple example of a coherent risk measure as opposed to a non-coherent one, and the problems that a coherent measure addresses in portfolio choice?",24,https://quant.stackexchange.com/questions/96/what-is-a-coherent-risk-measure,"I'm just providing a global answer to the question, as I think it can be interesting for some beginners in quant finance. The properties given by TheBridge: Normalize $\rho (\emptyset)=0$ This means you have no risk in taking no position. Sub-addiitivity $\rho(A_1+A_2) \leq \rho(A_1)+\rho(A_2)$ Having a position in two different can only decrease the risk of the portfolio (diversification) Positive homogeneity $\rho(\lambda A) = \lambda \rho(A)$ Doubling a position in an asset A doubles your risk. And finally, Translation invariance $\rho(A + x) = \rho(A)-x$ That is, adding cash to a portfolio only diminishes the risk. So a risk-measure is said to be coherent if and only if it has all these properties. Note that this is just a convention, but it is motivated by the fact that all these properties are the ones an investor expects to hold for a risk measure. Finally, notice that neither VaR nor Var are coherent risk measures, wherease the Expected Shortfall is.",13,True,True,CC BY-SA 4.0,Stack Exchange Inc. - https://quant.stackexchange.com,2026-07-30 19:22:19
StackExchange - Quantitative Finance,325,Is the Interactive Brokers API suitable for hft?,"programming, high-frequency, interactive-brokers",By HFT here I mean anything with holding period less than 5 to 10 minutes. Any empirical/anecdotal evidence of using it successfully on even higher frequencies?,24,https://quant.stackexchange.com/questions/325/is-the-interactive-brokers-api-suitable-for-hft,"Holding period and trade frequency are two different things. If you have a high trade frequency, the name of the game is negotiating lower commissions. That being said, the TWS API gives you the same quality feed as you get using TWS itself. From Article on HFT Provided by Dirk Eddelbuettel in this question about HFT : High-frequency trading (HFT) is a subset of algorithmic trading where a large number of orders (which are usually fairly small in size) are sent into the market at high speed, with round-trip execution times measured in microseconds (Brogaard, 2010). Programs running on high-speed computers analyse massive amounts of market data, using sophisticated algorithms to exploit trading opportunities that may open up for milliseconds or seconds. Participants are constantly taking advantage of very small price imbalances; by doing that at a high rate of recurrence, they are able to generate sizeable profits. Typically, a high frequency trader would not hold a position open for more than a few seconds. Empirical evidence reveals that the average U.S. stock is held for 22 seconds Updates and orders with the TWS API occur on the order of 10s to 100s of milliseconds, as far as I can tell, which would disqualify it for use in the regime described in the article. (This is just what I have measured on my own computer on my retail Internet connection.) Honestly I would be surprised if anyone could do HFT with any retail product. Sounds impossible.",27,True,True,CC BY-SA 4.0,Stack Exchange Inc. - https://quant.stackexchange.com,2026-07-30 19:22:19
StackExchange - Quantitative Finance,334,Does mean-variance portfolio optimization provide a real edge to those who use it?,"mean-variance, optimization","Mean-variance optimization (MVO) is a 50+ year concept, and perhaps the first seminal idea of quantitative finance. Still, as far as I know, less than 25% of AUM in the US is quantitatively managed. While a small minority of fundamental managers use MVO, that is counterbalanced by statistical arbitrage and HF strategies that often use optimization but not MVO, so the percentage of AUM not allocated using Markowitz' invention is surely not less than 70%. My questions: if MVO is such a great idea, why after all this time, so few people use it? if MVO was such a bad idea, how come companies like Axioma, Northfield and Barra still make money off it? is there there a rationale for the current mixed equilibrium of users and non-users? A few caveats on what I just said: i) perhaps the first and most important idea in finance is that of state-contingent assets, which is Arrow's; ii) I am focused on the buy side. I believe that optimization is widely used for hedging on the sell side.",24,https://quant.stackexchange.com/questions/334/does-mean-variance-portfolio-optimization-provide-a-real-edge-to-those-who-use-i,"Hey, it's early days yet. After all it is still called MODERN portfolio theory. I think there are two main issues and they are both really cultural: 1) specifying alphas 2) wild results Alphas I agree with Gappy that alphas are the key thing you need to have effectiveness (unless you are doing minimum variance). Having a vector of expected returns is quite a natural thing for quant managers. But it is something foreign to fundamental managers. They have to map their views into a number for each asseet in the universe. That is not necessarily an easy task, and probably would seem like busywork. I've proposed an optimization that minimizes distance to an ideal target portfolio (subject to constraints). But I haven't exactly been overrun with fundamental managers clamoring for it. Wild answers If you take a textbook optimization at its word, you're likely to do some pretty strange things. That has given optimization quite a bad reputation in many quarters. The solution is quite simple: either impose a turnover constraint or increase trading costs to account for the uncertainty of the expected returns (and, less so, the variance matrix). Using trading costs is the better approach but getting the trading costs right is a project in itself.",11,True,True,CC BY-SA 4.0,Stack Exchange Inc. - https://quant.stackexchange.com,2026-07-30 19:22:19
StackExchange - Quantitative Finance,1114,Why are options trades supposed to be delta-neutral?,"options, delta-neutral","I'm reading Natenberg's book, and he says that all options trades should be delta neutral. I understand that this prevents small changes in the underlying price from changing the price of the option, but couldn't there be a case where you would want that? I (think I) also understand that if you're betting against just volatilty, it would make sense, since you don't care what direction the underlying price moves, but I don't entirely understand why he says all options trades should be delta neutral.",24,https://quant.stackexchange.com/questions/1114/why-are-options-trades-supposed-to-be-delta-neutral,I haven't read Natenberg but it of course depends on your side in the trade: Are you a market maker or a risk taker? So do you live on the spread (first) or are trying to make money based on e.g. forecasts on direction (second). This is the great divide in QuantFinance! Only in the first case will all your option trades be delta neutral. There is a nice short paper which elaborates on both concepts (it calls the first one Q and the second P ): Meucci: 'P' Versus 'Q': Differences and Commonalities between the Two Areas of Quantitative Finance http://papers.ssrn.com/sol3/papers.cfm?abstract_id=1717163,14,True,True,CC BY-SA 4.0,Stack Exchange Inc. - https://quant.stackexchange.com,2026-07-30 19:22:19
StackExchange - Quantitative Finance,1162,Setting the r in put-call parity?,"options, interest-rates, put-call-parity","Put-call parity is given by $C + Ke^{-r(T-t)} = P + S$. The variables $C$, $P$ and $S$ are directly observable in the market place. $T-t$ follows by the contract specification. The variable $r$ is the risk-free interest rate -- the theoretical rate of return of an investment with zero risk. In theory that's all very simple. But in practice there is no one objective risk-free interest rate. So in reality, how would you go about setting $r$? Why?",24,https://quant.stackexchange.com/questions/1162/setting-the-r-in-put-call-parity,"If your trades are collateralized/margined, you should use the rate paid on your collateral/margin.",17,True,True,CC BY-SA 4.0,Stack Exchange Inc. - https://quant.stackexchange.com,2026-07-30 19:22:19
StackExchange - Quantitative Finance,1284,How do I compare implied and historic volatility?,"volatility, implied-volatility, fx, visualization","what would you suggest are the starting points for comparing, in an easy, visual way, implied and delivered volatility surfaces? I'd like to see what the differences are between the historic surfaces, and the implied surfaces. Implieds are easy enough, for example USDBRL: But how would you go about taking a set of the past 2 years of historic returns and convert it into an equivalent surface to the above? Perhaps there are other ways usefully to look at this problem, and where should I start? I have looked at boxplots of historic returns, but then I have the opposite problem namely, a visual representation of the historic vol but then how do I compare it to implieds? Another thing I could do is simply to look at the historic standard deviation and compare it to the ATM vols, but then I'd be ignoring the (very useful) relative value information in the wings (because I have a sneaky suspicion that the upside wings are expensive). My preferred tool is R (and Excel fallback if I must), or Python.",24,https://quant.stackexchange.com/questions/1284/how-do-i-compare-implied-and-historic-volatility,"Implied volatility is the volatility implied by some model. You will have a skew if your model is implying different volatilities for different strikes. However, the realized volatility of the underlying will be the same for all strikes. So, when you are dealing with realized vol, you can drop the ""moneyness"" axis. Volatility cones can help you compare implied vol to historic vol. Volatility cones are constructed using any historic volatility estimator to calculate n-day vols for several n's using a rolling window. Multiply by an adjustment factor to take out the bias introduced by using overlapping data. Then you can plot confidence intervals. See Euan Sinclair's book, Volatility Trading, or the 1990 paper by Burghart and Lane, ""How to Tell if Options are Cheap"" Edit: See an application of the Burghart, Lane paper",12,True,True,CC BY-SA 4.0,Stack Exchange Inc. - https://quant.stackexchange.com,2026-07-30 19:22:19
StackExchange - Quantitative Finance,1577,Portfolio optimization with monte carlo sampling from predictive distribution,"risk, monte-carlo, optimization, modern-portfolio-theory, portfolio-selection","Let's say we have a predictive distribution of expected returns for N assets. The distribution is not normal. We can interpret the dispersion in the distribution as reflection of our uncertainty (or estimation risk) in the expected returns. Question - What is the set of optimal portfolio weights that is mean-variance efficient with some constraint for the predictive distribution? Of course, we do not know what possible realization from the predictive distribution Nature will select. I will suggest some angles of attack and show their various flaws. This is a very real and challenging problem -- I'm hoping the community can crack this! Approach 1 (Monte Carlo) : Sample from the multivariate predictive distribution. Find the weights corresponding to the mean-variance efficient portfolio for each sample. Repeat the procedure for 1,000 draws from the predictive distribution. Average the weights via some procedure (for example, average of the rank-associated mean variance portfolios per Michaud 1998). The re-sampling approach has several major flaws as discussed by Scherer : if short-sales are allowed this will add noise to estimation; procedure will include mean-variance dominated assets in the presence of a long-only constraint; the shape of the efficient frontier excludes the feasible maximum return option which is not theoretically plausible; re-sampled allocations can produce portfolios that violate investment constraints; and so on. Approach 2 (Black-Litterman) : This knee-jerk answer doesn't work since the posterior is already provided here. Approach 3 (Mean of Posterior): Sample from the predictive distribution N times. Collapse the distribution of expected returns into a single vector corresponding to each security's mean return. The flaw here is that estimation risk is assumed away. This is a robust optimization problem where the goal is to identify weights that are approximately optimal under various realizations of market returns. What might work? Approach 4 (Complex objective function). Perhaps we could extend the objective function by summing over the mean-variance objective for each draw from the predictive distribution. The mean-variance objective function for a single draw is: weights*expected return vector + wEw, where the expected return vector is a sampling from the predictive distribution, and E is the sample covariance matrix, and w is the vector we are solving for. For multiple draws, the objective function = (w*expected return draw 1 + wEw) + (w*expected return draw 2 + wEw) + ... (w*expected return draw n + wEw) This would be a lengthy objective function that is computationally intensive assuming 500 assets and 1,000 draws. Maybe some fast genetic algorithms could work in parallel. I also have not seen the literature discuss this approach although intuitively it seems sound. Please poke holes and let me know if there is another approach.",24,https://quant.stackexchange.com/questions/1577/portfolio-optimization-with-monte-carlo-sampling-from-predictive-distribution,"Tools from the field of stochastic optimizatio n are best suited for these problems. In particular, attached is a paper on non-parametric density estimation for stochastic optimization that describes an algorithm if state variables can be associated with draws from the predictive distribution. Here's another approach by Kuhn . These are all one-period solutions. Multi-period solutions would require dynamic programming and its solutions cannot be resolved within the expected lifespan of the universe. At least that bounds the problem space!",9,True,True,CC BY-SA 4.0,Stack Exchange Inc. - https://quant.stackexchange.com,2026-07-30 19:22:19
StackExchange - Quantitative Finance,2000,When should you build your own equity risk model?,"risk, equities, risk-models","Commercial risk models (e.g., Barra , Axioma , Barclays , Northfield ) have evolved to a very high level of sophistication. However, all of these models attempt to solve a very broad set of problems. The optimal risk model for, say, risk attribution in a fundamental portfolio may differ substantially from the optimal risk model for downside risk estimation of an optimized quantitative strategy or for hedging unwanted exposures in a pure relative value play. Suppose that one already subscribes to a decent risk model provider, so that cost is not an issue. For what applications is it most appropriate to build your own equity risk model? What are the main benefits of a customized risk model? When is it worth the time and effort to replicate the increasingly sophisticated data cleaning/analysis and statistical methods to reap these benefits?",24,https://quant.stackexchange.com/questions/2000/when-should-you-build-your-own-equity-risk-model,"Great question. We would expect 3rd party risk providers to have specialized expertise (robust regression techniques, factor research, data cleansing etc.). We might grant them these advantages but still find weakness in the product design. Let's start off with the different uses of risk models and the procedure or metric which is maximized to solve for that use case. What we will see is that solving for a particular objective diminishes our ability to achieve other objectives. Portfolio construction = If you want to construct a minimum variance portfolio, for example, then the key here is developing a covariance matrix (of factor returns) that is invertible and stable. So we could use procedures that develop well-conditioned cleansed covariance matrices. This conflicts with #3 Estimate beta for the purposes of hedging = here you care about the yet-to-be-realized return on a security you wish to hedge, and yet-to-be-realized returns on a basket which you will use to hedge. So if you wanted to create a market-neutral constraint, then you would want to use betas from a time-series regression so that the estimation error for each particular beta can be diversified away. You would also want to maximize accuracy (at the expense of interpretation) perhaps using statistical factor methods such as asymptotic PCA. Performance reporting (risk and return decomposition) = here you have some contemporaneous regression specification (i.e. the time-index is the same on the left and right-hand side of the regression). Your concern is interpretability of factor exposures at the expense of accuracy. Estimate marginal factor returns = use a cross-sectional regression to explain the returns accruing to a factor after controlling for all other factors. The technique is quite popular and used to explain the cross-section of returns or measuring the risk premiums for various factors. However, there is a substantial errors-in-variables problem. The errors in the estimated betas for such a security cannot be diversified away, unlike a time-series regression so it is risky to apply this model to other use cases. This conflicts with #2. Risk forecasting = here you have a forecasting specification (left-hand side time index is $t+1$, right-hand side time index is $t$). This conflicts with #3. Some people use risk models to make systematic factor bets. It can be difficult to develop a variant perception if you are using the same risk framework as everyone else. Predict volatility. At shorter-horizons a stochastic volatility model would be appropriate, whereas at longer horizons a factor-model makes more sense. Any risk model that excels at one of these objectives will have severe weaknesses in some other areas. You could have multiple risk models (indeed Axioma has one for fundamentals that is easily interpretable, and another based on statistical methods for accuracy) but this can be confusing to clients.",11,True,True,CC BY-SA 4.0,Stack Exchange Inc. - https://quant.stackexchange.com,2026-07-30 19:22:19
StackExchange - Quantitative Finance,2330,Tools in R for estimating time-varying copulas?,"r, estimation, covariance, distribution, joint-probability",Are there libraries in R for estimating time-varying joint distributions via copulas? Hedibert Lopes has an excellent paper on the topic here. I know there is an existing packaged called copula but it fits a static copula.,24,https://quant.stackexchange.com/questions/2330/tools-in-r-for-estimating-time-varying-copulas,"I think an extremely interesting strand of research on this topic is represented by extensions of vine copulas with time-varying parameters. For vine copulas in general have a look at this site from the Technische Universität München: Vine Copula Models One of their research projects, which is the most relevant in this context, is: Time varying vine copula models It is well worth keeping an eye on since they implement their research models in R, concerning the current status of the implementation please have a look at this presentation here: CDVine: An R-package for statistical inference of C- and D-vines You'll find the respective package CDVine on CRAN: Here The vignette can be found in the Journal of Statistical Software . (I will update this post when the new code for the time-varying parameters becomes available.)",6,True,True,CC BY-SA 4.0,Stack Exchange Inc. - https://quant.stackexchange.com,2026-07-30 19:22:19
StackExchange - Quantitative Finance,2982,Cross Currency Swap Pricing in nowadays environment,"fx, pricing, swaps","Multicurve setting has now become the new paradigm for vanilla swap valuation. For the record I give here (without getting into too much details) the methodoloy for pricing Euribor3M swaps in this setting. Step 1-Get your discounting curve from OIS Swap Curve quotes, by standard bootstrapping method just like in the old days. Step 2-Using Euribor3M swaps ATM quotes and the OIS discount curve of step 1, bootstrap a ""forward"" curve of discount factors that can be used to get ""adjusted"" Euribor3M forward rates such that those ""adjusted"" forwards discounted over OIS curve gives the Euribor3M ATM Swap quotes (the fixed rate cashflows are discounted with OIS Curve). (I hope I'm sufficiently clear if not let me know I will add extra explanations) I was wondering about the corresponding setting (i.e. curve construction) for Cross Currency Swaps (CCY Swaps) products. Here is a setting for Cross Currency Swaps Euribor3M +Margin vs Libusd3M collateralized in USD (at Fed Fund rate) that I believe is correct. So here it is : Step 1,2- Construct the USD curves as in Step 1 and Step 2 with Fed Fund Swap Rates and Libusd3M ATM Swaps quotes. Step 3- Then use Forward FX quotes over USD/EUR currency pair to bootstrap (together with the Fed Fund discounting curve) an $OIS^{usd}$ discount curve thank's to the spot/forward arbitrage argument where the unknowns are of course the $OIS^{usd}$ discount factors. Step 4- Use Cross Currency ATM Swap Quotes, to build a ""$Euribor3M^{usd}$ adjusted"" curve using the 3 curves already built (with the spot Eur/USD exchange rate) so that all discounted cashflows (valued in USD) of those CCY ATM Swaps get a zero PV (in USD). If anyone implied with CCY Swap valuation on a daily basis read this post, I would be grateful if he could confirm/infirm the relevance of this setting. Best regards PS 1 : This is not really an option pricing question nevertheless such a setting is the basis for any Multicurve option derivative model for any Cross Curreny Interest Rate Options so it seems important to me to establish first the market practice over underlying instruments before going further. PS 2 : You can rebuild step 1 to 4 using EUR as collateral (with EONIA rate) then you would shortly discover that ( even if all ATM instruments give the same ATM margin and rates by construction), when pricing OTM or ITM Cross currency swaps you get different Net PVs if you use one setting or the other. This does not entails arbitrage as this difference actually originate from the different collateral settings. Best regards",24,https://quant.stackexchange.com/questions/2982/cross-currency-swap-pricing-in-nowadays-environment,"Assume you have an USD-EUR Cross Currency Swap (3M-FloatUSD+SpreadUSD vs 3M-FloatEUR+SpreadEUR) (spread on USD side is usually zero), collateralized by USD-OIS (Fed Fund) I assume you know the USD-OIS discount curve, then you know the discount curve for USD cash flows. I further assume that you know the USD-3M forwards collateralized w.r.t. USD-OIS (from corresponding single-currency swaps). Then the cross currency swap has still two unknowns: the discount curve for EUR cash flows collateralized w.r.t. USD-OIS the forward of the EUR-3M index collateralized w.r.t. USD-OIS It is important to understand that the forward of an index may depend on its collateralization. In theory you can determine both from a) the cross currency swap quotes and b) a single currency EUR swap, collateralized in USD-OIS Usually you do not have a quote for the second instrument, but sometimes you have, e.g. if an USD institution trades EUR swaps with another USD institution and collateralizes this in USD. If you do not have instrument b) you can use some approximating assumption, e.g. the EUR-3M forward w.r.t. to USD-OIS collateral is approximated by the EUR-3M forward w.r.t. EUR-OIS collateralization, or, the EUR-3M market rate w.r.t. to USD-OIS collateral is approximated by the EUR-3M market rate w.r.t. EUR-OIS collateralization. The different assumptions will lead to slightly different results. (Remark: For curve calibration (bootstrapping) implementing both ways see http://www.finmath.net/topics/curvecalibration/ - the spreadsheet there depicts the difference between the two approximations).",10,False,False,CC BY-SA 4.0,Stack Exchange Inc. - https://quant.stackexchange.com,2026-07-30 19:22:19
StackExchange - Quantitative Finance,3284,Is &quot;eoddata&quot; a good data source?,"data, market-data","Not sure if this is a relevant question for site, but I am looking to move to www.eoddata.com as my data source. If anyone has used it, can you tell me how the data quality is ? I am currently parsing yahoo for my prices but its not a very efficient process. What are the other sources of equity data out there ( affordable for retail investors like me) ? I am willing to pay \$250-\$300 per year for it.",24,https://quant.stackexchange.com/questions/3284/is-eoddata-a-good-data-source,"From my experience, EODData is pretty much that you get what you pay for. Its not a very sophisticated product. They email you the files you subscribe to, and thats that. I have had an issue before of where the emails didn't go through anymore and I never heard anything from them. On Quality, I can't make a claim on its accuracy. It seems good. I find issue with three things about the data: There is no way to signal an exchange change It doesn't give you an easy way to grab the symbol info [Names, etc] If there is a stock split or dividend, it does not mention this in the data. That being said, it does do a good job with keeping a simple file format, and providing ""long term"" historical data.",15,True,True,CC BY-SA 4.0,Stack Exchange Inc. - https://quant.stackexchange.com,2026-07-30 19:22:19
StackExchange - Quantitative Finance,3323,Why isn&#39;t the Nelson-Siegel model arbitrage-free?,"interest-rates, models, arbitrage, yield-curve","Assume $X_t$ is a multivariate Ornstein-Uhlenbeck process, i.e. $$dX_t=\sigma dB_t-AX_tdt$$ and the spot interest rate evolves by the following equation: $$r_t=a+b\cdot X_t.$$ After solving for $X_t$ using $e^{tA}X_t$ and Ito and looking at $\int_0^T{r_s\;ds}$, it turns out that $$\int_0^T{r_s\;ds} \sim \mathcal{N}(aT+b^{T}(I-e^{-TA})A^{-1}X_0,b^{T}V_Tb)$$ where $V_t$ is the covariance matrix of $\int_0^T(I-e^{-(T-u)A})A^{-1}\sigma dB_u$. This gives us the yield curve $$y(t)=a+\frac{b^{T}(I-e^{-tA})A^{-1}X_0}{t}+\frac{b^{T}V_tb}{2t}$$ and by plugging in $A= \begin{pmatrix} \lambda & 1 \\ 0 & \lambda \\ \end{pmatrix}$ we finally arrive at $$y(t)=a+\frac{1-e^{-\lambda t}}{\lambda t}C_0+e^{-\lambda t}C_1+\frac{b^{T}V_tb}{2t}.$$ The formula above without $\frac{b^{T}V_tb}{2t}$ is known as the Nelson-Siegel yield curve model. Could somebody clarify why neglecting $\frac{b^{T}V_tb}{2t}$ leads to arbitrage opportunities? So I am essentially asking the following question: Why is the above model (with $\frac{b^{T}V_tb}{2t}$) arbitrage free?",24,https://quant.stackexchange.com/questions/3323/why-isnt-the-nelson-siegel-model-arbitrage-free,"The original Nelson Siegel paper describes a parsimonious model of the term structure using only four or three (if $\lambda_t$ is fixed). Filipovic (1999) proves that this model can never be used in a arbitrage free context, paraphrasing the abstract: We introduce the class of consistent state space processes , which have the property to provide an arbitrage-free interest rate model when representing the parameters of the Nelson–Siegel (NS) family. (We show that) there exists no nontrivial interest rate model driven by a consistent state space Itō process. This problem is solved by Christensen et al. (2009) . They provide some ODE's which must hold for an AFNS and write that the ""key difference between Dynamic NS and AFNS is the maturity dependent yield-adjustment term"" and show how to solve for this term. They show that the yield adjustment term is empirically small and that their model fares well in out-of-sample prediction, consistently outperforming, for example, the canonical $A_0(3)$ model (of Duffee 2002 ).",8,False,False,CC BY-SA 4.0,Stack Exchange Inc. - https://quant.stackexchange.com,2026-07-30 19:22:19
StackExchange - Quantitative Finance,3562,When do Finite Element method provide considerable advantage over Finite Differences for option pricing?,"option-pricing, numerical-methods, greeks","I'm looking for concrete examples where a Finite Element method (FEM) provides a considerable advantages (e.g. in convergence rate, accuracy, stability, etc.) over the Finite Difference method (FDM) in option pricing and/or calculating sensitivities. I know that in general Finite Element is more powerful numerical method for solving PDE's (e.g. it allows to work on complex geometries), but I'm specifically interested if we can fully utilize it for option pricing. I've skimmed through the book Financial Engineering with Finite Elements , but it only states some general considerations about benefits of FEM in the introductory section, without going into details. Currently I'm aware about only one case, when FEM outperforms FDM in convergence rate, namely in pricing under a Variance gamma model. But this advantage can be neglected by introducing certain enhancements in the FDM.",24,https://quant.stackexchange.com/questions/3562/when-do-finite-element-method-provide-considerable-advantage-over-finite-differe,"As far as PDEs (deterministic) are concerned we have the notion of a ""strong solution"" (directly solving the differential operator in the strong formulation of the problem) and the ""weak solution"" that deals with a weak formulation of the problem. For the strong formulation, finite differences are the way to go since they are the natural discretization of the differential operator. For the weak formulation, finite element methods are the way to go since they directly tackle the weak formulation of the problem by restricting it to a finite dimensional space (depending on which type of ""element-functions"" or basis-functions you choose for this space). The finite difference method has problems with complex geometries and adaptive meshes - the geometry will not be a problem in option pricing since you always consider the rectangle $[0,T]\times[S_\text{min}, S_\text{max}]$. Local refinement can be a problem - but it depends on the equation and the initial/boundary condition. Further more, for some (nonlinear) differential equations, problems with disconutities occur and you can end up with oscillation effects. There are schemes that circumvent problems like this but you have to invest into the algorithm. The finite element method is a more general notion. Since SPDEs are defined by their (Ito-) integral formulation an approach that approximates an integral-formulation will feel more natural. Thats because the payoff of a European Call (S-Variable) and the Brownian motion paths (t-Variable) are both not differentiable. Using finite difference methods for SPDEs most natural discretizations for ""differential operators"" does not give you the right scheme as far as I know. That would be another hint that points into the finite element direction a little bit. One problem with comparing the performance of the two is definitely that there are so many different schemes (implicit/explicit of different ordes for finite differences and choices of basis functions and local refinement techniques for finite elements) that it is impossible to say. Maybe for some choice of model and initial/boundary condition one method will outperform the other but I think its hard to generalize.",8,False,False,CC BY-SA 4.0,Stack Exchange Inc. - https://quant.stackexchange.com,2026-07-30 19:22:19
StackExchange - Quantitative Finance,10300,Which interest rate model for which product,"interest-rates, pricing, models","Given the multitude of existing interest rate models (ranging from simple to very complex) it would be interesting to know when the additional complexity actually makes sense. The models I have in mind: Simple one factor (e.g. HW) Two factor models Two or one factor models with stochastic volatility LIBOR-Market, HJM, SABR and SABR-LMM model Are there any rules of thumb to decide which model to use for which product? (Perhaps there is some book dealing with that topic that I am not aware of) Edit 22.02.2014: While trying to answer the question myself I found the follwing very interesting paper on the emperical comparison of interest rate models. Here the authors mainly compare how well the different models can fit market data and hit the relevant market pries after being calibrated. Thus a follow up Question: (that is also related to the question on model validation ) Does it suffice to hit the market pries spot on after calibration for a model to qualify for being used in pricing for an instrument ? Or are there other aspects to be considered? (computational speed, statistical fittness, robustness of the hedges) Let's assume my model fits the market data really well - backtesting however shows that the hedges it provides don't work that well. Also the model might not be able to statistially fit the path of the underlying. E.g. mean reversion can be observed in some markets but not in others. One could argue that risk neutrality does not necessarily entail meaningful real-world scenarios etc. I have good theoretical grasp of the models but have mainly used them for risk management (thus generating paths and analysing what happens to a portfolio or the balance sheet of an enterprise)",24,https://quant.stackexchange.com/questions/10300/which-interest-rate-model-for-which-product,"The model of choice depends on the purpose of the exercise. In general there are two types of models: Equilibrium models: These are general used use for ""fitting"" the spot curve to the discount function available in the market. So different models will give you different yield curves. One can use this information to see the relative value of implementing a strategy. Examples are Vasicek two factor model. Since the yield curve produced by these models will not be same as the actual yield curve hence they are usually not used for derivatives pricing (you won't get exact market prices of bonds using a calibrated model here). Risk - Neutral models: These are the second class of models. They fit the current yield curve exactly and are used to price derivative securities like caps/floors/swaptions etc. Libor Market Models would fall in this category. Example, Black-Derman-Toy, String model (Longstaff-Schwartz et al) etc. You can use BDT to construct binomial trees and get the price of the derivative security. String model can be used to simulate yield curves using Monte Carlo simulation and price securities in the process. On factors: As per literature some researchers have used Principal Component Analysis on yield curve data and found that for yield curve, almost all of variation can be captured using 4 principal components: 1. Level (parallel shift) 2. Slope (tilt) 3. Curvature 4. Money Market Factor (short end) Some complex models use some/all of these factors to model the yield curves.",8,False,False,CC BY-SA 4.0,Stack Exchange Inc. - https://quant.stackexchange.com,2026-07-30 19:22:19
StackExchange - Quantitative Finance,28091,Questions on Kelly criterion,"quant-trading-strategies, kelly-criterion, tactical-asset-allocation","I am new to asset allocation problems and have some concerns regarding the derivation of the continuous-time Kelly criterion (i.e. not the original version destined to discrete sports betting/Casino). I am following the derivation of Martin & Schöneborn , see page 4 and following. As far as I understand it, the assumptions are: Economy with 2 investment vehicles: a risky asset $X$ and a risk-free one $B$ $X$ is driven by a time-homogeneous diffusion process: $$dX_t = \mu(X_t) dt + \sigma (X_t) dW_t $$ while $B$ follows the usual: $dB_t = rB_t dt$ The investment strategy consists in holding $\{\theta_t\}_{t\geq 0}$ units of the risk-asset at any time $t \geq 0$. It is assumed self-financing, so that the P&L over an infinitesimal time interval $[t,t+dt[$ writes: $$ d\Pi_t = \theta_t dX_t + dB_t $$ The investor aims at maximizing the total discounted expectation of the utility of her $\theta$-controlled P&L over a forward-looking horizon stretching from today $t$ up to infinity: $$ V_t = \int_{s=t}^\infty e^{-r(s-t)} \mathbb{E}_t\left[ \mathcal{U}(\theta_s dX_s) \right] $$ Since $X_t$ is a diffusive process with bounded quadratic variation, a second order definition of the utility function $\mathcal{U}(.)$ is enough. Typically, we take: $$\mathcal{U}(0)=0,\ \ \mathcal{U}'(0)=1,\ \ \mathcal{U}''(0)=-1/G$$ Continuous trading is possible and there are no market frictions. And the result is: $$ \theta_t = \frac{\mu(X_t)}{\sigma^2(X_t)}G $$ What I don't understand is: In the paper, they look for $\{\theta_t\}$ which maximises $V_t$. This leads to the following ODE $$ \frac{\partial f}{\partial x}(X_t) \mu(X_t) + \frac{1}{2} \frac{\partial^2 f}{\partial x^2}(X_t) \sigma^2(X_t) - rf(X_t) = -\dot{U}(X_t, \theta_t) $$ Now they jump to the ""intuitively clear conclusion"" that this is equivalent to finding $\theta_t$ which maximises $\dot{U}(X_t, \theta_t)$. Unfortunately, it is not clear to me. The fact that the optimal allocation strategy does not involve the risk-free rate $r$ seems weird to me. In my opinion, this comes from the fact that we should rather define the value function $V_t$ to be maximised as: $$ V_t = \int_{s=t}^\infty e^{-r(s-t)} \mathbb{E}_t\left[ \mathcal{U}(\theta_s dX_s + dB_s) \right] $$ How do you use this Kelly allocation criterion in practice? I mean, suppose time $t$ corresponds to the market close of day $D$. It seems natural to want to know the optimal allocation (or position) one should take at $t+\Delta t$ (e.g. day $D+1$). So what we need is something like: $$ \theta_{t+\Delta t} = f(\text{information contained in the filtration } \mathcal{F}_t) $$ and not $\theta_t$ on the LHS, since it is already known at time $t$ (in the demonstration we always assume $\theta_t$ to be adapted, hence measurable at any $t$). Should I assume a particular continuity assumption for $\theta_t$? I've read somewhere that $\forall G$ the Kelly strategy is optimal in the following sense: $$\mathbb{E} \left[ \frac{ \Pi_T(\{\theta_t^{\text{Kelly}(G)}\}_{t\in[0,T]}) }{ \Pi_T( \{\theta_t\}_{t\in[0,T]}) } \right] \geq 1$$ for all $\{\theta_t\}_{t\in[0,T]}$ adapted to the natural filtration of $W_t$ and where $\Pi_T( \{\theta_t\}_{t\in[0,T]}$ denotes the final wealth of an investment strategy based on the risky asset position sizing $\{\theta_t\}$. But some simulations show me that this is not true, especially not $\forall G$. Even the growth rate $\dot{U}(\theta_t,X_t)$ mentioned in the paper does not seem optimal (sometimes I have basic long only or short only strategy that perform better). Could someone please help me out? If the answer to all these questions is that this derivation is wrong and not the one I should follow, I would be glad if someone could provide a nice reference. Cheers",24,https://quant.stackexchange.com/questions/28091/questions-on-kelly-criterion,"As wrt. to (1): ODE and Maximization: The paper's transition from an ODE to maximizing $\dot{U}(X_t, \theta_t)$ can seem non-intuitive. The key here is recognizing that the original problem involves maximizing expected utility. The dynamic programming principle involves finding a control strategy (i.e., $\theta_t$ ) that maximizes the Hamilton-Jacobi-Bellman (HJB) equation associated with this utility maximization problem. The ODE forms the basis of this optimization, where we seek to choose $\theta_t$ such that the effect of adding more risky exposure is optimized. Intuition: HJB Equation: The ODE is derived from the HJB equation which is a necessary condition for optimality in continuous-time optimization problems. Utility Maximization: By maximizing $\dot{U}(X_t, \theta_t)$ , you're directly influencing the value function $V_t$ , thus aligning with the optimization goal. The derivation uses the idea of infinitesimal time increments where maximizing the utility over a short period gives rise to the expression for the optimal allocation $\theta_t$ .",1,False,False,CC BY-SA 4.0,Stack Exchange Inc. - https://quant.stackexchange.com,2026-07-30 19:22:19
StackExchange - Quantitative Finance,43962,What is the trickiest thing to get right in Rates Quant recently (2019)?,"option-pricing, fixed-income, interest-rates, stochastic-calculus, soft-question","What are the biggest challenges for Rates Quants in 2019? Most quants have been through a lot over the past years-shifting their SABR models in JPY swaptions, fixing the FVA models for negative rates, adjusting to the new cash formula for EUR swaptions, dealing with a multitude of discount rates depending on the CSA, adding copulas to midcurves. Most everyone knows how to change vols to deal with high strike payers/CMS. SOFR is looming on the horizon and IBOR-OIS may be a nonissue for many countries soon enough. So, what is the biggest problem facing Rates Quants now? What will 2019 bring as the biggest sets of challenges? (Preferably not the pricing of some asianed collared CMS spread trade...something more fundamental).",24,https://quant.stackexchange.com/questions/43962/what-is-the-trickiest-thing-to-get-right-in-rates-quant-recently-2019,"Of course making money is always the key issue. That (not completely facetious) comment aside: On the practical side, in many firms IT is struggling with being clear, transparent, and intuitive in their handling of multiple curves and their associated risks. Stumbling over your own systems is an annoying way to lose money. These risks can be surprisingly large under market duress, when banks have to raise money in their native ccy to support paper in, say, USD. I think the CMS/high strike issue will go away shortly; we have an alternative method for handling convexity corrections which doesn't involve replication and the consequent high strike risks ... should be available in couple weeks. Should also handle cash settled swaptions with the settlement based on IRR. There's the perpetual problem of managing forward volatility surfaces / smiles / risks. Deterministic vol models are poor, stochastic vol models (Heston, SABR) are better at foward volatilities, but are poor at predicting forward volatility smile. So are stochastic/local volatility models ... in fact, post-calibration they usually give very flat volatility smiles. Very annoying. in the current low rate environment, many of our desks will be turning to credit and structured products for better opportunities. How can we use our unique skills in the fixed income market (e.g., our understanding of smiles) to find opportunities among the tranches? Or maybe X-Ccy products? And then the elephant in the room. Currently we can ignore machine learning. It's 50% crap, 47% same-old-thing with fancy new titles, and 3% really, really interesting stuff. In ten years most of our work will be heavily predicated on MI. (It's everywhere, even in the Mafia: people who robbed this bank also enjoyed robbing ...). Since I have no desire to retire in 10 years, how do we fund our transition, where we learn how to make MI work effectively for our markets? Since we cannot make money doing what everybody else does, I think we need to use the statistical clustering algorithms on derived quantities, where low dimensionality may be more apparent. I think there is too much emphasis on high frequency trading; this is like trying to harvest the ripples on top the water, where the real money is probably in understanding the tides. I also think there is too much emphasis static methods, adding noise to the data and using adaptive methods may be more effective at seperating the wheat from the chaff ... Anyway, apologies for this stream-of-consciousness posting",17,False,False,CC BY-SA 4.0,Stack Exchange Inc. - https://quant.stackexchange.com,2026-07-30 19:22:19
StackExchange - Quantitative Finance,54362,Did Citigroup really fail three times in the last 40 years?,banks,"I watched a speech by Simon Johnson at UCSB and, at one point, he claimed that Citigroup has failed three times since the 1980s. For example, he claims that Citigroup failed and was saved by the government in 1982 because of ""bad loans made in emerging markets"". The second such failure is at the end of the 1980s because of ""bad loans to commercial real estate"". The third is of course the 2008/2009 financial crisis. What strikes me as odd is that the first two alleged failures are not mentioned in Wikipedia on Citigroup ! He doesn't appear to me as a crackpot as he is the former chief economist of IMF and effective whitewashing of the US's biggest bank holding company on Wikipedia is as unlikely. Does anyone know what affairs is he referencing?",24,https://quant.stackexchange.com/questions/54362/did-citigroup-really-fail-three-times-in-the-last-40-years,"(I worked there for 23 years.) Simon Johnson is correct. Citi (or its predecessors) was insolvent on those 3 occasions, and would have gone into liquidation without the bailouts by U.S. taxpayers.",31,True,True,CC BY-SA 4.0,Stack Exchange Inc. - https://quant.stackexchange.com,2026-07-30 19:22:19
StackExchange - Quantitative Finance,14,What is the &quot;delta&quot; option quoting convention about?,"options, greeks","At my work I often see option prices or vols quoted against deltas rather than against strikes. For example for March 2013 Zinc options I might see 5 quotes available for deltas as follows: ZINC MARCH 2013 OPTION DELTA -10 POINTS ZINC MARCH 2013 OPTION DELTA -25 POINTS ZINC MARCH 2013 OPTION DELTA +10 POINTS ZINC MARCH 2013 OPTION DELTA +25 POINTS ZINC MARCH 2013 OPTION DELTA +50 POINTS The same 5 values -10, -25, +10, +25, + 50 are always used. What are these deltas? What are the units? Why are those 5 values chosen?",23,https://quant.stackexchange.com/questions/14/what-is-the-delta-option-quoting-convention-about,"Delta is the partial derivative of the value of the option with respect to the value of the underlying asset. An option with a delta of 0.5 (here listed as +50 points) goes up \$0.50 if the underlying asset goes up \$1.00. Or goes down \$0.50 if the underlying asset goes down \$1.00. Keep in mind that delta is an instantaneous derivative, so the value will change both in time (charm is the change in delta with time) and with changes in value of the underlying asset (gamma is the change in delta with the underlying asset, which is also the second partial derivative of the option value with respect to the underlying asset value). The actual delta is a little different from +50, +25, and so on, but they're close enough. I am sure that you can find the real delta values. I guess they're listed like this because if you're hedging a portfolio you really care about the delta, not the strike. E.G., if I only wanted to delta hedge, and owned one share, I could buy two -50 delta puts, which sum to a delta of zero. The wikipedia page on Greeks is a pretty good starting point.",14,True,True,CC BY-SA 4.0,Stack Exchange Inc. - https://quant.stackexchange.com,2026-07-30 19:22:19
StackExchange - Quantitative Finance,121,How do you evaluate a covariance forecast?,"forecasting, statistics, covariance","Suppose you have two sources of covariance forecasts on a fixed set of $n$ assets, method A and method B (you can think of them as black box forecasts, from two vendors, say), which are known to be based on data available at a given point in time. Suppose you also observe the returns on those $n$ assets for a following period (a year's worth, say). What metrics would you use to evaluate the quality of these two covariance forecasts? What statistical tests? For background, the use of the covariances would be in a vanilla mean-variance optimization framework, but one can assume little is known about the source of alpha. edit : forecasting a covariance matrix is a bit different, I think, than other forecasting tasks. There are some applications where getting a good forecast of the eigenvectors of the covariance would be helpful, but the eigenvalues are not as important. (I am thinking of the case where one's portfolio is $\Sigma^{-1}\mu$, rescaled, where $\Sigma$ is the forecast covariance, and $\mu$ is the forecast returns.) In that case, the metric for forecasting quality should be invariant with respect to scale of the forecast. For some cases, it seems like forecasting the first eigenvector is more important (using it like beta), etc . This is why I was looking for methods specifically for covariance forecasting for use in quant finance.",23,https://quant.stackexchange.com/questions/121/how-do-you-evaluate-a-covariance-forecast,"You are correct: evaluating volatility forecasts is quite different from evaluating forecasts in general, and it is a very active area of research. Methods can be classified in several ways. One criterion is to consider evaluation methods for single forecasts (e.g., for the time series of returns of a specific portfolio) vs multiple simultaneous forecasts (e.g., for an investable universe). Another criterion is to separate direct evaluation methodsfrom indirect evaluation methods (more on this later). Focusing on single-asset methods: historically the most commonly used approach by practitioners, and the one advocated by Barra is the ""bias"" statistics. If you have a forecast return process $r_t$ and a forecast $h_t$, then under the null hypothesis that the forecast is correct, $r_t/h_t$ has unit variance. The Bias statistics is defined as $T^{-1} \sum_{t=1}^T (r_t/h_t)^2$, which is asymptotically normally distributed with unit mean and st.dev. $1/\sqrt{T}$, which can be used for hypothesis testing. An alternative is Mincer-Zarnowitz regression, in which one runs a regression between realized variance (say, 20-trading day estimate between $t$ and $t+20$) and the forecast: $$\hat\sigma^2_t =\alpha +\beta h^2_t + \epsilon_t$$ Under the null one tests the joint hypothesis $\alpha=0, \beta=1$. Patton and Sheppard also recommend the regression, which yields a more powerful test: $$(\hat\sigma_t/h_t)^2 =\alpha/h^2_t +\beta + \epsilon_t$$ Both these tests can be (non-rigorously) extended to multiple forecasts by simulating random portfolios and generating statistics for each portfolio, or by assuming an identical relationship between forecasts and realizations across asset pairs: $$vech(\Sigma_t) = \alpha + \beta vech ( H_t) + \epsilon_t$$ in which $vech$ is the ""stacking"" operator on a matrix (in this case, the forecast and realized variance matrices). As for indirect tests, a popular approach is the minimum variance portfolio for risk model comparison. One finds the minimum variance portfolio under a unit budget constraint using two or more asset covariance matrices. One can prove that the true covariance matrix would result in the portfolio with the lowest realized variance. In other words, better models hedge better. The advantage of this approach is that it does take into account the quality of the forecast of $\Sigma^{-1}$, which is used in actual optimization problems; and it doesn't require providing alphas, so that the test is not a joint test of risk model and manager skill.",10,True,True,CC BY-SA 4.0,Stack Exchange Inc. - https://quant.stackexchange.com,2026-07-30 19:22:19
StackExchange - Quantitative Finance,195,The application of quantitative finance in sports betting,"application, betting","I notice that, on the surface, there are some similarities between quantitative sports betting and quantitative finance. Both have the concept of arbitraging, etc. What are the applications of quantitative finance that lend themselves readily to sports betting?",23,https://quant.stackexchange.com/questions/195/the-application-of-quantitative-finance-in-sports-betting,"Well in my opinion a good parallel can be made between sport betting and bookmakers on the one hand and derivative pricing and market makers of those derivative on the other hand. I'll try to explain that if I can. If you are given a set of bookmakers taking bets for let's say one underlying outcome and that they quote this event as a percentage (as for binary options). Then if they are smart enough they shouldn't care about the statistics of the event itself, what they shall try to do is to balance their quotes with respect the positions of their outstanding books. I mean by this that they should do the P&L scenarios of each outcome of the bets in their books and try to balance things so they can earn a living while taking as little risk as possible. This will make dynamicaly evolve the quotes of the events as the bets come to their books. Of course the clients do care about statistics and so they will think twice before taking bets that rarely occur (or pay too much for it). If you think at the market making of binary options, the situation is quite the same as the one with the bookie, but at the end what you get is the Risk Neutral Probability. It is set by market participants and is in a way ""an opinion"". This RN Probability is not always coherent with the statistics of the history of the underlying. This however can make sense if all the market makers are in some way minimizing the aggregate risk of their returns (I don't explain the word 'risk' here on purpose but here the limits set by risk managers should enter into play). Of course all this is not properly and mathematically formalised but the appropriatness of the parallel of both situations appears quite striking to me. Best Regards",7,True,True,CC BY-SA 4.0,Stack Exchange Inc. - https://quant.stackexchange.com,2026-07-30 19:22:19
StackExchange - Quantitative Finance,419,Is there a standard method for getting a continuous time series from futures data?,"futures, time-series","I would like to be able to analyse futures prices as one continuous time series, so what kinds of methods exist for combining the prices for the various delivery dates into a single time series? I am assuming you would just use the front date for most of the time, and then combine this into some kind of weighted combination of the front and second month to simulate the roll. A quick Google search has shown that there seems to be a number of methods for doing this. Are any considered standard? In terms of my ultimate goal, I would like a single time series of prices (I can live with just using closing prices rather then OHLC data) so that I can estimate historical volatilities in the prices.",23,https://quant.stackexchange.com/questions/419/is-there-a-standard-method-for-getting-a-continuous-time-series-from-futures-dat,"If your intention is to use the resulting continuous contract time series to perform return based calculation as would be the case with a volatility analysis then what you want to use is the ratio-adjustment method. If you are happy to roll on a single day this is trivially implemented by taking the ratio of next contract settlement price to leading contract settlement price on the roll day, then multiplying all historical leading contract prices by that ratio and repeating the process backwards along the contract history. This will result in a time series that exhibits the returns of an excess return commodity index. Note that benchmark commodity indices roll on a multi-day window, e.g. DJ-UBS or GSCI roll in 20% increments over 5 days.",9,True,True,CC BY-SA 4.0,Stack Exchange Inc. - https://quant.stackexchange.com,2026-07-30 19:22:19
StackExchange - Quantitative Finance,489,Correlation between prices or returns?,correlation,"If you are interested in determining whether there is a correlation between the Federal Reserve Balance Sheet and PPI, would you calculate the correlation between values (prices) or period-to-period change (returns)? I've massaged both data sets to be of equal length and same date range and have labeled them WWW (WRESCRT) and PPP (PPIACO). Passing them into R we get the following: > cor(WWW, PPP) [1] 0.7879144 Then applying the Delt() function: > PPP.d <- Delt(PPP) Then applying the na.locf() function: PPP.D <- na.locf(PPP.d, na.rm=TRUE) Then passing it through cor() again: > cor(WWW.D, PPP.D) [1] -0.406858 So, bottom line is that it matters. NOTE: To view how I created the data view http://snipt.org/wmkpo . Warning: it needs refactoring but good news is that it's only 27 iines.",23,https://quant.stackexchange.com/questions/489/correlation-between-prices-or-returns,"Short answer, you want to use the correlation of returns, since you're typically interested in the returns on your portfolio, rather than the absolute levels. Also, correlations on price series have very strange properties. If you think about a time series of prices, you could write it out as [P0,P1,P2,...,PN], or [P0,P0+R1,P0+R1+R2,...,P0+R1+...+RN], where Ri = Pi-P(i-1). Written this way you can see that the first return R1, contributes to every entry in the series, whereas the last only contributes to one. This gives the early values in the correlation of prices more weight than they should have. See the answers in this thread for some more details.",17,False,False,CC BY-SA 4.0,Stack Exchange Inc. - https://quant.stackexchange.com,2026-07-30 19:22:19
StackExchange - Quantitative Finance,603,Why are GARCH models used to forecast volatility if residuals are often correlated?,"volatility, time-series, forecasting, best-practices","The answers to this question on forecast assessment suggest that if the sequence of residuals from the forecast are not properly independent, then the model is missing something and further changes should be made to remove the correlation. That does make sense to me and it suggests that we should be able to do better than a simple GARCH(1,1) model. However, in almost all the literature on the subject, this issue is never discussed, and the fact that forecasts produced residuals that are serially correlated is taken as a fact of life. Indeed, people have produced methods for accounting for both serial and contemporaneous correlations when comparing different forecast models. So, why is this the case? If the GARCH(1,1) model does have such problems, why is it still considered a standard approach for modeling volatility?",23,https://quant.stackexchange.com/questions/603/why-are-garch-models-used-to-forecast-volatility-if-residuals-are-often-correlat,"One of the reasons the ARCH family of models is used is that you only need price data to generate the model. These data exist back to the 1800s, so ARCH is great for looking at volatility over very long periods. I don't know that I'd say that the ARCH model has a lot of problems -- it solved the problem of not allowing volatility in time or in the level of the underlying process. It allowed Robert Engle to put to rest Milton Friedman's idea that inflation uncertainty varied with inflation level and won Engle the Nobel Prize . However, I agree with Brian that there are probably better volatility forecasts. ARCH models are necessarily based in the past, not in expectations. I think I would look first at implied volatility from options. Using implied volatility from options will also allow to forecast higher moments like skew and kurtosis.",15,True,True,CC BY-SA 4.0,Stack Exchange Inc. - https://quant.stackexchange.com,2026-07-30 19:22:19
StackExchange - Quantitative Finance,1356,"Diversification, Rebalancing and Different Means","portfolio-management, rebalancing, mean","I have found many financial authors making generalizations about the geometric mean (GM) and arithmetic mean (AM) but they are wrong in certain circumstances. Could someone explain their reasoning? My fact why they are wrong is based Jensen inequality: $\sum^{n}_{i=1} p_{i} f(x_{i}) \geq f( \sum_{i=1}^{n} p_{i} x_{i})$ for concave up functions, verified here . Now the special case is: $\sqrt[n]{x_{1}x_{2}...x_{n}} \leq \frac{x_{1}+x_{2}+...+x_{n}}{n}$ For concave down functions, the corresponding result can be obtained by reversing the inequality, more here . Author 1 Rebalancing and diversification go hand in hand. There is no diversification benefit without rebalancing – otherwise the total return will simply be the weighted average of the long-term geometric returns. If you don’t rebalance to asset types, you will get no diversification benefit. If you can’t rebalance to an asset type, you cannot get diversification benefits. Rebalancing benefits increase as volatility rises, and decreases in less volatile times. The benefit of rebalancing after a 10% movement is more than 10 times the benefit after a 1% movement, and the benefit from rebalancing after a 50% move is more than 5 times the benefit after a 10% move. The greatest benefit comes in times, like 2008-2009, when there are wild movements in portfolios. -- diversification does not assure profit or protect against loss in a declining that affects numerous asset types. Source. Suppose we have a concave-down environment so $\sqrt[n]{x_{1}x_{2}...x_{n}} \geq \frac{x_{1}+x_{2}+...+x_{n}}{n}$ . Now following the logic in the paragraph the total return is simply the weighted average of the long-term geometric returs. We know from the latter result that it is greater than or equal to the arithmetic mean. Is there a diversification benefit with rebalancing? Then the numbers thrown in the next bolded sentence are a bit odd. Why would there be such a benefit if we just noticed that it is not necessarily so if our environment is concave-down environment (valuations going down)? But the last sentence saves this writer! No error here. Author 2. William Bernstein here goes one step further, ignoring the Jensen: The effective (geometric mean) return of a periodically rebalanced portfolio always exceeds the weighted sum of the component geometric means. The implicit premise behind such statements probably is that the market in the long-run is rising, very well right to some extent. But with that assumption, the problem of asset allocation simplifies to the Jensen -- an even with such premise, it should be noticed to the reader (or such sentences are wrong). Author 3. Many works rely on the ambiguous assertions such as Ilmanen's Expected Return -book, page 485: the arithmetic mean of a series is always higher than the geometric mean (AM > GM) except when there is a zero volatility (AM = GM). A simple Taylor series expansion show a good approximate is $GM \approx AM - \frac{Variance}{2}.$ ...but the bolded sentence is wrong. You can make a function with concave values and $AM < GM$ . Questions What are the authors meaning here? Are they wrong or do they have some some hidden premises that I am missing? Why are they stating such issues about AM and GM as they cannot always be true?",23,https://quant.stackexchange.com/questions/1356/diversification-rebalancing-and-different-means,"First of all, AM is always greater than or equal to GM $$ x_1 + x_2 + ... + x_n \geq \sqrt[n]{x_1x_2...x_n}~\forall x_i \geq 0 $$ You can prove it by induction from $\frac{x_1 + x_2}{2} \geq \sqrt{x_1x_2}$ or put $f(x) = \ln(x), p_i = \frac{1}{n}$ to Jensen's inequality to get it. The equality holds when $x_1 = x_2 = ... = x_n$. For author 1 and 2, We want to diversify (put different weight) on $n$ different assets $p_i$ (including risk-free asset) with weight $w_i$ (assuming short-selling is possible and borrowing money is possible, $w_i \in \mathbb{R}$). Assume those assets follow $n$ geometric brownian motion with drift $\mathbf{\mu} = (\mu_1,\mu_2,...,\mu_n)$ and the covariance matrix of their volatility term is $\mathbf{C}$. One can show that the optimal weighting vector $\mathbf{w} = (w_1,w_2,...,w_n)$ should be $$ \mathbf{w} = \mathbf{C}^{-1} \mathbf{\mu} $$ One verify the above to the one-dimensional case $\displaystyle w = \frac{\mu}{\sigma^2}$. It is known as volatility pumping in literature. The result above is optimal, that's mean any other weighting vector will underperform the above (Of course, we have assumption that the asset is really following geometric brownian motion and our estimate of $\mu$ and $\mathbf{C}$ is correct). This answer the question of author 2. As the asset move, the money you invested in the assets will change accordingly and move away from the correct weight you should put. Therefore you need to rebalance your portfolio to the optimal weight. Since we cannot rebalancing continuously, there is an error with an upper bound of $\displaystyle O(\frac{1}{\sqrt{n}})$, where $n$ is the number of rebalancing. Assume the transaction cost of rebalancing is zero, I don't think The benefit of rebalancing after a 10% movement is more than 10 times the benefit after a 1% movement, and the benefit from rebalancing after a 50% move is more than 5 times the benefit after a 10% move. is correct for author 1. For author 3, As I pointed out AM is always greater than or equal to GM with equality holds when $x_1 = x_2 = ... = x_n$. I think he is correct. When an random variable $X$, we have $\mathrm{Var}(X)$, it would implies $P(X=\mu) = 1$ for some $\mu$, or $X$ is constant almost surely. In finite case, it simply means $x_1 = x_2 = ... = x_n$. For the Taylor's series expansion argument, it should be talking about the proof of Ito's lemma (See Informal derivation section). The idea behinds the proof is to make a taylor's expansion at $x$ and $t$.",3,False,False,CC BY-SA 4.0,Stack Exchange Inc. - https://quant.stackexchange.com,2026-07-30 19:22:19
StackExchange - Quantitative Finance,1462,Free paper trading site with an API,algorithmic-trading,"I've got a quanitative trading model I want to test out in the real stock market. Right now, I'm writing some code to pull ""live"" quotes from yahoo, feed them to my model, and keep track of the trades my model makes. However, I feel like I'm re-investing the wheel. Sites like Investopedia have free stock trading ""simulators"" and I was wondering if there were any sites like this that also provide a free api. I'm primarily interesting in 3 things: Web service that I can interact with by GETing a url (i.e. www.site.com/?trade&id=1234&pw=abcd&action=BUY&shares=100) Supports placing orders Can return current positions Or is this too much to ask for a free service?",23,https://quant.stackexchange.com/questions/1462/free-paper-trading-site-with-an-api,"This question sounds a lot like this one . It's going to be difficult to find everything you need completely for free. In order to simulate trading sensibly, you will need a real-time data feed, and even the Yahoo! quotes you are getting are delayed (unless you are already paying for Yahoo's real-time service). If you have the cash available (and are willing to tolerate the monthly data fees of $10/month, which are waived if you actually trade), Interactive Brokers has a Paper Trader which is fully functional and simulates all the rules and limitations of your actual account. AFAIK, IB is the top choice for semi-professional retail traders. For examples on this site, see 1 , 2 , 3 , 4 .",7,True,True,CC BY-SA 4.0,Stack Exchange Inc. - https://quant.stackexchange.com,2026-07-30 19:22:19
StackExchange - Quantitative Finance,1832,Techniques to optimize the placement of orders in market making strategy?,"quant-trading-strategies, algorithmic-trading, optimization, market-making, market-microstructure","Market making often requires placing and canceling a lot of orders. You have to buy and sell nearly simultaneously, so you need to move orders pretty often to beat other traders. But I would like to optimize my strategy, minimizing the number of orders placed while maximizing the total volume of deals. Otherwise I will pay for each unmatched order. Are there any well-known optimizations? I've invented several optimizations myself. For example, one technique is to ignore orders with volume less than certain amount. But I'm sure there are a lot of optimization techniques already invented by someone else and I just need to find them.",23,https://quant.stackexchange.com/questions/1832/techniques-to-optimize-the-placement-of-orders-in-market-making-strategy,"I don't know if you can really improve, the point of Market Making is that you don't know when you'll be executed. It also depends a lot on the type of product you're trading, it's not the same business Market Making far from the money options (where you will never be executed but just offer a reference price and answer traders phone calls) and MM on Bonds/ETF/Futures.... You could : - Stop moving price if price moves too often without actual trades - Move the price only when the Mid moves significantly (refer to the Bid Price if you want to specify an Ask price) - Move the price only if a certain amount (say more than 1000 lots) is better priced than you There is no magic, either you filter market moves and get less executions or you prefer making trade volume and lose margin by cancelled orders or prices too close to the mid. The closer you want to be to the mid the less margin you will have.",9,False,False,CC BY-SA 4.0,Stack Exchange Inc. - https://quant.stackexchange.com,2026-07-30 19:22:19
StackExchange - Quantitative Finance,2332,How to combine multiple trading algorithms?,"trading, algorithmic-trading, quant-trading-strategies, performance","Is it possible to combine different algorithms so as to improve trading performance? In particular, I have read that social media sentiment tracking, digital signal processing and neural networks all can be used for trading algorithms. Would it be possible to create a trading algorithm that combines elements from these three areas or are these methods mutually exclusive in that they are incompatible with each other? If you commit to one, can you use the other?",23,https://quant.stackexchange.com/questions/2332/how-to-combine-multiple-trading-algorithms,"Yes. First, it is much easier to proceed if you standardize the output of your forecast so they are in the same units (returns, for example, or probabilities of an event/condition occurring). After you have done this, there are 3 general approaches: Signal weighting: Then you need to define a weighting scheme for your factors. Richard Grinold has an one answer to this question in his paper "" Signal Weighting "". Note there are quite a few methods to weight signals (optimization, meta-models, forecast pooling, Bayesian model averaging, weighing based on out-of-sample performance, etc.). The general problem of ""Signal Weighting"" is attracting significant research lately, and it is a hard problem with no consensus in my view. Entropy-pooling: Instead of weighing signals you can also integrate signals using entropy-pooling. Here you would assign confidence scores to each signal and develop a new posterior distribution. Entropy-pooling will mix signals in a way that imposes the least spurious structure on your forecast. Atillio Meucci has a paper on how to do this. Build a model using these independent signals as predictor variables. You might try PCA, regression, a hierarchical model, or an ensemble technique. You also do not have to ensure the signals are in the same units although it would aid your intuition. Naturally, you'd have to proceed thru some modelling procedure and consider co-linearity, non-stationarity, etc.",20,True,True,CC BY-SA 4.0,Stack Exchange Inc. - https://quant.stackexchange.com,2026-07-30 19:22:19
StackExchange - Quantitative Finance,3667,Skewness and Kurtosis under aggregation,"statistics, returns, volatility-skew, kurtosis","Returns possess non-zero skewness and excess kurtosis. If these assets are temporally aggregated both will disappear due to the law of large numbers. To be exact, if we assume IID returns skewness scales with $\frac{1}{\sqrt{n}}$ and kurtosis with $\frac{1}{n}$. I'm interested in a concise, clear and openly accessible proof for the above statement preferably for all higher moments. This question is inspired by this question by Richard which deals with, among other things, the behaviour of the higher moments of returns under temporal aggregation. I know about two papers that answer this question. Hawawini (1980) is wrong and Hon-Shiang and Wingender (1989) is behind a paywall and a bit inscrutable.",23,https://quant.stackexchange.com/questions/3667/skewness-and-kurtosis-under-aggregation,"Just to be painfully clear, it only seems to make sense to consider the logarithm of returns, i.e. $X=\log (1+\frac r{100})$ for a simple return of $r\%$ in an arbitrary period because this is what sums when returns are temporally aggregated. A basic property of cumulants is that cumulants of all orders are additive under convolution, for which a proof can be found here here . So if $X_1$, $X_2$, ... $X_n$ are i.i.d. , then all the cumulants of $$Y_n = \sum_{i=1}^nX_i$$ scale linearly with $n$, i.e. $$\kappa_k(Y_n)=n\kappa_k(Y_1).$$ However, I suspect that you are normalizing this sum so that the variance (or volatility) remains constant with increasing $n$. So instead let us consider $$Z_n=\frac{Y_n}{\sqrt n}= \frac 1 {\sqrt n} \sum_{i=1}^nX_i.$$ Another basic property of cumulants is that the $k$th cumulant is homogeneous of order $k$ as to scale. Using both properties together we have $$\kappa_k(Z_n)=\left(\frac 1 {\sqrt n}\right)^k\kappa_k(Y_n)=\left(\frac 1 {\sqrt n}\right)^kn\kappa_k(Y_1)=\frac {\kappa_k(Z_1)}{n^{(k-2)/2}}.$$ (Don't forget that $Z_1=Y_1=X_1$.) Now we can show that the statistics scale as you have described: $$\textrm{variance}=\kappa_2(Z_n)=\kappa_2(Z_1)\propto 1;$$ $$\textrm{skewness} =\frac{\kappa_3(Z_n)}{\kappa_2(Z_n)^{3/2}}=\frac{\frac{1}{n^{1/2}}\kappa_3(Z_1)}{\kappa_2(Z_1)^{3/2}}\propto \frac 1{\sqrt n};$$ $$\textrm{ex. kurtosis}=\frac{\kappa_4(Z_n)}{\kappa_2(Z_n)^2}=\frac{\frac{1}{n}\kappa_4(Z_1)}{\kappa_2(Z_1)^{2}}\propto \frac 1 n.$$ There is no reason this cannot be extended to higher orders, although it works out more directly in terms of cumulants than of moments.",24,True,True,CC BY-SA 4.0,Stack Exchange Inc. - https://quant.stackexchange.com,2026-07-30 19:22:19
StackExchange - Quantitative Finance,3934,Portfolio optimisation with VaR or CVaR constraints using linear programming,"portfolio-management, portfolio-optimization, optimization, value-at-risk","I would like to optimize a portfolio allocation (maximizing the exposure or the expected return), but with VaR or CVaR contraints. (some parts of my portfolio cannot exceed a certain VaR) How can I achieve that? Is there a way to turn the problem into a linear programming problem? or to approximate the results? Any links or ideas are welcome.",23,https://quant.stackexchange.com/questions/3934/portfolio-optimisation-with-var-or-cvar-constraints-using-linear-programming,"In my experience, a VaR or CVaR portfolio optimization problem is usually best specified as minimizing the VaR or CVaR and then using a constraint for the expected return. As noted by Alexey, it is much better to use CVaR than VaR. The main benefit of a CVaR optimization is that it can be implemented as a linear programming problem. Another option I have tried is the technique in this paper: http://www.math.uwaterloo.ca/~tfcolema/articles/bank_article.pdf Another option is the two-step heuristic where one first finds the mean-variance efficient frontier and then you could calculate whatever are the relevant portfolio statistics on only the mean-variance efficient portfolios. In this way you could exclude portfolios that have too high a VaR or CVaR (or mixed CVaR deviation) for your consideration. However, as you say you are particularly concerned about the VaR or CVaR of certain parts of your portfolio. As noted above, VaR constraints for different different groups of assets would require non-linear constraints. However, CVaR constraints for different assets could be calculated using linear constraints (though it would also be possible to implement a relatively slower methodology using non-linear constraints). For guidance on how to implement this as a linear constraint, it might help to follow http://www.soa.org/library/proceedings/arch/2008/arch-2008-iss1-cox-lin.aspx with the only difference that you would want to calculate the CVaR over the relevant groups of securities.",11,True,True,CC BY-SA 4.0,Stack Exchange Inc. - https://quant.stackexchange.com,2026-07-30 19:22:19
StackExchange - Quantitative Finance,4948,How to fit ARMA+GARCH Model In R?,"time-series, statistics, r","I am currently working on ARMA+GARCH model using R. I am looking out for example which explain step by step explanation for fitting this model in R. I have time series which is stationary and I am trying to predict n period ahead value. I have worked on this model but I am looking out for example where auto.arima() function is used for selecting best ARMA(p,q) based on AIC value.",23,https://quant.stackexchange.com/questions/4948/how-to-fit-armagarch-model-in-r,"I don't know how to select ARMA lag length when doing ARMA-GARCH. Perhaps someone can edit it into this answer. For the univariate case you want rugarch package. If you're doing multivariate stuff you want rmgarch . The reason these are better than other packages is threefold; (i) Support for exogenous variables which I haven't seen in any other package, (ii) support for dynamic conditional correlations, (iii) support for a huge multitude of fGARCH variants. install.packages(""rugarch"") require(rugarch) Let's construct the data to be used as an example. Using $N(0,1)$ will give strange results when you try to use GARCH over it but it's just an example. data <- rnorm(1000) We can then compute the ARMA(1,1)-GARCH(1,1) model as an example: spec <- ugarchspec(variance.model = list(model = ""sGARCH"", garchOrder = c(1, 1), submodel = NULL, external.regressors = NULL, variance.targeting = FALSE), mean.model = list(armaOrder = c(1, 1), external.regressors = NULL, distribution.model = ""norm"", start.pars = list(), fixed.pars = list())) garch <- ugarchfit(spec = spec, data = data, solver.control = list(trace=0)) Retrieve ARMA(1,1) and GARCH(1,1) coefficients: garch@fit$coef Retrieve time-varying standard deviation: garch@fit$sigma Retrieve standardized $N(0,1)$ ARMA(1,1) disturbances: garch@fit$z See what else you can pull out of the fit: str(garch)",16,False,False,CC BY-SA 4.0,Stack Exchange Inc. - https://quant.stackexchange.com,2026-07-30 19:22:19
StackExchange - Quantitative Finance,27674,"What is the most stable, non-trivial dependence structure in finance?","finance, correlation, dependence","The highest rated answer to the question on What concepts are the most dangerous ones in quantitative finance work? is this one: Correlation Correlations are notoriously unstable in financial time series [...] My question My question is a little bit broader than just about linear dependence, it is: What is the most stable, non-trivial dependence structure in financial data? With non-trivial I mean that I don't want answers that are about direct connections, e.g. between derivative and underlying. The dependence structure can be either cross-sectional or through time with univariate time series, it can also be non-linear . The context of my question is that I am preparing the documentation for a new machine learning R package I wrote and I am looking for a good showcase in the financial sphere. Now this is not a trivial feat given that correlations are notoriously... see above ;-)",23,https://quant.stackexchange.com/questions/27674/what-is-the-most-stable-non-trivial-dependence-structure-in-finance,"It is hard to find a stable non-trivial dependence structure in financial data. Usually when such is found it is hard to rationalize. One of my favorite (although I am sure there are others) is the so called ""Presidential Puzzle"". This is an old finding by Santa-Clara and Valkanov (2003) They find that "" Excess return in the stock market is higher under Democratic than Republican presidencies: 9 percent for the value‐weighted and 16 percent for the equal‐weighted portfolio. At the time the finding was very robust and did not seem to be explained by anything else. What is more impressive is that 12 years later the result still holds true. We now have a very good out-of-sample period. This is confirmed by Pastor and Veronesi (2017) recent work . More interesting, they rationalize the finding by building a continuous-time general equilibrium model and conclude that: When risk aversion is high, agents are more likely to elect the party promising more fiscal redistribution. The model predicts higher average stock market returns under Democratic than Republican presidencies, explaining the well-known “presidential puzzle.”",10,True,True,CC BY-SA 4.0,Stack Exchange Inc. - https://quant.stackexchange.com,2026-07-30 19:22:19
StackExchange - Quantitative Finance,29644,Difference between OIS Rate and Fed Funds Rate,"interest-rate-swap, rates, ois","I understand Fed Funds Rate is the rate at which banks lend/borrow to/from each other to maintain their daily reserve requirements at the Central Bank; also it is unsecured-meaning no collateral . Is this the same as the OIS rate ? I read somewhere that this effectively the same as the Fed Fund Rate- however, OIS is supposed to be secured lending rate , unlike Fed Funds rate. So, how can they be the same, or even similar? Thanks.",23,https://quant.stackexchange.com/questions/29644/difference-between-ois-rate-and-fed-funds-rate,"Since the financial crisis of 2008-9, banks have become less willing to lend to each other for periods of more than one day. They prefer to lend `overnight', and must do this at the overnight (O/N) rate which changes each day. However, if they wish to lend for periods of days, weeks or even months, the lender (and borrower) have to repeat the O/N deposit for every day of the period. Both borrower and lender are subject to the risk that the O/N rate will change. There are different overnight rates for each currency. In the UK, the Sterling Overnight Interbank Average Rate (SONIA) is used. This is an index calculated based on the average rate of unsecured overnight sterling transactions brokered by the Wholesale Market Brokers Association. Transactions must have a size greater than 25 Million GBP. In the US the equivalent index is the Fed Funds rate and in the Eurozone it is ESTER rate. ESTER, Federal funds and SONIA are unsecured rates. The purpose of OIS swaps is to allow banks to lock-in the cost of secured or unsecured overnight funding in advance. At the start of the lending period, the bank buys an OIS which will mature when the period of lending is to end. At the end of the lending period, the bank holds the rolled-up balance of all of the O/N reinvestments of the initial sum lent which it has just received back from the borrower. The OIS matures at this time. This amount held by the lending bank is identical to what the lender has to pay on one leg of the OIS. On the other leg the bank receives a fixed interest rate on the initial sum. This fixed rate is the OIS rate and it was set at the beginning of the OIS. The bank lender locked in this rate. OIS are not just for lenders. A borrower can also use an OIS to hedge their overnight rate risk. The OIS rate reflects the market's expectation of the cost of repeated overnight unsecured lending over periods of up to two weeks (sometimes more). Whether it is secured or not depends on which of the overnight rates it is linked to. Because it is based on overnight lending, it is assumed to have a lower credit risk than longer term interbank loans based on say 1M, 2M or 3M Libor and this is what drives the OIS-Libor spread. The OIS swap rate is the market's expectation of what the compounded daily (geometric average) index rate will be over the lifetime of the OIS. In USD the index rate is the fed funds rate which sets the cost of unsecured lending. In Euros the unsecured lending rate is set by EONIA and in Sterling it is called SONIA where ONIA stands for overnight index rate. However, more recent overnight indices like the USD-denominated SOFR are based on secured lending. Finally, your confusion may be due to the use of OIS for discounting of collateralised non-cleared derivatives. This has been a market practice since 2008. The OIS rate is used because it is close to the typical interest rate paid on the collateral that is held. It becomes the best estimate of the risk-neutral, risk-free rate in a world where the collateral has effectively eliminated counterparty risk.",26,False,False,CC BY-SA 4.0,Stack Exchange Inc. - https://quant.stackexchange.com,2026-07-30 19:22:19
StackExchange - Quantitative Finance,34111,What are reasons not to do factor investing in equity markets?,"equities, portfolio-management, factor-investing","Factor investing in equity markets is one of the hot topics of these days. Many manufacturers of investment products offer exposure to small cap, momentum, minvol, value and other pure factors or factor blends. Many of them beating the cap-weighted index at relatively low cost. I think of various reasons but I woud like to discuss: What are the reasons not everybody just invests in factor portfolios? What could be limitations, regulations, fears or other reasons not to invest in factor portfolios?",23,https://quant.stackexchange.com/questions/34111/what-are-reasons-not-to-do-factor-investing-in-equity-markets,"This question goes to whether the historical returns to factors represent: Spurious results, overfitting, data mining... Mispricing Unexploitable effects Compensation for risk Case 1: Spurious results etc... If someone constructs a ""stock tickers that begin with AAP or GOO"" factor, the highly above average returns would almost certainly reflect a fishing expedition (or conditioning on future information) and would not be reproducible going forward. Under a null of no above average returns, you're going to get portfolios that have above average historical returns with t-stats over 2. Beware. For something like the Fama-French factor $\mathit{HML}$, this seems far less likely since it has continued to hold decades and decades after it was initially discovered. And if a factor works in other markets and asset classes, it may also increase confidence that the effect is really there. For example, Asness et. al. (2013) find value and momentum effects across a broad variety of asset classes. Case 2: Mispricing If a factor reflects mispricing by investors, some kind of psychological bias or error, there's the possibility that investors wisen up and the higher returns vanish! For example, are we likely to see more egregious violations of the law of one price such as in the tech stock carveouts of Lamont and Thaler (2003)? Perhaps, but if investors get smarter, these types of anomalies should go away. Case 3: Unexploitable effects A related idea is that various anomalies can exist if they are unexploitable. There's a large literature on mispricing and short sale constraints. A common question for higher turnover strategies (eg. momentum) is to what extent trading costs eat into estimated returns. For example, Novy-Marx and Velikov (2016) examine transaction costs and anomalies. Another issue is what's the price you can actually trade at? In this blog post, Ernie Chan goes through some examples where a strategy appears to generate positive returns but actually doesn't! . Case 4: Compensation for risk If the factors represent compensation for risk, a risk that investors don't wish to hold, then there's a rational reason for the effect to continue. It doesn't violate economic laws of rationality for there to be positive insurance premiums and for the holders of unpleasant, aggregate risk to earn premiums for bearing that risk. The efficient market hypothesis of Eugene Fama does not imply that expected returns are constant. This brings up a question of whether clients are capable of bearing a risk? When will they want cash? For example, a number of university endowments tried to follow the David Swensen, Yale Model and try to earn premiums for holding highly illiquid investments. When the 2008 financial crisis hit, all types of these illiquid investments in private equity, venture capital etc... became even more illiquid and ceased to pay dividends. Some major university endowments ended up issuing large bonds to raise cash... If a university's plan in a financial crisis is to avoid cuts in programs by tapping an endowment, then investing a large portion of the endowment in illiquid securities may be problematic. If you go down to the level of tiny non-profits, their revenues (from contributions) can be highly correlated to the business cycle. Putting their cash in investments correlated with their revenue could put them at risk of disintegration in a crisis. Declining above average returns... Mclean and Pontiff (2016) find that many asset pricing anomalies in the literature decline in estimated magnitude post discovery and post publication. Do their results reflect investors learning (and reduced mispricing)? That some prior asset pricing anomalies were spurious or overstated? That compensation for risk has gone down? Some combination of the three? A decline in the estimated magnitude of an effect in studies trying to replicate the results is a pervasive issue in science. References Asness, Clifford S., Tobias J. Moskowitz, and Lasse Heje Pedersen, 2013, ""Value and Momentum Everywhere,"" Journal of Finance Lamont, Owen A., and Richard H. Thaler, 2003, ""Can the Market Add and Subtract? Mispricing in Tech Stock Carve‐outs,"" Journal of Political Economy Mclean, David R. and Jeffrey Pontiff, 2016, ""Does Academic Research Destroy Stock Return Predictability?"" Journal of Finance Novy-Marx, Robert, and Mihail Velikov, 2016, ""A taxonomy of anomalies and their trading costs,"" Review of Financial Studies `",28,True,True,CC BY-SA 4.0,Stack Exchange Inc. - https://quant.stackexchange.com,2026-07-30 19:22:19
StackExchange - Quantitative Finance,39619,Gamma Pnl vs Vega Pnl,"options, implied-volatility, option-strategies, gamma, vega","Why does Gamma Pnl have exposure to realised volatility, but Vega Pnl only has exposure to implied volatility? I am confused as to why gamma pnl is affected (more) by IV and why vega pnl isnt affected (more) by RV? Essentially how do you show what gamma pnl will be mathematically and how do you show what vega pnl will be? I believe that gamma pnl is spot x (vega x IV - RV) Also does gamma pnl usually dominate (in $ terms) the vega pnl of an options, as most literature is on gamma pnl?",23,https://quant.stackexchange.com/questions/39619/gamma-pnl-vs-vega-pnl,"For an option with price $C$ , the P $\&$ L, with respect to changes of the underlying asset price $S$ and volatility $\sigma$ , is given by \begin{align*} P\&L = \delta \Delta S + \frac{1}{2}\gamma (\Delta S)^2 + \nu \Delta \sigma, \end{align*} where $\delta$ , $\gamma$ , and $\nu$ are respectively the delta, gamma, and vega hedge ratios. Then it is clear the vega P $\&$ L has exposure to the change of the implied volatility $\sigma$ . Note that, for the gamma P $\&$ L, \begin{align*} \frac{1}{2}\gamma (\Delta S)^2 = \frac{1}{2}\gamma S^2 \frac{1}{\Delta t}\left(\frac{\Delta S}{S}\right)^2\Delta t, \end{align*} where $\frac{1}{\Delta t}\left(\frac{\Delta S}{S}\right)^2$ is the realized variance, and $\sqrt{\frac{1}{\Delta t}\left(\frac{\Delta S}{S}\right)^2}$ is the realized volatility. To see why $\sqrt{\frac{1}{\Delta t}\left(\frac{\Delta S}{S}\right)^2}$ is the realized volatility, we assume that, heuristically, \begin{align*} dS_t = S_t\left(r dt + \sigma_{Re} dW_t \right), \end{align*} where $\sigma_{Re}$ is the realized volatility and $\{W_t, \, t \ge 0\}$ is a standard Brownian motion. Then \begin{align*} \sqrt{\frac{1}{\Delta t}\left(\frac{\Delta S}{S}\right)^2} \approx \sigma_{Re}. \end{align*} Consider the delta neutral portfolio $\Pi=C-\frac{\partial C}{\partial S}S$ . Assuming that the interest rate and volatility are not change during the small time period $\Delta t$ . The P $\&$ L of the portfolio is given by \begin{align*} P\&L_{\Delta t}^{\Pi} &= \frac{1}{2}\gamma (\Delta S)^2 + \theta \Delta t, \end{align*} where $\theta$ is the theta hedge ratio. For small interest rate, which we assume to be zero, $\theta \approx -\frac{1}{2}\gamma S^2 \sigma^2$ and $\gamma = \frac{\nu}{S^2\sigma T}$ ; see, for example, Black–Scholes model . Then \begin{align*} P\&L_{\Delta t}^{\Pi} &\approx \frac{1}{2}\gamma S^2 \frac{1}{\Delta t}\left(\frac{\Delta S}{S}\right)^2\Delta t - \frac{1}{2}\gamma S^2 \sigma^2 \Delta t\\ &\approx \frac{1}{2}\gamma S^2 \sigma_{Re}^2 \Delta t - \frac{1}{2}\gamma S^2 \sigma^2 \Delta t\\ &= \frac{1}{2}\gamma S^2 (\sigma_{Re} + \sigma)(\sigma_{Re} - \sigma) \Delta t\\ &\approx \gamma S^2 \sigma (\sigma_{Re} - \sigma) \Delta t \hspace{1in} (\text{assuming that } \sigma_{Re}\approx \sigma)\\ &=\frac{\nu}{T}(\sigma_{Re} - \sigma) \Delta t. \end{align*} The cumulative P $\&$ L, over the interval $[0, T]$ , is then $\nu (\sigma_{Re} - \sigma)$ .",27,True,True,CC BY-SA 4.0,Stack Exchange Inc. - https://quant.stackexchange.com,2026-07-30 19:22:19
StackExchange - Quantitative Finance,131,How to execute a large futures order?,"futures, order-execution","I am currently trading futures products on some contracts that have low volumes. More accurately, the volumes of working orders in the book are fairly light. I am trying to execute a relatively large order that could move the market. I would like to break the order up to prevent this but I am unsure of the best algorithm to do it. I know there are iceberg orders but is there any other way to do this?",22,https://quant.stackexchange.com/questions/131/how-to-execute-a-large-futures-order,"You are correct that large orders should be algorithmically broken-up. Perhaps the most straightforward algo is the VWAP (volume-weighted average price), which most brokers offer. Since a VWAP is easy to compute, the trading details are often transparent to the user. There are more sophisticated algos, like Arrival Price , though not every broker offers these. Here's a list of common broker algos . In general, refrain from submitting a standard market order for a large number of contracts and you should be alright.",7,True,True,CC BY-SA 4.0,Stack Exchange Inc. - https://quant.stackexchange.com,2026-07-30 19:22:19
StackExchange - Quantitative Finance,180,How are distributions for tail risk measures estimated in practice?,"risk, probability, estimation, value-at-risk, expected-return","Let's say you want to calculate a VaR for a portfolio of 1000 stocks. You're really only interested in the left tail, so do you use the whole set of returns to estimate mean, variance, skew, and shape (let's also assume a skewed generalized error distribution - SGED)? Or would you just use the left tail (let's say the bottom 10% of returns)? For some reason, using the whole set of returns seems more correct to me (by using only the left 10% or returns you'd really be approaching a non-parametric VaR). But using the whole set of returns would likely cause some distortion in the left tail in order to get a better fit elsewhere. How are the pros doing this? Thanks!",22,https://quant.stackexchange.com/questions/180/how-are-distributions-for-tail-risk-measures-estimated-in-practice,Perhaps you may want to consider article by D. Levine - Modeling Tail Behavior with Extreme Value Theory who gives practicale example on how EVT can be used to calculate probabilities on returns in tails with use of the Pickands-Balkema-de Haan Theorem and generalized Pareto distribution. It also contains some criterias and points on other methods that can be used to determine threshold value for PBH theorem: Contrary to this notion is the fact that the PBH theorem states a result based on the assumption of threshold values approaching the right endpoint of the distribution F. This implies that better GPD fits are expected for larger choices of the threshold u. One must strike a balance between choosing u large enough so that the theorem is applicable from a practical standpoint and small enough so that a sufficient number of data points can be used in estimation of the parameters of the GPD. There is no hard and fast rule describing the “right” choice of the threshold value. Some methods for threshold selection can be found in Bensalah’s “Steps in Applying Extreme Value Theory to Finance: A Review,11,True,True,CC BY-SA 4.0,Stack Exchange Inc. - https://quant.stackexchange.com,2026-07-30 19:22:19
