article_id,ticker,company_name,title,summary,content,published_at,published_at_raw,crawled_at,source_name,source_url,canonical_url,author,category,thumbnail_url,language,document_type,event_types,matched_aliases,relevance_score,relevance_reasons,content_hash,word_count,status
cafef_fpt_20260722_5bd911f1,"[""FPT""]",Công ty Cổ phần FPT,Siêu dự án công viên công nghệ 2 tỷ USD của Tập đoàn FPT tại “làng hoa” có diễn biến mới,"Sở Tài chính Hà Nội đề nghị thời gian tới, các đơn vị cần đẩy nhanh tiến độ GPMB, sớm trình thẩm định phê duyệt quy hoạch chi tiết 1/500 và chủ trương đầu tư Công viên công nghệ số và hỗn hợp tại phường Tây Tựu, phường Phú Diễn.","Mới đây, Sở Tài chính Hà Nội đã có báo cáo gửi Thường trực HĐND thành phố về tình hình triển khai Công viên công nghệ số và hỗn hợp tại phường Tây Tựu, phường Phú Diễn. Dự án có sơ bộ vốn đầu tư gần 53.764 tỷ đồng (hơn 2 tỷ USD), quy mô sử dụng đất gần 197 ha, gồm 3 cấu phần chính.

Thứ nhất là Công viên công nghệ số tập trung, đổi mới sáng tạo, chuyển đổi số (169 ha). Thứ hai là Khu hỗn hợp HH1 (gần 14 ha), tại đây bố trí các công trình hỗn hợp cao tầng có chức năng nhà ở để bán, cho thuê mua, cho thuê. Thứ ba là phần đất an ninh và công cộng (hơn 14 ha), nhà đầu tư bố trí vốn giải phóng mặt bằng (GPMB) và đầu tư hạ tầng kỹ thuật bên ngoài khu đất, sau đó bàn giao lại cho thành phố để bố trí địa điểm cho Bộ Công an.

Công trình dự kiến đáp ứng nhu cầu làm việc cho khoảng 60.000 chuyên gia, kỹ sư và các lao động phụ trợ khác, đồng thời đáp ứng nhu cầu nhà ở cho khoảng 30.000 người. Tiến độ thực hiện từ năm 2026 - 2031.

Đầu năm nay, dự án đã được UBND TP Hà Nội chấp thuận chủ trương triển khai thực hiện và phê duyệt kết quả lựa chọn nhà đầu tư đối với Tập đoàn FPT.

Sau khi dự án được khởi công vào ngày 16/1/2026, Hà Nội đã chỉ đạo hoàn thiện các điều kiện theo quy định của pháp luật về khởi công xây dựng công trình dự án thành phần thuộc dự án tổng thể trong thời hạn 6 tháng kể từ ngày khởi công.

Qua rà soát, trong phạm vi ranh giới thực hiện Công viên công nghệ số và hỗn hợp tại phường Tây Tựu, phường Phú Diễn không có dự án chồng lấn.

Đến giữa tháng 4, thành phố có quyết định về chủ trương thực hiện dự án bồi thường, hỗ trợ, tái định cư độc lập phục vụ triển khai công viên, dự kiến hoàn thành trong tháng 9.

Tập đoàn FPT đã thống nhất phương thức ứng vốn GPMB với UBND phường Phú Diễn và phường Tây Tựu. Hai địa phương đang triển khai các thủ tục liên quan đến GPMB.

Bên cạnh đó, dự án đã hoàn thành lấy ý kiến cộng đồng về quy hoạch. Nhà đầu tư đã nộp hồ sơ đề nghị chấp thuận chủ trương đầu tư dự án, Sở Tài chính đang tổng hợp, báo cáo UBND thành phố.

Theo Sở Tài chính, hiện nay công tác GPMB của dự án và công tác lập, thẩm định phê duyệt quy hoạch chi tiết 1/500 đang chậm theo kế hoạch. Lý do phần lớn bởi quá trình cập nhật bổ sung các chỉ tiêu dân số và chỉ tiêu quy hoạch của lô đất dành cho Bộ Công an, việc này cần thời gian để các bên tính toán sự đáp ứng của hạ tầng xã hội, đảm bảo tuân thủ quy chuẩn Việt Nam.

Thời gian tới, các sở ngành, xã phường cần đẩy nhanh tiến độ GPMB thực hiện dự án, khẩn trương trình thẩm định phê duyệt quy hoạch chi tiết 1/500 và trình thẩm định phê duyệt chủ trương đầu tư dự án theo quy định.",2026-07-22T15:22:00+07:00,2026-07-22T15:22:00,2026-07-29T21:30:36.436818+07:00,CafeF,https://cafef.vn/sieu-du-an-cong-vien-cong-nghe-2-ty-usd-cua-tap-doan-fpt-tai-lang-hoa-co-dien-bien-moi-188260722151954553.chn,https://cafef.vn/sieu-du-an-cong-vien-cong-nghe-2-ty-usd-cua-tap-doan-fpt-tai-lang-hoa-co-dien-bien-moi-188260722151954553.chn,Thanh Phong,Bất động sản,https://cafefcdn.com/thumb_w/1200/203337114487263232/2026/7/22/avatar1784708370006-17847083704871759554089.png,vi,GENERAL_NEWS,[],"[""FPT"", ""Tập đoàn FPT""]",11.0,"[""ticker_in_title:+1"", ""alias_in_title:+3"", ""positive_entity:+1"", ""ticker_content:+2"", ""financial_terms:+2"", ""financial_metrics:+2""]",7cfc22c948d7ce484308c0fd93b80fe041ae34cf583fd83bf6b275a3c45a7720,583,accepted
cafef_fpt_20260107_39ccb1a3,"[""FPT""]",Công ty Cổ phần FPT,Diễn biến mới tại siêu dự án hơn 53.000 tỷ do Tập đoàn FPT đầu tư tại thành phố giàu nhất miền Bắc,Dự án Khu Công viên công nghệ số và hỗn hợp tại hai phường Tây Tựu và Phú Diễn do Tập đoàn FPT đầu tư đang được đẩy mạnh công tác giải phóng mặt bằng nhằm bảo đảm tiến độ triển khai.,"Sáng 29/6, tại Trung tâm Hội nghị Quốc gia, Hội nghị công bố Quy hoạch tổng thể Thủ đô Hà Nội tầm nhìn 100 năm và xúc tiến đầu tư năm 2026 diễn ra với sự tham dự của hơn 1.200 đại diện doanh nghiệp, nhà đầu tư, tổ chức, hiệp hội trong nước và quốc tế.

Phát biểu tại hội nghị, ông Trương Gia Bình - Chủ tịch HĐQT FPT, cho biết từ kinh nghiệm đồng hành cùng Hà Nội trong nhiều dự án công nghệ thông tin trước đây, để hiện thực hóa quy hoạch, Thủ đô cần tập trung vào hai nhiệm vụ trọng tâm.

Thứ nhất là đầu tư phát triển nguồn nhân lực số và phổ cập kỹ năng số trên diện rộng.

Thứ hai là phát triển Công viên Công nghệ số Tây Tựu thành ""phòng thí nghiệm sống"" của Hà Nội và khu vực. Theo đó, FPT định hướng xây dựng Tây Tựu thành hệ sinh thái công nghệ tích hợp giữa học tập, nghiên cứu và thực nghiệm, tập trung vào các lĩnh vực công nghệ lõi như trí tuệ nhân tạo (AI), bán dẫn và Internet vạn vật (IoT).

Mục tiêu là thu hút các nhà đầu tư, chuyên gia công nghệ và nguồn nhân lực chất lượng cao trong nước, quốc tế đến nghiên cứu, làm việc và cống hiến cho Hà Nội.

Lãnh đạo FPT nhấn mạnh, Tây Tựu không chỉ là một dự án công nghệ mà còn có thể trở thành biểu tượng mới của đổi mới sáng tạo Thủ đô trong tương lai. Theo ông, quy hoạch 100 năm là tầm nhìn dài hạn, vượt ra ngoài phạm vi của một thế hệ.

Phối cảnh dự án.

Trước đó, ngày 16/1/2026, UBND TP Hà Nội phối hợp với Tập đoàn FPT tổ chức lễ khởi công dự án Khu Công viên công nghệ số và hỗn hợp tại hai phường Tây Tựu và Phú Diễn.

Dự án có quy mô khoảng 197 ha, tổng vốn đầu tư khoảng 53.700 tỷ đồng. Khi đi vào hoạt động, dự án dự kiến đáp ứng nhu cầu làm việc của khoảng 60.000 chuyên gia, kỹ sư công nghệ số, đổi mới sáng tạo và lao động phụ trợ.

Thời gian triển khai dự án từ năm 2026 đến năm 2031, phấn đấu hoàn thành và đưa vào khai thác hạng mục đầu tiên trong năm 2027.

Về tiến độ, vào tháng 4/2026, UBND phường Phú Diễn đã tổ chức hội nghị làm việc trực tiếp với người dân trong phạm vi giải phóng mặt bằng để triển khai dự án.

Đến tháng 6/2026, UBND phường Tây Tựu cho biết đang tập trung thực hiện công tác giải phóng mặt bằng nhằm bảo đảm tiến độ dự án.

Xác định giải phóng mặt bằng là nhiệm vụ then chốt, UBND phường Tây Tựu đã triển khai đồng bộ nhiều giải pháp như: Giao đơn vị quản lý thực hiện, đồng thời tổ chức các hội nghị, cuộc họp với các hộ dân thuộc diện thu hồi đất để thông tin đầy đủ về dự án, quy định pháp luật và các nội dung liên quan đến quá trình triển khai.

Được biết, thông qua dự án, Tập đoàn FPT hướng tới xây dựng môi trường nghiên cứu, sản xuất và phát triển công nghệ tiên tiến. Từ đó thu hút chuyên gia, nhà khoa học trong và ngoài nước, đồng thời phát triển hệ sinh thái khởi nghiệp sáng tạo. Đây cũng là khu công nghệ số tập trung lớn nhất của FPT trên cả nước.",2026-01-07T07:58:00+07:00,2026-07-01T07:58:00,2026-07-29T21:30:41.025345+07:00,CafeF,https://cafef.vn/dien-bien-moi-tai-sieu-du-an-hon-53000-ty-do-tap-doan-fpt-dau-tu-tai-thanh-pho-giau-nhat-mien-bac-188260701072438322.chn,https://cafef.vn/dien-bien-moi-tai-sieu-du-an-hon-53000-ty-do-tap-doan-fpt-dau-tu-tai-thanh-pho-giau-nhat-mien-bac-188260701072438322.chn,Lễ Lễ,Bất động sản,https://cafefcdn.com/thumb_w/1200/203337114487263232/2026/7/1/avatar1782865431964-17828654328981211069672.png,vi,GENERAL_NEWS,[],"[""FPT"", ""Tập đoàn FPT""]",13.0,"[""ticker_in_title:+1"", ""alias_in_title:+3"", ""ticker_in_summary:+1"", ""positive_entity:+1"", ""ticker_content:+3"", ""financial_terms:+2"", ""financial_metrics:+2""]",944e26ae51d12811aa19c662a453bffb45dd4349b6363fc01db17d372e82d6cb,613,accepted
cafef_fpt_20260107_78d4073c,"[""FPT""]",Công ty Cổ phần FPT,Nóng: Trường ĐH của tập đoàn FPT công bố điểm sàn xét tuyển hệ đại học chính quy năm 2026,Thí sinh đạt ngưỡng điểm này có thể trúng tuyển vào trường ĐH FPT.,"Trường Đại học FPT vừa công bố điểm sàn xét tuyển (ngưỡng bảo đảm chất lượng đầu vào) hệ đại học chính quy năm 2026 là 18 điểm . Riêng chương trình Cử nhân tài năng ngành Khoa học máy tính điểm sàn xét tuyển là 21 điểm. Chính sách này áp dụng cho tất cả các ngành đào tạo và cơ sở của Trường Đại học FPT trên toàn quốc trong kỳ tuyển sinh năm 2026.

Năm 2026, Trường Đại học FPT áp dụng phương thức xét tuyển kết hợp giữa kết quả kỳ thi tốt nghiệp THPT và kết quả học tập lớp 12. Điểm xét tuyển được xác định bằng Điểm kết hợp + điểm khuyến khích + điểm ưu tiên , trong đó:

Điểm kết hợp = (Điểm thi tốt nghiệp THPT + (Điểm trung bình lớp 12 × 3)) / 2.

Đối với điểm thi tốt nghiệp THPT, trường sử dụng:

Tổ hợp Axx: Điểm môn Toán và hai môn bất kỳ (áp dụng cho tất cả ngành đào tạo).

Tổ hợp Cxx: Điểm môn Ngữ văn và hai môn bất kỳ (áp dụng đối với các ngành ngoài Công nghệ thông tin và Khoa học máy tính.

Bên cạnh đó, Trường Đại học FPT thực hiện tuyển thẳng theo quy định của Bộ Giáo dục và Đào tạo, đồng thời ưu tiên xét tuyển đối với các thí sinh đáp ứng ngưỡng bảo đảm chất lượng đầu vào thuộc các nhóm:

Tốt nghiệp THPT ở nước ngoài hoặc tốt nghiệp THPT tại các trường thuộc Tổ chức Giáo dục FPT.

Có các chứng chỉ hoặc văn bằng như APTECH HDSE/ADSE, ARENA ADIM, SKILLKING, JETKING.

Tốt nghiệp các chương trình BTEC HND, Melbourne Polytechnic, FUNiX Software Engineering hoặc Cao đẳng FPT Polytechnic.

Thí sinh đủ điều kiện xét tuyển cần đăng ký Trường Đại học FPT (mã trường: FPT) là một trong các nguyện vọng trên Hệ thống hỗ trợ tuyển sinh chung của Bộ Giáo dục và Đào tạo trong thời gian từ ngày 2/7 đến 17h ngày 14/7 để được xét trúng tuyển theo quy định.

Năm 2026, Trường Đại học FPT tuyển sinh nhiều ngành và chuyên ngành thuộc các lĩnh vực Công nghệ thông tin, Khoa học máy tính, Quản trị kinh doanh, Công nghệ truyền thông, Luật và Ngôn ngữ. Chương trình đào tạo được phát triển theo ba trụ cột công nghệ - khởi nghiệp - toàn cầu , đồng thời mở rộng nhiều ngành học đáp ứng nhu cầu nhân lực của nền kinh tế số như Robot và Trí tuệ nhân tạo (định hướng UAV và humanoid), Khoa học Dữ liệu ứng dụng, Quản trị Trải nghiệm khách hàng, Phân tích kinh doanh, Quản trị thu mua, Truyền thông Marketing tích hợp….

Danh sách các ngành tuyển sinh năm 2026 của Trường Đại học FPT:",2026-01-07T07:41:00+07:00,2026-07-01T07:41:00,2026-07-29T21:30:43.426572+07:00,CafeF,https://cafef.vn/nong-truong-dh-cua-chu-tich-fpt-truong-gia-binh-cong-bo-diem-san-xet-tuyen-he-dai-hoc-chinh-quy-nam-2026-18826070107412482.chn,https://cafef.vn/nong-truong-dh-cua-chu-tich-fpt-truong-gia-binh-cong-bo-diem-san-xet-tuyen-he-dai-hoc-chinh-quy-nam-2026-18826070107412482.chn,Minh Ánh,Sống,https://cafefcdn.com/thumb_w/1200/203337114487263232/2026/7/1/avatar1782866350708-17828663512861577423756.png,vi,GENERAL_NEWS,[],"[""FPT"", ""Tập đoàn FPT""]",9.0,"[""ticker_in_title:+1"", ""alias_in_title:+3"", ""ticker_in_summary:+1"", ""positive_entity:+1"", ""ticker_content:+3""]",ec410d3fd4174106fb3e1cf93041b29b69aa6808033dfe39299cd9dc95edf623,470,accepted
cafef_fpt_20260624_ea5f478b,"[""FPT""]",Công ty Cổ phần FPT,Trường Đại học của Tập đoàn FPT đứng đầu Việt Nam và lọt top 100 thế giới ở hạng mục này,"Xếp hạng 87 thế giới, thuộc Top 100 toàn cầu và đứng đầu Việt Nam, trường đại học của Chủ tịch Trương Gia Bình đang chứng minh được chất lượng đào tạo, khả năng tiếp cận giáo dục và những đóng góp của đại học đối với sự phát triển của người học.","Theo thông tin từ trường đại học FPT (FPTU), cơ sở giáo dục đã chính thức được Times Higher Education (THE) xếp vào nhóm 201–300 trường đại học có tác động phát triển bền vững hàng đầu thế giới trong bảng xếp hạng THE Impact Ratings 2026. Đây là lần đầu tiên FPTU đạt được nhóm xếp hạng này, đồng thời tiếp tục khẳng định vị thế của một trong những trường đại học có tốc độ thăng hạng nổi bật trên bảng xếp hạng quốc tế đánh giá mức độ đóng góp của các cơ sở giáo dục đại học đối với 17 Mục tiêu Phát triển Bền vững (SDGs) của Liên Hợp Quốc.

Ban lãnh đạo của FPTU nhận chứng nhận của Times Higher Education (THE)

Đáng chú ý, ở hạng mục Giáo dục chất lượng (SDG4), FPTU được xếp hạng 87 thế giới, thuộc Top 100 toàn cầu và đứng đầu Việt Nam. Đây là hạng mục phản ánh trực tiếp chất lượng đào tạo, khả năng tiếp cận giáo dục và những đóng góp của đại học đối với sự phát triển của người học. Kết quả này đưa FPTU vào nhóm các cơ sở giáo dục có ảnh hưởng nổi bật nhất thế giới trong việc tạo ra cơ hội học tập, phát triển năng lực và thúc đẩy học tập suốt đời.

Ngoài các thành tích trên, trường đại học FPT cũng đạt nhiều kết quả ấn tượng khác như xếp thứ 14 thế giới về Việc làm tốt và tăng trưởng kinh tế (SDG8), thứ 9 thế giới về Tổ chức mạnh, hoạt động theo pháp trị và an bình (SDG16), thứ 69 thế giới về Phát triển thành phố và cộng đồng bền vững (SDG11). Trong khu vực châu Á, FPTU xếp thứ 110 trên tổng số 941 cơ sở giáo dục.

Theo đó, THE Impact Ratings là bảng xếp hạng toàn cầu do Times Higher Education thực hiện nhằm đánh giá mức độ đóng góp của các trường đại học đối với sự phát triển bền vững. Khác với các bảng xếp hạng tập trung chủ yếu vào nghiên cứu hay học thuật, THE Impact Ratings đo lường tác động thực tế của đại học đối với người học, cộng đồng, môi trường, thị trường lao động và sự phát triển kinh tế - xã hội.

Performance Highlights Report của Times Higher Education đánh giá FPTU được ghi nhận có thành tích nổi bật trên các lĩnh vực cốt lõi của một trường đại học gồm giảng dạy, nghiên cứu, quản trị và phục vụ cộng đồng. Kết quả này cho thấy, năng lực của nhà trường được đánh giá một cách toàn diện, không chỉ ở chất lượng đào tạo mà còn ở khả năng tạo ra những tác động tích cực đối với xã hội.

FPTU là trường đại học thuộc tập đoàn FPT. Hiện nay trường có 5 cơ sở được đặt tại các tỉnh/thành phố: Hà Nội, Đà Nẵng, Gia Lai, TP.HCM và Cần Thơ.

Tham khảo thêm Việt Nam có tòa tháp dựng từ 100 cột đá vĩnh cửu: Được đầu tư 128 tỷ đồng, là đại diện duy nhất của Đông Nam Á giành giải thưởng của châu lục",2026-06-24T10:02:00+07:00,2026-06-24T10:02:00,2026-07-29T21:30:52.081783+07:00,CafeF,https://cafef.vn/truong-dai-hoc-cua-tap-doan-fpt-dung-dau-viet-nam-va-lot-top-100-the-gioi-o-hang-muc-nay-188260624095114313.chn,https://cafef.vn/truong-dai-hoc-cua-tap-doan-fpt-dung-dau-viet-nam-va-lot-top-100-the-gioi-o-hang-muc-nay-188260624095114313.chn,Đinh Anh,Sống,https://cafefcdn.com/thumb_w/1200/203337114487263232/2026/6/24/anh-ben-thuyen-tai-marina-club-bat-tron-ve-dep-cua-do-thi-dao-elyse-island-trong-mot-chieu-hoang-hon-1782288462860342089187-47-0-933-1417-crop-17822884673011904750102.jpg,vi,GENERAL_NEWS,[],"[""FPT"", ""Tập đoàn FPT""]",12.0,"[""ticker_in_title:+1"", ""alias_in_title:+3"", ""positive_entity:+1"", ""ticker_content:+3"", ""financial_terms:+2"", ""financial_metrics:+2""]",23f33fac7b73e6e5949c68bfac9453c6200357350e2d82d14a1ba6f615167843,546,accepted
cafef_fpt_20260614_5366c453,"[""FPT""]",Công ty Cổ phần FPT,Việt Nam mới có thêm 1 công trình trường liên cấp rộng hơn 8.472m²: Là nơi Tập đoàn FPT của chủ tịch Trương Gia Bình kiến tạo nguồn nhân lực mang “DNA công nghệ”,"Sở hữu 106 phòng học cùng hệ sinh thái giáo dục công nghệ hiện đại, Tòa nhà Zeta vừa được FPT đưa vào vận hành tại Đà Nẵng, góp phần đào tạo thế hệ học sinh mang “DNA công nghệ” cho kỷ nguyên số.","Tọa lạc tại Khu đô thị công nghệ FPT City, phường Ngũ Hành Sơn, TP Đà Nẵng, Tòa nhà Zeta là công trình giáo dục xanh, trường học thông minh được Tập đoàn FPT của Chủ tịch Trương Gia Bình khánh thành ngày 23/4/2026. Đây là cơ sở thứ ba của hệ thống Trường Liên cấp FPT tại Đà Nẵng.

Sự kiện đánh dấu bước mở rộng quan trọng của FPT trong lĩnh vực giáo dục khi nâng quy mô đào tạo tại Đà Nẵng lên 7.000 học sinh, đồng thời thiết lập một chuẩn mực mới về cơ sở vật chất giáo dục hiện đại, đồng bộ hàng đầu khu vực miền Trung - Tây Nguyên.

Tòa nhà Zeta được xây dựng trên tổng diện tích sàn 8.472,5 m² với thiết kế được lấy cảm hứng từ sự giao thoa giữa công nghệ và thiên nhiên. Công trình nổi bật với triết lý kiến trúc xanh, tối ưu hóa nguồn sáng tự nhiên và hệ thống thông gió đối lưu nhằm tiết kiệm năng lượng và nâng cao hiệu quả vận hành.

Không chỉ là một công trình giáo dục hiện đại, Zeta còn thể hiện định hướng tiên phong của FPT Schools trong việc hiện thực hóa mục tiêu Net Zero, hướng tới xây dựng môi trường học tập bền vững, thân thiện với môi trường cho thế hệ tương lai. Đây cũng là bước đi tiên phong của FPT Schools trong việc hiện thực hóa mục tiêu Net Zero, hướng tới xây dựng môi trường học tập bền vững, thân thiện với môi trường.

Công trình gồm 106 phòng học và phòng chức năng, được thiết kế theo mô hình Trường học thông minh (Smart School 4.0), tạo nên hệ sinh thái học tập toàn diện, hiện đại và truyền cảm hứng. Từ các phòng thí nghiệm Robotics và AI, nơi học sinh có cơ hội hiện thực hóa những ý tưởng sáng tạo, đến tổ hợp STEAM và phòng Tin học được trang bị hệ thống thiết bị thực hành hiện đại, mọi không gian đều hướng tới mục tiêu khơi dậy niềm đam mê khoa học và công nghệ.

Bên cạnh đó, các không gian nghệ thuật đa năng dành cho Nhảy hiện đại, Âm nhạc, Mỹ thuật cùng khu thể chất chuyên biệt với sân bóng rổ ngoài trời và nhà tập Vovinam được tích hợp hài hòa, tạo điều kiện tối ưu để học sinh rèn luyện cả tâm thế vững vàng lẫn thể lực khỏe mạnh trong một môi trường giáo dục cân bằng.

Theo thông tin trên website của FPT Schools, việc đưa tòa nhà Zeta vào vận hành không chỉ đơn thuần là giải bài toán về nhu cầu giáo dục chất lượng cao đang tăng phi mã tại miền Trung, mà còn mang sứ mệnh chiến lược trong việc tạo ra nguồn nhân lực có “DNA công nghệ”, sẵn sàng hội nhập quốc tế ngay sau khi tốt nghiệp.

Tại đây, mỗi học sinh được rèn tư duy đổi mới sáng tạo và được trao cơ hội làm chủ các công nghệ chiến lược như AI, tự động hóa từ rất sớm. Đây là một trong ba trụ cột vững chắc mà FPT Schools tập trung đào tạo để thế hệ trẻ không chỉ làm chủ tương lai của chính mình mà còn góp phần khẳng định vị thế và sức mạnh tri thức của Việt Nam trên bản đồ công nghệ toàn cầu.

Sự mở rộng quy mô đào tạo lên 7.000 học sinh tại Đà Nẵng là minh chứng cho cam kết của FPT trong việc đồng hành cùng địa phương bồi đắp đội ngũ nhân sự chất lượng cao, có khả năng thích ứng linh hoạt với kỷ nguyên số.

Tính đến năm 2026, với mạng lưới 18 cơ sở tại 11 tỉnh, thành phố, FPT Schools đã xác lập vị thế là hệ thống giáo dục phổ thông có quy mô, tốc độ phát triển và chất lượng đào tạo hàng đầu Việt Nam.

(Tổng hợp)",2026-06-14T07:05:00+07:00,2026-06-14T07:05:00,2026-07-29T21:30:53.946188+07:00,CafeF,https://cafef.vn/viet-nam-moi-co-them-1-cong-trinh-truong-lien-cap-rong-hon-8472m-la-noi-tap-doan-fpt-cua-chu-tich-truong-gia-binh-kien-tao-nguon-nhan-luc-mang-dna-cong-nghe-188260612233859555.chn,https://cafef.vn/viet-nam-moi-co-them-1-cong-trinh-truong-lien-cap-rong-hon-8472m-la-noi-tap-doan-fpt-cua-chu-tich-truong-gia-binh-kien-tao-nguon-nhan-luc-mang-dna-cong-nghe-188260612233859555.chn,,Sống,https://cafefcdn.com/thumb_w/1200/203337114487263232/2026/6/12/avatar1781282187199-17812821879816668301.jpg,vi,GENERAL_NEWS,[],"[""FPT"", ""Tập đoàn FPT""]",9.0,"[""ticker_in_title:+1"", ""alias_in_title:+3"", ""ticker_in_summary:+1"", ""positive_entity:+1"", ""ticker_content:+3""]",0e5a15cc0308242ad3d0f90b26f49580b7417ade1d65a99059675cab72ad0b8b,687,accepted
cafef_fpt_20260505_cc161db1,"[""FPT""]",Công ty Cổ phần FPT,"1 Giám đốc của Tập đoàn FPT bất ngờ đi hát, tham gia chương trình 'Anh trai vượt ngàn chông gai'",Sự xuất hiện của anh đang khiến người hâm mộ chương trình vô cùng hào hứng và đón chờ những màn bứt phá.,"Tối ngày 5/5, chương trình truyền hình thực tế về âm nhạc Anh trai vượt ngàn chông gai 2026 chính thức công bố 5 anh tài đầu tiên của mùa 2. Đáng chú ý danh sách này có sự xuất hiện của “Giáo sư Cù Trọng Xoay” Đinh Tiến Dũng.

Anh Đinh Tiến Dũng góp mặt trong chương trình Anh trai vượt ngàn chông gai.

Theo đó, anh Đinh Tiến Dũng từng gây ấn tượng với công chúng khi đảm nhận vai trò Giáo sư Cù Trọng Xoay trong chương trình Hỏi xoáy đáp xoay phát sóng mỗi tối thứ 7 hàng tuần vào những năm 2010-2012. Năm 2011, anh tham gia gameshow Cặp đôi hoàn hảo , kết hợp với Phương Linh thành đôi song ca. Kể từ năm 2020-2025, anh đảm nhận vai trò MC của Ai là triệu phú , đồng thời là biên kịch quen thuộc của Táo Quân - Gặp nhau cuối năm .

Bên cạnh hoạt động nghệ thuật, “Giáo sư Cù Trọng Xoay” còn đang công tác tại Tập đoàn FPT. Tại đây anh đảm nhiệm vai trò Giám đốc sáng tạo FPT Software, kiêm Trưởng ban Tinh thần và Văn hóa FPT.

Anh Đinh Tiến Dũng được bổ nhiệm Trưởng ban Tinh thần và Văn hóa FPT vào ngày 30/3 vừa qua.

Được biết, anh Đinh Tiến Dũng gia nhập FPT từ năm 2005, khởi đầu từ cán bộ phụ trách phát triển Đảng thuộc Tổng hội FPT. Sau đó anh chuyển sang làm cán bộ Phòng thương hiệu thuộc Ban Truyền thông FPT, trước khi được bổ nhiệm làm Trưởng phòng Công tác sinh viên Đại học FPT.

Năm 2009, anh trở lại FPT HO đảm nhận vị trí Trưởng phòng Văn phòng Đoàn thể thuộc Ban Truyền thông và Cộng đồng và được bổ nhiệm làm Phó ban Văn hóa và Đoàn thể FPT trước khi được bổ nhiệm Trưởng ban giai đoạn 2013-2014. Sau đó, anh lần lượt đảm nhiệm vai trò Giám đốc sáng tạo Truyền hình FPT (thuộc FPT Telecom) và Giám đốc Sáng tạo nhà Phần mềm FPT.

Tham gia chương trình Anh trai vượt ngàn chông gai mùa 2 này, anh Đinh Tiến Dũng sử dụng nghệ danh Dũng DT thay vì biệt danh “Giáo sư Cù Trọng Xoay”.",2026-05-05T21:08:00+07:00,2026-05-05T21:08:00,2026-07-29T21:30:56.951220+07:00,CafeF,https://cafef.vn/1-giam-doc-cua-tap-doan-fpt-bat-ngo-di-hat-tham-gia-chuong-trinh-anh-trai-vuot-ngan-chong-gai-188260505210851609.chn,https://cafef.vn/1-giam-doc-cua-tap-doan-fpt-bat-ngo-di-hat-tham-gia-chuong-trinh-anh-trai-vuot-ngan-chong-gai-188260505210851609.chn,Đinh Anh,Lifestyle,https://cafefcdn.com/thumb_w/1200/203337114487263232/2026/5/5/avatar1777990032067-1777990033137474077232.png,vi,CORPORATE_DISCLOSURE,"[""LEADERSHIP_CHANGE""]","[""FPT"", ""Tập đoàn FPT""]",8.0,"[""ticker_in_title:+1"", ""alias_in_title:+3"", ""positive_entity:+1"", ""ticker_content:+3""]",c2c6c50b2da4f4d6cb2c61320e1c6b0db7237b3fc008627a9cc680839c8ddf62,385,accepted
cafef_fpt_20260421_fdf7ec74,"[""FPT""]",Công ty Cổ phần FPT,Tập đoàn FPT đón tin vui tại dự án 650 tỷ ở thành phố nhỏ nhất Việt Nam sau 1 tháng khởi công,"Theo UBND phường Phù Liễn, hiện địa phương đã hoàn thành giải phóng mặt bằng đối với 2 dự án trọng điểm, trong đó có dự án Tổ hợp giáo dục FPT.","Theo UBND phường Phù Liễn (TP Hải Phòng), nhằm bảo đảm tiến độ triển khai các dự án cũng như công tác giải phóng mặt bằng trên địa bàn, các phòng, ban chuyên môn thuộc UBND phường đã tập trung cao độ, chủ động bố trí thời gian, nhân lực, duy trì làm việc liên tục, kể cả vào thứ Bảy và Chủ nhật.

Theo báo cáo, đến nay, tiến độ thực hiện công tác giải phóng mặt bằng và triển khai các dự án trên địa bàn cơ bản đạt yêu cầu đề ra, trong đó công tác giải phóng mặt bằng ghi nhận kết quả tích cực. Phường đã hoàn thành giải phóng mặt bằng đối với 2 dự án trọng điểm, trong đó có dự án Tổ hợp giáo dục FPT.

Phối cảnh dự án (nguồn ảnh: Tập đoàn FPT).

Trước đó, vào ngày 19/3/2026, Tập đoàn FPT chính thức khởi công tổ hợp giáo dục tại phường Phù Liễn, TP Hải Phòng. Dự án bao gồm hệ đào tạo phổ thông liên cấp, cao đẳng thực hành và đại học. Với dự án này, FPT tiếp tục mở rộng mạng lưới đào tạo nhân lực chất lượng cao tại các địa bàn chiến lược ở những đô thị lớn khu vực miền Bắc.

Dự án có tổng mức đầu tư 650 tỷ đồng, quy mô nghiên cứu khoảng 10 ha, nằm tại khu vực có kết nối giao thông tương đối thuận lợi: phía Nam giáp đường Nguyễn Như Quế, phía Tây giáp kênh Mỹ Khê, các mặt còn lại giáp ruộng lúa và kênh hiện trạng. Vị trí này phù hợp với định hướng mở rộng không gian đô thị Hải Phòng về phía Nam, góp phần giảm tải cho khu vực trung tâm và bổ sung hạ tầng xã hội thiết yếu.

Trên diện tích khoảng 10 ha, công trình dành khoảng 2,8 ha cho xây dựng (mật độ 28%), phần còn lại bố trí các hạng mục phụ trợ, thể thao và không gian xanh.

Theo định hướng, dự án sẽ hình thành một tổ hợp giáo dục hiện đại, đồng bộ, đáp ứng nhu cầu học tập và đào tạo nguồn nhân lực chất lượng cao cho Hải Phòng và khu vực lân cận.

Điểm nhấn của dự án là khối nhà Alpha cao 13 tầng, tích hợp trung tâm hội nghị 800 chỗ, cùng hai khối giảng đường cao từ 4–7 tầng với tổng diện tích gần 28.000 m². Bên cạnh đó là khu ký túc xá 5 tầng, nhà đa năng dịch vụ với tổng diện tích hơn 18.000 m²; hệ thống sân thể thao rộng trên 10.000 m² gồm sân bóng đá mini, bóng rổ, cầu lông; cùng khu cây xanh, sân vườn và quảng trường có tổng diện tích hơn 38.000 m².

Giai đoạn 1 của dự án dự kiến đi vào hoạt động từ đầu năm 2027. Khi hoàn thành, tổ hợp có thể đáp ứng nhu cầu học tập của hơn 5.800 học sinh, sinh viên.

Việc đầu tư xây dựng tổ hợp giáo dục này giúp Hải Phòng có thêm một trường phổ thông liên cấp FPT, trở thành trường thứ hai của hệ thống tại thành phố (bên cạnh Trường THCS và THPT FPT Hải Phòng đang hoạt động trên địa bàn). Đồng thời mở rộng triển khai hoạt động đào tạo đại học và sau đại học tại địa phương.

Phát biểu tại lễ khởi công, lãnh đạo TP Hải Phòng cho biết, khi hoàn thành, tổ hợp giáo dục FPT sẽ góp phần hoàn thiện mạng lưới giáo dục, mở rộng cơ hội học tập ở nhiều trình độ, đồng thời trở thành một trong những hạt nhân trong hệ sinh thái giáo dục – đào tạo – đổi mới sáng tạo của thành phố.

Tại một trong những đô thị có hoạt động kinh tế sôi động nhất khu vực phía Bắc, tổ hợp được định hướng đào tạo xuyên suốt từ phổ thông đến đại học và sau đại học, gắn với các lĩnh vực công nghệ mũi nhọn như trí tuệ nhân tạo (AI), an ninh mạng, khoa học dữ liệu, công nghệ bán dẫn… cùng những ngành nghề mà địa phương có lợi thế.

Sau khi sắp xếp đơn vị hành chính, cả nước hiện có 6 thành phố trực thuộc Trung ương. Trong số này, TP Hải Phòng là địa phương có diện tích nhỏ nhất, với khoảng 3.195 km². Tuy nhiên, nếu xét về quy mô nền kinh tế, TP Hải Phòng hiện đứng thứ 3 cả nước sau TP.HCM và Hà Nội.",2026-04-21T05:53:00+07:00,2026-04-21T05:53:00,2026-07-29T21:30:59.042758+07:00,CafeF,https://cafef.vn/tap-doan-fpt-don-tin-vui-tai-du-an-650-ty-o-thanh-pho-nho-nhat-viet-nam-sau-1-thang-khoi-cong-188260421055343518.chn,https://cafef.vn/tap-doan-fpt-don-tin-vui-tai-du-an-650-ty-o-thanh-pho-nho-nhat-viet-nam-sau-1-thang-khoi-cong-188260421055343518.chn,Lễ Lễ,Bất động sản,https://cafefcdn.com/thumb_w/1200/203337114487263232/2026/4/20/avatar1776725588815-17767255892831819139350.png,vi,GENERAL_NEWS,[],"[""FPT"", ""Tập đoàn FPT""]",11.0,"[""ticker_in_title:+1"", ""alias_in_title:+3"", ""ticker_in_summary:+1"", ""positive_entity:+1"", ""ticker_content:+3"", ""financial_metrics:+2""]",e8ca089a319b4ed184768ab484a69fb110f1ecf94d8ec81805fecdce2b78e5ec,786,accepted
cafef_fpt_20260323_b242fb79,"[""FPT""]",Công ty Cổ phần FPT,Tập đoàn FPT phát thông báo quan trọng,"ĐHĐCĐ thường niên 2026 sắp diễn ra, FPT đã công bố tài liệu cuộc họp.","FPT:

Ngày 16/4 tới đây, Tập đoàn FPT (mã: FPT) sẽ tổ chức họp ĐHĐCĐ thường niên năm 2026 tại Hà Nội. Tài liệu cuộc họp đã được công bố.

Theo đó, FPT đặt kế hoạch doanh thu năm 2026 đạt 58.580 tỷ đồng và lợi nhuận trước thuế đạt 11.629 tỷ đồng lần lượt tăng trưởng 16% và 15% so với cùng kỳ.

Doanh nghiệp cho biết, với số liệu 2026, công ty hợp nhất FPT Telecom theo phương pháp vốn chủ sở hữu, số liệu năm 2025 cũng đã được điều chỉnh theo cùng phương pháp để đảm bảo tính nhất quán.

Về cơ cấu nguồn thu, khối công nghệ tiếp tục đóng vai trò chủ lực với doanh thu dự kiến 52.650 tỷ đồng và lợi nhuận trước thuế 7.350 tỷ đồng, tăng lần lượt 18% và 25% so với năm trước. Khối giáo dục, đầu tư và khác dự kiến mang về 5.930 tỷ đồng doanh thu (giảm 3% so với cùng kỳ) và 4.279 tỷ đồng lợi nhuận trước thuế (tăng 1% so với cùng kỳ).

Về kế hoạch đầu tư, FPT dự kiến chi 4.200 tỷ đồng cho khối công nghệ nhằm mở rộng các tổ hợp văn phòng tại Hà Nội, TP. HCM, Bình Định, đồng thời đẩy mạnh hoạt động nghiên cứu và phát triển. Đồng thời, khoảng 3.000 tỷ đồng sẽ được phân bổ cho khối giáo dục, đầu tư và các lĩnh vực khác để mở rộng hệ thống trường đại học tại Hà Nội, TP.HCM, Đà Nẵng và một số địa phương.

Đáng chú ý, FPT xác định AI-First là điều kiện tiên quyết để bứt phá trong giai đoạn 2026-2028. Tập đoàn đặt mục tiêu làm chủ chuỗi giá trị AI, từ mô hình, dữ liệu, hạ tầng tính toán đến ứng dụng và nhân lực. FPT đặt mục tiêu phổ cập giáo dục AI cho 20 triệu người dùng và đào tạo 10.000 nhân sự bán dẫn vào năm 2030.

Liên quan tới phương án phân phối lợi nhuận, FPT dự trình cổ đông kế hoạch trả cổ tức năm 2025 với tổng tỷ lệ 20% bằng tiền mặt (2.000 đồng/cổ phiếu). Công ty đã tạm ứng 10% và dự kiến chi trả phần còn lại trong quý 2/2026, với tổng giá trị hơn 1.700 tỷ đồng. Sang năm 2026, FPT tiếp tục trình cổ đông tỷ lệ cổ tức tiền mặt bằng tiền tối đa 20% (mỗi cổ phiếu nhận 2.000 đồng).

FPT cũng đề xuất phát hành cổ phiếu ESOP với tỷ lệ không quá 0,5% số cổ phần lưu hành, triển khai trong giai đoạn 2027-2029, với giá phát hành 10.000 đồng/cp và hạn chế chuyển nhượng trong 3 năm. Đối tượng phát hành là các cán bộ nòng cốt từ Level 3 trở lên, có thành tích đóng góp quan trọng cho công ty.

Về nhân sự, công ty dự kiến trình ĐHĐCĐ phương án bầu bổ sung thành viên HĐQT nhiệm kỳ 2022–2027, đồng thời miễn nhiệm ông Hiroshi Yokotsuka theo đơn từ nhiệm đề ngày 18/03/2026. Ứng viên được đề cử thay thế là ông Toshikazu Nambu (quốc tịch Nhật Bản), người có gần 40 năm gắn bó với Sumitomo. Ông từng đảm nhiệm nhiều vị trí lãnh đạo cấp cao như CEO khu vực châu Mỹ, EVP & CFO, và hiện là Thành viên HĐQT kiêm Phó Chủ tịch.

Trên thị trường, cổ phiếu FPT hiện đang ""dò đáy"" 2 năm quanh vùng 73.000 đồng/cp, vốn hóa còn khoảng 124.000 tỷ đồng.﻿",2026-03-23T10:53:00+07:00,2026-03-23T10:53:00,2026-07-29T21:31:03.342372+07:00,CafeF,https://cafef.vn/tap-doan-fpt-phat-thong-bao-quan-trong-188260323105316158.chn,https://cafef.vn/tap-doan-fpt-phat-thong-bao-quan-trong-188260323105316158.chn,Dương Ngọc,Thị trường chứng khoán,https://cafefcdn.com/thumb_w/1200/203337114487263232/2026/3/23/avatar1774237961552-17742379619522102786454.jpg,vi,EARNINGS,"[""EARNINGS_REPORT""]","[""FPT"", ""Tập đoàn FPT"", ""cổ phiếu FPT""]",14.0,"[""ticker_in_title:+1"", ""alias_in_title:+3"", ""ticker_in_summary:+1"", ""positive_entity:+2"", ""ticker_content:+3"", ""financial_terms:+2"", ""financial_metrics:+2""]",7f0010690505d82d53db7267eafbee960dc5548430e575c0ef4149a2181216b7,619,accepted
cafef_fpt_20260319_25d70c87,"[""FPT""]",Công ty Cổ phần FPT,Động thái mới của Tập đoàn FPT sau khi FPT Telecom được chuyển giao về Bộ Công an,"Trước đó, dù chỉ nắm giữ hơn 45% vốn, FPT vẫn hạch toán FPT Telecom là công ty con trong báo cáo tài chính hợp nhất.","Ngày 18-3, Tập đoàn FPT cho biết đã thay đổi phương pháp hợp nhất báo cáo tài chính đối với Công ty CP Viễn thông (FPT Telecom) kể từ ngày 1-1-2026.

Theo đó, FPT chỉ ghi nhận phần lợi nhuận tại FPT Telecom tương ứng với tỉ lệ sở hữu thực tế, thay vì hợp nhất toàn bộ doanh thu và lợi nhuận như các năm trước. Đây là điều chỉnh mang tính kỹ thuật trong kế toán, phù hợp với cơ cấu sở hữu mới tại doanh nghiệp này.

Đại diện FPT khẳng định: ""Sự điều chỉnh về kỹ thuật kế toán này không làm thay đổi lợi nhuận sau thuế thuộc về cổ đông công ty mẹ, cũng như lợi ích cơ bản trên mỗi cổ phiếu (EPS). Quyền lợi và giá trị của cổ đông FPT vẫn được đảm bảo, phản ánh đầy đủ trên báo cáo tài chính hợp nhất"".

FPT cũng cho biết việc chuyển giao phần vốn tại FPT Telecom sang Bộ Công an là một bước đi chiến lược. Động thái này được kỳ vọng giúp hai bên tăng cường hợp tác, tham gia sâu hơn vào quá trình phát triển kinh tế số quốc gia.

Đồng thời, FPT Telecom sẽ có thêm điều kiện thuận lợi để mở rộng quy mô, nâng cao hiệu quả hoạt động và duy trì đà tăng trưởng trong thời gian tới.

Từ ngày 1-1, Tập đoàn FPT sẽ thay đổi phương pháp hợp nhất báo cáo tài chính của FPT Telecom

Trước đó, dù chỉ nắm giữ hơn 45% vốn, FPT vẫn hạch toán FPT Telecom là công ty con trong báo cáo tài chính hợp nhất. Tuy nhiên, sau khi cơ cấu cổ đông thay đổi, phương pháp ghi nhận cũng được điều chỉnh cho phù hợp.

Hiện Bộ Công an là cổ đông lớn nhất của FPT Telecom, nắm giữ 50,2% cổ phần, sau khi tiếp nhận chuyển giao vốn từ Tổng công ty Đầu tư và Kinh doanh vốn Nhà nước (SCIC) vào tháng 7-2025.

Về kết quả kinh doanh, năm 2025, Tập đoàn FPT ghi nhận doanh thu đạt 70.112 tỉ đồng, tăng 11,5% so với năm trước. Lợi nhuận sau thuế đạt 11.226 tỉ đồng, tăng 19,1% và là mức cao nhất từ trước đến nay.",2026-03-19T10:21:00+07:00,2026-03-19T10:21:00,2026-07-29T21:31:13.324207+07:00,CafeF,https://cafef.vn/dong-thai-moi-cua-tap-doan-fpt-sau-khi-fpt-telecom-duoc-chuyen-giao-ve-bo-cong-an-188260319092135248.chn,https://cafef.vn/dong-thai-moi-cua-tap-doan-fpt-sau-khi-fpt-telecom-duoc-chuyen-giao-ve-bo-cong-an-188260319092135248.chn,Theo Lê Tỉnh,Thị trường chứng khoán,https://cafefcdn.com/thumb_w/1200/203337114487263232/2026/3/19/avatar1773886844323-1773886844718580028424.png,vi,EARNINGS,"[""EARNINGS_REPORT""]","[""FPT"", ""Tập đoàn FPT""]",13.0,"[""ticker_in_title:+1"", ""alias_in_title:+3"", ""ticker_in_summary:+1"", ""positive_entity:+1"", ""ticker_content:+3"", ""financial_terms:+2"", ""financial_metrics:+2""]",41d9ee3957ef11569e803ee03003e572d39f174c9ca8f384fcaea99849ff6ee2,395,accepted
cafef_fpt_20260603_0867c776,"[""FPT""]",Công ty Cổ phần FPT,Tập đoàn FPT sắp triển khai 2 dự án gần 9.000 tỷ tại tỉnh có đường bờ biển dài nhất Việt Nam,Tập đoàn FPT đang chuẩn bị triển khai 2 dự án trọng điểm tại phường Nam Nha Trang (tỉnh Khánh Hoà).,"Một góc Khánh Hòa (ảnh: Báo Khánh Hòa).

Chiều 5/3, lãnh đạo UBND tỉnh Khánh Hòa đã chủ trì cuộc họp làm việc với Tập đoàn FPT nhằm nghe báo cáo tiến độ triển khai các dự án trên địa bàn.

Tại buổi làm việc, đại diện Tập đoàn FPT báo cáo tình hình các dự án đang triển khai trên địa bàn tỉnh. Theo đó, tại phường Nam Nha Trang, Tập đoàn có 2 dự án. Trong đó, Khu đô thị công nghệ có quy mô hơn 44 ha, tổng vốn đầu tư dự kiến trên 8.700 tỷ đồng, thời gian thực hiện trong 12 năm. Hiện dự án đang được cập nhật, hoàn thiện hồ sơ đề xuất xin chủ trương đầu tư lần 3.

Bên cạnh đó, dự án Khu công nghệ số tập trung có diện tích gần 8 ha, tổng mức đầu tư hạ tầng kỹ thuật khoảng 163 tỷ đồng, dự kiến triển khai trong 11 năm. Dự kiến sẽ hoàn thành đề xuất xin chủ trương đầu tư trong quý I/2026.

Tại cuộc họp, đại diện FPT kiến nghị UBND tỉnh hỗ trợ, sớm tháo gỡ các vướng mắc liên quan đến quy hoạch, đất đai, công tác giải phóng mặt bằng; đồng thời hướng dẫn doanh nghiệp hoàn thiện hồ sơ xin chủ trương đầu tư theo đúng quy định.

Kết luận buổi làm việc, lãnh đạo UBND tỉnh Khánh Hòa khẳng định tỉnh luôn đồng hành cùng doanh nghiệp để triển khai các dự án trên địa bàn một cách thuận lợi nhất. Tỉnh đề nghị FPT sớm hoàn tất đề xuất chủ trương đầu tư đối với 2 dự án tại phường Nam Nha Trang.

Đồng thời, giao Sở Tài chính phối hợp làm việc với doanh nghiệp để thống nhất lộ trình thực hiện, bảo đảm tiến độ phù hợp với điều kiện thực tiễn; rà soát, cập nhật các quy định pháp luật mới trong quá trình đề xuất, thẩm định chủ trương đầu tư để đảm bảo đúng quy định.

Không chỉ tăng tốc đầu tư tại Khánh Hòa với hai dự án quy mô lớn, FPT thời gian gần đây còn đẩy mạnh mở rộng hiện diện tại nhiều địa phương khác.

Phối cảnh dự án tổ hợp giáo dục FPT tại TP Hải Phòng.

Mới đây, Ban Thường vụ Đảng ủy phường Phù Liễn (Hải Phòng) đã có cuộc họp, nghe báo cáo và cho ý kiến về đồ án quy hoạch chi tiết tỷ lệ 1/500 của dự án tổ hợp giáo dục FPT trên địa bàn.

Dự án có tổng mức đầu tư 650 tỷ đồng, quy mô nghiên cứu khoảng 10 ha, nằm tại khu vực có kết nối giao thông tương đối thuận lợi: phía Nam giáp đường Nguyễn Như Quế, phía Tây giáp kênh Mỹ Khê, các mặt còn lại giáp ruộng lúa và kênh hiện trạng. Vị trí này phù hợp với định hướng mở rộng không gian đô thị Hải Phòng về phía Nam, góp phần giảm tải cho khu vực trung tâm và bổ sung hạ tầng xã hội thiết yếu.

Theo định hướng, dự án sẽ hình thành một tổ hợp giáo dục hiện đại, đồng bộ, đáp ứng nhu cầu học tập, đào tạo nguồn nhân lực chất lượng cao cho thành phố Hải Phòng và khu vực lân cận.

Điểm nhấn của dự án là khối nhà Alpha cao 13 tầng, tích hợp trung tâm hội nghị 800 chỗ, cùng hai khối giảng đường cao từ 4–7 tầng với tổng diện tích gần 28.000 m². Bên cạnh đó là khu ký túc xá 5 tầng, nhà đa năng dịch vụ với tổng diện tích hơn 18.000 m²; hệ thống sân thể thao rộng trên 10.000 m² gồm sân bóng đá mini, bóng rổ, cầu lông; cùng khu cây xanh, sân vườn và quảng trường có tổng diện tích hơn 38.000 m².

Không gian được tổ chức theo mô hình trường học đa cấp, liên kết các phân khu chức năng bằng mạng lưới cây xanh và quảng trường, tạo môi trường học tập năng động, hài hòa với cảnh quan xung quanh. Khi đi vào hoạt động, tổ hợp dự kiến tiếp nhận khoảng 5.820 học sinh, sinh viên mỗi năm và tạo việc làm cho gần 450 cán bộ, giảng viên, giáo viên, nhân viên.

Tại cuộc họp, Ban Thường vụ Đảng ủy phường cơ bản thống nhất với sự cần thiết và định hướng quy hoạch của dự án, đồng thời đề nghị đơn vị tư vấn tiếp tục rà soát, hoàn thiện phương án tổ chức không gian kiến trúc, giải pháp giao thông kết nối, bảo đảm yếu tố môi trường, cảnh quan và phù hợp với Quy hoạch chung.

Kết luận buổi họp, lãnh đạo phường ghi nhận sự chủ động của các đơn vị liên quan trong quá trình triển khai hồ sơ, thủ tục. UBND phường được giao tiếp tục thực hiện các bước theo đúng trình tự, thẩm quyền; đồng thời chuẩn bị các điều kiện cần thiết để tổ chức khởi công dự án, dự kiến vào giữa tháng 3/2026.

Được biết, sau khi sáp nhập, tỉnh Khánh Hòa mới được mở rộng không gian phát triển, sở hữu đường bờ biển dài nhất cả nước với gần 500 km, cùng nhiều vịnh nổi tiếng như Vân Phong, Nha Trang, Cam Ranh, Vĩnh Hy… Việc sáp nhập giúp phát huy và bổ trợ thế mạnh của Khánh Hòa và Ninh Thuận trước đây, tạo nền tảng phát triển các lĩnh vực du lịch biển, thủy sản, cảng biển, công nghiệp, đô thị ven biển, logistics và năng lượng tái tạo.",2026-06-03T07:26:00+07:00,2026-03-06T07:26:00,2026-07-29T21:31:32.977847+07:00,CafeF,https://cafef.vn/tap-doan-fpt-sap-trien-khai-2-du-an-gan-9000-ty-tai-tinh-co-duong-bo-bien-dai-nhat-viet-nam-188260306072648497.chn,https://cafef.vn/tap-doan-fpt-sap-trien-khai-2-du-an-gan-9000-ty-tai-tinh-co-duong-bo-bien-dai-nhat-viet-nam-188260306072648497.chn,Lễ Lễ,Bất động sản,https://cafefcdn.com/thumb_w/1200/203337114487263232/2026/3/6/avatar1772756762493-17727567645941326470515.png,vi,GENERAL_NEWS,[],"[""FPT"", ""Tập đoàn FPT""]",11.0,"[""ticker_in_title:+1"", ""alias_in_title:+3"", ""ticker_in_summary:+1"", ""positive_entity:+1"", ""ticker_content:+3"", ""financial_metrics:+2""]",61849bc30e8c0842736a13836ed487bf14365dcd04497baa4c2113750d22a871,966,accepted
cafef_fpt_20260303_d8c1c27b,"[""FPT""]",Công ty Cổ phần FPT,Tập đoàn FPT sắp khởi công dự án 650 tỷ tại thành phố nhỏ nhất Việt Nam,"Dự kiến vào giữa tháng 3/2026, Tập đoàn FPT sẽ khởi công tổ hợp giáo dục quy mô 650 tỷ đồng tại TP Hải Phòng.","Phối cảnh dự án.

Theo thông tin từ UBND phường Phù Liễn, Ban Thường vụ Đảng ủy phường vừa họp, nghe báo cáo và cho ý kiến về đồ án quy hoạch chi tiết tỷ lệ 1/500 của dự án tổ hợp giáo dục FPT trên địa bàn.

Dự án có tổng mức đầu tư 650 tỷ đồng, quy mô nghiên cứu khoảng 10 ha, nằm tại khu vực có kết nối giao thông tương đối thuận lợi: phía Nam giáp đường Nguyễn Như Quế, phía Tây giáp kênh Mỹ Khê, các mặt còn lại giáp ruộng lúa và kênh hiện trạng. Vị trí này phù hợp với định hướng mở rộng không gian đô thị Hải Phòng về phía Nam, góp phần giảm tải cho khu vực trung tâm và bổ sung hạ tầng xã hội thiết yếu.

Theo định hướng, dự án sẽ hình thành một tổ hợp giáo dục hiện đại, đồng bộ, đáp ứng nhu cầu học tập, đào tạo nguồn nhân lực chất lượng cao cho thành phố Hải Phòng và khu vực lân cận.

Cơ cấu sử dụng đất được phân bổ tương đối hợp lý với khoảng 46,08% diện tích dành cho các công trình đào tạo; 23,63% cho khu thể dục thể thao, cây xanh và công viên; 30,29% còn lại dành cho hạ tầng kỹ thuật, giao thông và bãi đỗ xe.

Điểm nhấn của dự án là khối nhà Alpha cao 13 tầng, tích hợp trung tâm hội nghị 800 chỗ, cùng hai khối giảng đường cao từ 4–7 tầng với tổng diện tích gần 28.000 m². Bên cạnh đó là khu ký túc xá 5 tầng, nhà đa năng dịch vụ với tổng diện tích hơn 18.000 m²; hệ thống sân thể thao rộng trên 10.000 m² gồm sân bóng đá mini, bóng rổ, cầu lông; cùng khu cây xanh, sân vườn và quảng trường có tổng diện tích hơn 38.000 m².

Không gian được tổ chức theo mô hình trường học đa cấp, liên kết các phân khu chức năng bằng mạng lưới cây xanh và quảng trường, tạo môi trường học tập năng động, hài hòa với cảnh quan xung quanh. Khi đi vào hoạt động, tổ hợp dự kiến tiếp nhận khoảng 5.820 học sinh, sinh viên mỗi năm và tạo việc làm cho gần 450 cán bộ, giảng viên, giáo viên, nhân viên.

Tại cuộc họp, Ban Thường vụ Đảng ủy phường cơ bản thống nhất với sự cần thiết và định hướng quy hoạch của dự án, đồng thời đề nghị đơn vị tư vấn tiếp tục rà soát, hoàn thiện phương án tổ chức không gian kiến trúc, giải pháp giao thông kết nối, bảo đảm yếu tố môi trường, cảnh quan và phù hợp với Quy hoạch chung.

Kết luận buổi họp, lãnh đạo phường ghi nhận sự chủ động của các đơn vị liên quan trong quá trình triển khai hồ sơ, thủ tục. UBND phường được giao tiếp tục thực hiện các bước theo đúng trình tự, thẩm quyền; đồng thời chuẩn bị các điều kiện cần thiết để tổ chức khởi công dự án, dự kiến vào giữa tháng 3/2026.

Trước đó, vào tháng 1/2024, UBND thành phố Hải Phòng và Tập đoàn FPT đã tổ chức Hội nghị hợp tác về triển khai các nội dung chuyển đổi số và đầu tư giáo dục trên địa bàn thành phố.

Tại đây, Chủ tịch HĐQT Tập đoàn FPT Trương Gia Bình bày tỏ ấn tượng trước sự phát triển mạnh mẽ của Hải Phòng thời gian qua, đồng thời cho biết mong muốn đầu tư xây dựng tại địa phương một tổ hợp giáo dục – khoa học công nghệ quy mô 10–20 ha, gồm Tổ hợp giáo dục phổ thông liên cấp, cao đẳng, đại học và sản xuất phần mềm. Ông cũng mong muốn được thành phố đề xuất các khu đất để triển khai Trường Phổ thông liên cấp FPT với diện tích khoảng 1 ha cho mỗi cấp học.

Sau khi sắp xếp đơn vị hành chính, cả nước hiện có 6 thành phố trực thuộc Trung ương. Trong số này, TP Hải Phòng là địa phương có diện tích nhỏ nhất, với khoảng 3.195 km².

Lễ Lễ",2026-03-03T07:00:00+07:00,2026-03-03T07:00:00,2026-07-29T21:31:37.210482+07:00,CafeF,https://cafef.vn/tap-doan-fpt-sap-khoi-cong-du-an-650-ty-tai-thanh-pho-nho-nhat-viet-nam-188260303070046003.chn,https://cafef.vn/tap-doan-fpt-sap-khoi-cong-du-an-650-ty-tai-thanh-pho-nho-nhat-viet-nam-188260303070046003.chn,,Bất động sản,https://cafefcdn.com/thumb_w/1200/203337114487263232/2026/3/2/avatar1772495989442-17724959900851912884109.png,vi,GENERAL_NEWS,[],"[""FPT"", ""Tập đoàn FPT""]",11.0,"[""ticker_in_title:+1"", ""alias_in_title:+3"", ""ticker_in_summary:+1"", ""positive_entity:+1"", ""ticker_content:+3"", ""financial_metrics:+2""]",fbc9e1cec1ea391a1a9e58698e1e8d90245dddd559d554162e29805223e4bf9a,726,accepted
cafef_fpt_20260224_d95e689f,"[""FPT""]",Công ty Cổ phần FPT,Loạt dự án của Tập đoàn FPT nhận chỉ đạo từ lãnh đạo tỉnh rộng thứ 2 Việt Nam,"Lãnh đạo tỉnh Gia Lai đã có chỉ đạo về công tác bồi thường, giải phóng mặt bằng 3 dự án của Tập đoàn FPT.","UBND tỉnh Gia Lai phát đi thông báo truyền đạt ý kiến kết luận của Phó Chủ tịch UBND tỉnh Lâm Hải Giang tại cuộc họp nghe báo cáo tiến độ công tác bồi thường, giải phóng mặt bằng các dự án của Tập đoàn FPT và tiến độ thành lập các Khu công nghệ số tập trung của tỉnh.

Theo đó, đối với dự án Tổ hợp Trung tâm nghiên cứu, sản xuất và đào tạo chuyên gia công nghệ FPT Software tại phường Quy Nhơn Nam, ông Lâm Hải Giang, Phó Chủ tịch UBND tỉnh Gia Lai yêu cầu Công ty TNHH Phần mềm FPT Quy Nhơn khẩn trương thực hiện tạm ứng kinh phí bồi thường, hỗ trợ để thực hiện chi trả cho các hộ dân theo phương án đã được UBND tỉnh phê duyệt.

Ông Giang giao Trung tâm Phát triển quỹ đất tỉnh chủ động, rà soát, xử lý, giải quyết dứt điểm các nội dung liên quan đến công tác bồi thường, giải phóng mặt bằng của dự án và hoàn chỉnh các hồ sơ, thủ tục để bàn giao mặt bằng cho Nhà đầu tư triển khai thực hiện dự án theo tiến độ đã cam kết.

Trong đó, lưu ý việc triển khai giải phóng mặt bằng giai đoạn 3 (xác định cụ thể diện tích, thời gian thực hiện) để đảm bảo các điều kiện để thực hiện dự án đầu tư theo tiến độ.

Đối với dự án Trung tâm trí tuệ nhân tạo - Đô thị phụ trợ tại phường Quy Nhơn Bắc và phường Quy Nhơn Tây, ông Giang giao Trung tâm Phát triển quỹ đất tỉnh tập trung giải phóng mặt bằng đối với diện tích đầu tư xây dựng Trung tâm trí tuệ nhân tạo (khoảng 11 ha).

Đối với phần diện tích còn lại của dự án (trừ 18,62 ha nằm trong quy hoạch đất rừng phòng hộ chưa chuyển đổi mục đích sử dụng) hoàn thành trong quý 2/2026;…

UBND phường Quy Nhơn Bắc được giao thực hiện giải quyết khiếu nại về xác nhận nguồn gốc đất đai theo quy định, các trường hợp có vướng mắc, khó khăn tổng hợp báo cáo Tổ công tác của tỉnh cho ý kiến;...

UBND phường Quy Nhơn Tây được giao kiểm tra, rà soát hồ sơ nguồn gốc đất đai và hồ sơ giải quyết khiếu nại đối với 13 hộ khu vực Bàu Lác của UBND phường Bùi Thị Xuân (trước khi sắp xếp), đối chiếu với các trường hợp tương tự trong khu vực đã được bồi thường, hỗ trợ tại dự án do UBND Thành phố Quy Nhơn (trước khi sắp xếp) thực hiện để xem xét, giải quyết, bảo đảm tính thống nhất; nếu có vướng mắc, khó khăn tổng hợp báo cáo Tổ công tác của tỉnh cho ý kiến;…

Ông Lâm Hải Giang, Phó Chủ tịch UBND tỉnh Gia Lai yêu cầu Công ty TNHH trí tuệ nhân tạo Quy Nhơn tập trung đẩy nhanh tiến độ thi công hoàn thành Khu tái định cư để phục vụ cho công tác bồi thường, hỗ trợ, tái định cư cho các hộ dân bị ảnh hưởng giải phóng mặt bằng của dự án;...

Đối với Khu công nghệ số tập trung Long Vân, lãnh đạo UBND tỉnh giao Sở Tài chính chủ trì, phối hợp với Sở Khoa học và Công nghệ, Sở Xây dựng, Sở Nông nghiệp và Môi trường và Công ty TNHH trí tuệ nhân tạo Quy Nhơn nghiên cứu, thống nhất phương án đề xuất về trình tự, thủ tục thành lập Khu công nghệ số tập trung Long Vân theo quy định pháp luật hiện hành.",2026-02-24T09:50:00+07:00,2026-02-24T09:50:00,2026-07-29T21:31:39.044519+07:00,CafeF,https://cafef.vn/loat-du-an-cua-tap-doan-fpt-nhan-chi-dao-tu-lanh-dao-tinh-rong-thu-2-viet-nam-188260224080348258.chn,https://cafef.vn/loat-du-an-cua-tap-doan-fpt-nhan-chi-dao-tu-lanh-dao-tinh-rong-thu-2-viet-nam-188260224080348258.chn,Thanh Phong,Bất động sản,https://cafefcdn.com/thumb_w/1200/203337114487263232/2026/2/24/avatar1771894999367-17718949996352038172176.jpg,vi,GENERAL_NEWS,[],"[""FPT"", ""Tập đoàn FPT""]",11.0,"[""ticker_in_title:+1"", ""alias_in_title:+3"", ""ticker_in_summary:+1"", ""positive_entity:+1"", ""ticker_content:+3"", ""financial_terms:+2""]",9817e40f3576f2c18184025c08a5bd6a6b8ade1f054967ad1f76948f15775b62,623,accepted
cafef_fpt_20251124_a43d9c07,"[""FPT""]",Công ty Cổ phần FPT,"CEO FPT: Tập đoàn FPT sẵn sàng làm “tổng công trình sư” phát triển Khoa học công nghệ, đổi mới sáng tạo ở Quảng Ninh","Ngày 24 tháng 11 năm 2025, trong khuôn khổ Hội nghị xúc tiến khoa học công nghệ, đổi mới sáng tạo và chuyển đổi số tỉnh Quảng Ninh, ông Nguyễn Văn Khoa - Tổng giám đốc Tập đoàn FPT chia sẻ tầm nhìn hợp tác mới giữa doanh nghiệp và địa phương, đồng thời khẳng định FPT sẵn sàng đảm nhận vai trò “tổng công trình sư” trong hành trình kiến tạo tương lai số của tỉnh.","Ông Nguyễn Văn Khoa - Tổng giám đốc FPT phát biểu tại sự kiện.

Cũng nhân dịp này, Tập đoàn FPT nhận Giấy chứng nhận đăng ký đầu tư cho Dự án xây dựng Khu Công nghệ số tập trung và khu phụ trợ tại phường Tuần Châu, tỉnh Quảng Ninh, tỉnh Quảng Ninh với tổng vốn đầu tư hơn 138 tỷ đồng.

Khát vọng đồng hành dài hạn vì một Quảng Ninh bứt phá trong kỷ nguyên số

Phát biểu tại sự kiện, ông Nguyễn Văn Khoa - Tổng giám đốc Tập đoàn FPT khẳng định: sau cải cách địa giới hành chính, Quảng Ninh đang đứng trước thách thức là tỉnh có diện tích nhỏ nhưng tốc độ phát triển lớn. Tuy nhiên, Quảng Ninh cũng có vận hội đặc biệt để bước vào giai đoạn tăng trưởng mới dựa trên khoa học công nghệ, đổi mới sáng tạo và dữ liệu số. Để duy trì mức tăng trưởng bền vững và tiếp tục dẫn dắt cả nước về chuyển đổi số, tỉnh cần một mô hình tổng thể, thống nhất và đủ mạnh để triển khai xuyên suốt.

Từ vai trò doanh nghiệp công nghệ hàng đầu và có hơn 10 năm kinh nghiệm hợp tác thực chất tại Quảng Ninh, FPT đề xuất đảm nhận vai trò “tổng công trình sư”, đồng hành cùng tỉnh trong thiết kế tổng thể kiến trúc số, xây dựng hệ sinh thái dữ liệu, triển khai hạ tầng và phát triển nguồn nhân lực số. Ông Nguyễn Văn Khoa đề xuất 5 trụ cột chiến lược mà FPT mong muốn đồng hành cùng Quảng Ninh.

Thứ nhất, FPT mong muốn xây dựng chiến lược chuyển đổi số tổng thể giai đoạn 2026–2030. FPT sẽ đồng hành cùng tỉnh kiến tạo mô hình chính quyền số, kinh tế số và xã hội số toàn diện dựa trên kiến trúc “một hệ thống thống nhất – một nguồn dữ liệu duy nhất – một dịch vụ liền mạch”, bảo đảm kết nối thông suốt giữa tỉnh và Trung ương.

Bên cạnh đó, FPT sẽ phát triển hệ sinh thái dữ liệu dùng chung, hỗ trợ chuẩn hóa, làm giàu và liên thông toàn bộ dữ liệu quan trọng như dân cư, đất đai, doanh nghiệp, du lịch, y tế, giáo dục. FPT mong muốn đến năm 2030, Quảng Ninh hoàn thiện kho dữ liệu tập trung, sẵn sàng kết nối 100% cơ sở dữ liệu quốc gia.

FPT mong muốn sẽ cùng tỉnh thiết lập hạ tầng số và bảo mật hiện đại bằng cách mở rộng viễn thông, 5G, IoT; ứng dụng kiến trúc bảo mật zero-trust; vận hành trung tâm an ninh mạng và đào tạo đội ngũ chuyên gia an ninh mạng ngay tại địa phương.

Tập đoàn FPT cũng mong muốn đồng hành cùng Quảng Ninh phát triển nguồn nhân lực số. FPT triển khai chương trình đào tạo cán bộ các cấp, mở rộng hoạt động ươm mầm nhân tài, học bổng và cuộc thi công nghệ, đồng thời thu hút doanh nghiệp trong hệ sinh thái FPT và đối tác đầu tư vào Quảng Ninh để hình thành hệ sinh thái doanh nghiệp số.

Ông Nguyễn Văn Khoa - Tổng giám đốc Tập đoàn FPT khẳng định: Thời gian tới, FPT sẽ đầu tư trung tâm CNTT và đổi mới sáng tạo tại Tuần Châu. FPT lên kế hoạch thành lập trung tâm nghiên cứu – đào tạo và kết nối các nhà đầu tư, doanh nghiệp công nghệ trong và ngoài nước, hướng tới đưa Tuần Châu trở thành hạt nhân khoa học công nghệ và đổi mới sáng tạo của tỉnh, hỗ trợ mục tiêu phát triển kinh tế xanh và tuần hoàn đến năm 2030.

Ông Nguyễn Văn Khoa cho rằng, Quảng Ninh liên tục dẫn đầu cả nước về cải cách hành chính và chuyển đổi số thông qua các chỉ số PCI, PAR, SIPAS, DTI. Tỉnh sở hữu nền tảng kinh tế mạnh, hạ tầng đồng bộ và lợi thế địa chính trị độc đáo, tạo môi trường lý tưởng cho các dự án công nghệ cao. Trong một thập kỷ đồng hành, FPT đã hỗ trợ tỉnh triển khai mô hình chính quyền điện tử ba cấp từ năm 2013.

Năm 2025, FPT triển khai 3 hệ thống nền tảng phục vụ mô hình chính quyền địa phương 2 cấp và Trung tâm Phục vụ hành chính công một cấp, gồm: Trạm số hóa – quét, số hóa hồ sơ, tích hợp ví danh tính điện tử. Hệ thống lễ tân và xếp hàng trực tuyến. Hệ thống thông tin giải quyết TTHC thế hệ mới – xử lý hồ sơ điện tử toàn trình, liên thông vượt cấp. Chỉ 3 tháng sau khi vận hành đồng loạt tại 54 xã, phường (từ 1/7/2025), 98,5% hồ sơ được giải quyết đúng và trước hạn, kể cả các thủ tục liên thông phức tạp.

Kết thúc bài phát biểu, Tổng giám đốc FPT kỳ vọng nhận được sự ủng hộ của tỉnh để đồng hành lâu dài cùng Quảng Ninh trong việc xây dựng mô hình chính quyền số hiện đại, đóng góp thiết thực vào sự phát triển bứt phá của tỉnh trong kỷ nguyên số, bằng năng lực công nghệ, kinh nghiệm triển khai và tinh thần tiên phong.

FPT nhận chứng nhận đăng ký đầu tư dự án xây dựng Khu Công nghệ số tập trung và khu phụ trợ tại Quảng Ninh

Trong khuôn khổ sự kiện, Lãnh đạo UBND tỉnh Quảng Ninh đã trao chấp thuận chủ trương đầu tư dự án Khu công nghệ số tập trung Tuần Châu do Tập đoàn FPT làm nhà đầu tư. Dự án nhằm xây dựng hạ tầng đồng bộ để thu hút doanh nghiệp công nghệ số, AI, Big Data, IoT, an ninh mạng và R&D. Quy mô diện tích khoảng 8,94 ha tại phường Tuần Châu, Hạ Long. FPT đầu tư xây dựng hạ tầng kỹ thuật, văn phòng quản lý và các công trình phụ trợ. Tổng vốn đầu tư là hơn 138 tỷ đồng.

Đại diện Tập đoàn FPT nhận chứng nhận đăng ký đầu tư dự án xây dựng Khu Công nghệ số tập trung và khu phụ trợ tại Quảng Ninh

Dự án Khu Công nghệ số tập trung Tuần Châu sẽ góp phần đưa Quảng Ninh trở thành trung tâm công nghệ mới của miền Bắc, nơi hội tụ doanh nghiệp số, AI và các ngành công nghệ tương lai. Việc FPT đầu tư hạ tầng với quy mô lớn góp phần tạo động lực tăng trưởng kinh tế số, mở ra nền tảng để Quảng Ninh bứt phá, vươn tầm khu vực trong kỷ nguyên trí tuệ nhân tạo.

FPT trình diễn hệ sinh thái giải pháp công nghệ đồng hành cùng Quảng Ninh

Bên lề Hội nghị, FPT giới thiệu hệ sinh thái giải pháp công nghệ giúp Quảng Ninh hiện thực hóa mục tiêu dẫn đầu cả nước về chuyển đổi số trên ba trụ cột: chính quyền số, kinh tế số và xã hội số. Các giải pháp của FPT góp phần hiện đại hóa dịch vụ công, nâng cao trải nghiệm cho người dân, doanh nghiệp và du khách, đồng thời tạo môi trường đầu tư minh bạch, thuận lợi và cạnh tranh.

Ở nhóm giải pháp dành cho chính quyền số, FPT trưng bày các nền tảng số hóa và lưu trữ như iSoma, ArchiveNex, akaVerse, cùng giải pháp bản đồ số GeoBase phục vụ quản lý đô thị, quy hoạch và giám sát tài nguyên. Các tiện ích FPT Camera, FPT Internet (Wi-Fi 7) và FPT Play giúp mở rộng hạ tầng kết nối tại trung tâm du lịch – kinh tế lớn.

FPT trình diễn hệ sinh thái giải pháp công nghệ tại gian hàng triển lãm của sự kiện.

Trong lĩnh vực kinh tế số, FPT mang tới bộ giải pháp Kyta Platform, Akabot, FPT AI Agents và BizNext giúp doanh nghiệp tự động hóa quy trình, nâng cao hiệu quả vận hành, vận hành trên nền tảng AI Factory và FPT Cloud đạt chuẩn an toàn cấp độ 4.

Thông qua hệ sinh thái công nghệ này, FPT thể hiện cam kết đồng hành cùng Quảng Ninh trong hành trình xây dựng quốc gia số, thúc đẩy thu hút đầu tư và tạo động lực phát triển mạnh mẽ trong kỷ nguyên AI.",2025-11-24T15:22:00+07:00,2025-11-24T15:22:00,2026-07-29T21:31:43.088216+07:00,CafeF,https://cafef.vn/ceo-fpt-tap-doan-fpt-san-sang-lam-tong-cong-trinh-su-phat-trien-khoa-hoc-cong-nghe-doi-moi-sang-tao-o-quang-ninh-188251124152259223.chn,https://cafef.vn/ceo-fpt-tap-doan-fpt-san-sang-lam-tong-cong-trinh-su-phat-trien-khoa-hoc-cong-nghe-doi-moi-sang-tao-o-quang-ninh-188251124152259223.chn,Linh Lê,Kinh tế số,https://cafefcdn.com/thumb_w/1200/203337114487263232/2025/11/24/avatar1763972546189-1763972546892688883835.jpg,vi,GENERAL_NEWS,[],"[""FPT"", ""Tập đoàn FPT""]",13.0,"[""ticker_in_title:+1"", ""alias_in_title:+3"", ""ticker_in_summary:+1"", ""positive_entity:+1"", ""ticker_content:+3"", ""financial_terms:+2"", ""financial_metrics:+2""]",2f8e2b7eb46507484493b15c8e5e112c13838280215f6629f1e0e727f22a6855,1420,accepted
cafef_fpt_20250511_435135f0,"[""FPT""]",Công ty Cổ phần FPT,"Tập đoàn FPT hợp tác với Bệnh viện 115 tuổi, chủ tịch Trương Gia Bình khẳng định: Y học và công nghệ tạo bước tiến mới cho quốc gia","Với công thức 'Together, we are the best', khi đội ngũ y khoa hàng đầu kết hợp cùng năng lực công nghệ của FPT, chúng ta có thể tạo nên những bước tiến mới cho y tế và chuyển đổi số quốc gia, theo Chủ tịch Trương Gia Bình.","Bệnh viện Bạch Mai và Tập đoàn FPT công bố Thỏa thuận hợp tác chiến lược toàn diện về chuyển đổi số và ứng dụng khoa học – công nghệ đặc biệt là AI trong khám chữa bệnh, quản trị bệnh viện và phát triển nguồn nhân lực, chiều 4/11.

Ứng dụng AI để nâng cao chất lượng khám chữa bệnh

Theo ông Trương Gia Bình, Chủ tịch HĐQT Tập đoàn FPT , ngành y là lĩnh vực chứa đựng những yếu tố cốt lõi cho sự phát triển của công nghệ, bởi trước hết đây là ngành của con người. Trí tuệ nhân tạo ngày nay phát triển vượt bậc chính nhờ các mô hình ngôn ngữ lớn (LLM) – được xây dựng trên nền tảng ngôn ngữ và tri thức của con người. FPT mong muốn đồng hành cùng Bệnh viện Bạch Mai trong hành trình làm chủ công nghệ, xây dựng mô hình bệnh viện thông minh, phát triển các nền tảng AI phục vụ y tế Việt Nam.

"" Với công thức 'Together, we are the best', khi đội ngũ y khoa hàng đầu kết hợp cùng năng lực công nghệ của FPT, chúng ta có thể tạo nên những bước tiến mới cho y tế và chuyển đổi số quốc gia "", ông Bình nói.

Đồng quan điểm, PGS.TS. Đào Xuân Cơ, Bí thư Đảng ủy, Giám đốc Bệnh viện Bạch Mai chia sẻ về tầm nhìn trở thành bệnh viện thông minh, trong đó AI và công nghệ số được ứng dụng không chỉ trong chẩn đoán, điều trị, quản trị bệnh viện, mà còn hướng tới tự động hóa toàn diện.

Bên cạnh đó, Bệnh viện Bạch Mai đặt mục tiêu kết nối dữ liệu y tế quốc gia, xây dựng hồ sơ sức khỏe số cho mọi người dân, tạo nền tảng cho nghiên cứu và nâng cao chất lượng chăm sóc sức khỏe. Khi có kho dữ liệu lớn (Big Data) được chuẩn hóa, Việt Nam sẽ có điều kiện thúc đẩy nghiên cứu, công bố các công trình khoa học lớn.

PGS.TS. Đào Xuân Cơ, Bí thư Đảng ủy, Giám đốc Bệnh viện Bạch Mai chia sẻ tại sự kiện

Theo thỏa thuận, hai bên sẽ hợp tác toàn diện, tập trung vào bốn lĩnh vực trọng tâm, từ chuyển đổi số toàn diện, ứng dụng công nghệ trong chăm sóc và khám chữa bệnh, đến chăm sóc sức khỏe và phát triển nhân lực y tế.

Thứ nhất, về chuyển đổi số toàn diện bệnh viện, Tập đoàn FPT sẽ tư vấn chiến lược tổng thể, xây dựng các giải pháp chuyển đổi số toàn diện cho Bệnh viện Bạch Mai, hướng tới xây dựng Bệnh viện Thông minh. Đồng thời, hai bên xây dựng kho dữ liệu lâm sàng tập trung và kho dữ liệu mở phục vụ nghiên cứu khoa học, từ đó ứng dụng AI trong hỗ trợ bác sĩ ra quyết định và phục vụ nghiên cứu khoa học.

Hai bên cũng triển khai trục tích hợp dữ liệu, liên thông với các cơ sở dữ liệu quốc gia và tổ chức y tế quốc tế; đồng thời triển khai Telemedicine phục vụ hội chẩn, tư vấn khám bệnh, chữa bệnh từ xa; đào tạo, sinh hoạt khoa học trực tuyến.

Thứ hai, FPT và bệnh viện Bạch Mai sẽ hợp tác phát triển và ứng dụng khoa học - công nghệ trong chăm sóc và khám chữa bệnh. Cụ thể, hai bên sẽ ứng dụng AI trong chăm sóc, dự báo nhu cầu bệnh nhân, hỗ trợ chẩn đoán hình ảnh, siêu âm, nội soi, hỗ trợ bác sĩ ra quyết định lâm sàng. Đồng thời, AI sẽ hỗ trợ phân bổ nguồn lực hiệu quả, quản lý chuỗi cung ứng y tế, dự báo nhu cầu vật tư, thuốc men, thiết bị tiêu hao, góp phần nâng cao hiệu quả hoạt động của bệnh viện. Bên cạnh đó, FPT và Bệnh viện Bạch Mai sẽ hợp tác nghiên cứu, phát triển và cải tiến các sản phẩm chăm sóc sức khỏe kỹ thuật số, phục vụ nhu cầu khám chữa bệnh và nâng cao chất lượng dịch vụ y tế cho người dân.

Thứ ba, Bệnh viện Bạch Mai sẽ đồng hành trong công tác bảo vệ, chăm sóc sức khỏe cán bộ, nhân viên FPT, cung cấp các gói khám sức khỏe tổng quát, chuyên sâu, định kỳ, hội chẩn chuyên gia quốc tế, dịch vụ y tế tại chỗ và theo dõi sức khỏe định kỳ. Hai bên phối hợp đào tạo kỹ năng sơ – cấp cứu, tập huấn y học thường thức, chăm sóc sức khỏe cho trẻ em, phụ nữ. FPT sẽ tham gia các hoạt động khám chữa bệnh cộng đồng khi Bệnh viện Bạch Mai tổ chức các hoạt động an sinh xã hội, các đợt khám từ thiện cho người yếu thế.

Thứ tư, về đào tạo và phát triển nguồn nhân lực, FPT hỗ trợ Bệnh viện Bạch Mai đào tạo quản trị bệnh viện, chuyển đổi số và ứng dụng AI, đồng thời Bệnh viện phối hợp đào tạo bác sĩ, điều dưỡng, dược sĩ cho hệ thống FPT Long Châu. Hai bên cũng sẽ triển khai các hoạt động cộng đồng (CSR), hỗ trợ bệnh nhân khó khăn, đặc biệt là phụ nữ, trẻ em và người yếu thế.

Với hơn một thế kỷ hình thành và phát triển, Bệnh viện Bạch Mai là bệnh viện đa khoa hạng đặc biệt trực thuộc Bộ Y tế, đồng thời là trung tâm y học đầu ngành trong nhiều lĩnh vực như tim mạch, hồi sức, chống độc, chẩn đoán hình ảnh và y học lâm sàng.

FPT và Bệnh viện Bạch Mai đã hợp tác chuyển đổi số từ năm 2014 với dự án FPT.eHospital – hệ thống quản lý tổng thể giúp số hóa dữ liệu y tế, chuẩn hóa quy trình khám chữa bệnh, giảm thời gian chờ cho hàng triệu lượt bệnh nhân mỗi năm.

Với hơn 23 năm kinh nghiệm đồng hành cùng ngành y tế, FPT đang hợp tác với hơn 300 bệnh viện và 6 Sở Y tế , hỗ trợ khoảng 30 triệu lượt khám chữa bệnh mỗi năm . Doanh nghiệp hướng tới xây dựng hệ sinh thái y tế số toàn diện , ứng dụng AI, dữ liệu lớn và y tế từ xa để cá nhân hóa trải nghiệm chăm sóc sức khỏe.",2025-05-11T11:33:00+07:00,2025-11-05T11:33:00,2026-07-29T21:31:45.276470+07:00,CafeF,https://cafef.vn/tap-doan-fpt-hop-tac-voi-benh-vien-115-tuoi-chu-tich-truong-gia-binh-khang-dinh-y-hoc-va-cong-nghe-tao-buoc-tien-moi-cho-quoc-gia-18825110511340247.chn,https://cafef.vn/tap-doan-fpt-hop-tac-voi-benh-vien-115-tuoi-chu-tich-truong-gia-binh-khang-dinh-y-hoc-va-cong-nghe-tao-buoc-tien-moi-cho-quoc-gia-18825110511340247.chn,PV,Thị trường chứng khoán,https://cafefcdn.com/thumb_w/1200/203337114487263232/2025/11/5/edit-dna0198-1762313206109484428449-1762317172085-1762317172281482851325-0-0-1250-2000-crop-17623172088711320842730.jpeg,vi,GENERAL_NEWS,[],"[""FPT"", ""Tập đoàn FPT""]",11.0,"[""ticker_in_title:+1"", ""alias_in_title:+3"", ""ticker_in_summary:+1"", ""positive_entity:+1"", ""ticker_content:+3"", ""financial_metrics:+2""]",2aa1e3db6f4b4b2b0e19ab86acc64d1d06fdba4f55f56ba4250a554a6bfe5e59,1083,accepted
cafef_fpt_20250411_6fbfda9a,"[""FPT""]",Công ty Cổ phần FPT,Chủ tịch HĐQT Tập đoàn FPT Trương Gia Bình: Y học và công nghệ – hai lực lượng cùng tạo nên bước tiến mới cho quốc gia,"Bệnh viện Bạch Mai và Tập đoàn FPT vừa công bố Thỏa thuận hợp tác chiến lược toàn diện về chuyển đổi số và ứng dụng khoa học – công nghệ đặc biệt là AI trong khám chữa bệnh, quản trị bệnh viện và phát triển nguồn nhân lực.","Tham dự lễ ký kết, về phía Bệnh viện Bạch Mai có PGS.TS. Đào Xuân Cơ, Bí thư Đảng ủy, Giám đốc Bệnh viện; PGS.TS. Vũ Văn Giáp và PGS.TS. Nguyễn Tuấn Tùng, Phó Giám đốc; cùng lãnh đạo các cấp, Trưởng khoa, Viện trưởng, Giám đốc Trung tâm trực thuộc. Về phía Tập đoàn FPT có ông Trương Gia Bình, Chủ tịch HĐQT; ông Nguyễn Văn Khoa, Tổng Giám đốc cùng các lãnh đạo của Tập đoàn và đơn vị thành viên.

Sự kiện đánh dấu bước tiến quan trọng trong lộ trình hiện đại hóa hệ thống y tế Việt Nam, nhằm nâng cao chất lượng phục vụ người bệnh, tối ưu công tác quản lý – vận hành và góp phần thực hiện các mục tiêu của Nghị quyết 57-NQ/TW của Bộ Chính trị về đột phá phát triển khoa học, công nghệ, đổi mới sáng tạo và chuyển đổi số quốc gia và Nghị quyết 72-NQ/TW về một số giải pháp đột phá, tăng cường bảo vệ, chăm sóc và nâng cao sức khỏe nhân dân.

Ứng dụng AI để nâng cao chất lượng khám chữa bệnh

Phát biểu tại lễ ký kết, ông Trương Gia Bình, Chủ tịch HĐQT Tập đoàn FPT nhấn mạnh: “Ngành y là lĩnh vực chứa đựng những yếu tố cốt lõi cho sự phát triển của công nghệ, bởi trước hết đây là ngành của con người. Trí tuệ nhân tạo ngày nay phát triển vượt bậc chính nhờ các mô hình ngôn ngữ lớn (LLM) – được xây dựng trên nền tảng ngôn ngữ và tri thức của con người. FPT mong muốn đồng hành cùng Bệnh viện Bạch Mai trong hành trình làm chủ công nghệ, xây dựng mô hình bệnh viện thông minh, phát triển các nền tảng AI phục vụ y tế Việt Nam. Với công thức ‘Together, we are the best’, khi đội ngũ y khoa hàng đầu kết hợp cùng năng lực công nghệ của FPT, chúng ta có thể tạo nên những bước tiến mới cho y tế và chuyển đổi số quốc gia.”

Ông Trương Gia Bình, Chủ tịch HĐQT Tập đoàn FPT phát biểu tại lễ ký kết

PGS.TS. Đào Xuân Cơ, Bí thư Đảng ủy, Giám đốc Bệnh viện Bạch Mai chia sẻ: “Chúng tôi mong muốn Bệnh viện Bạch Mai sẽ trở thành bệnh viện thông minh, trong đó AI và công nghệ số được ứng dụng không chỉ trong chẩn đoán, điều trị, quản trị bệnh viện, mà còn hướng tới tự động hóa toàn diện. Bên cạnh đó, Bệnh viện Bạch Mai đặt mục tiêu kết nối dữ liệu y tế quốc gia, xây dựng hồ sơ sức khỏe số cho mọi người dân, tạo nền tảng cho nghiên cứu và nâng cao chất lượng chăm sóc sức khỏe. Khi có kho dữ liệu lớn (Big Data) được chuẩn hóa, Việt Nam sẽ có điều kiện thúc đẩy nghiên cứu, công bố các công trình khoa học lớn. Chúng tôi tin rằng, với năng lực công nghệ và kinh nghiệm chuyển đổi số của FPT, tôi tin rằng hai bên sẽ đồng hành chặt chẽ để hiện thực hóa các mục tiêu”.

PGS.TS. Đào Xuân Cơ, Bí thư Đảng ủy, Giám đốc Bệnh viện Bạch Mai chia sẻ tại sự kiện

Ông Nguyễn Văn Khoa, Tổng Giám đốc Tập đoàn FPT, khẳng định: “Chúng tôi xin cam kết sẽ dốc toàn lực, toàn trí tuệ và toàn tâm để cùng Bệnh viện Bạch Mai triển khai hợp tác này. Hợp tác này sẽ mở ra một chặng đường mới cho việc ứng dụng công nghệ trong y tế, góp phần phục vụ người dân và đất nước tốt hơn. FPT cam kết sẽ chuyển hóa các định hướng hợp tác thành hành động cụ thể, giúp giảm tải công việc cho đội ngũ y bác sĩ, để các anh chị có thêm thời gian cho bản thân và gia đình, đồng thời nâng cao hiệu quả chăm sóc sức khỏe người dân.”

PGS.TS. Đào Xuân Cơ, Bí thư Đảng ủy, Giám đốc Bệnh viện Bạch Mai và ông Nguyễn Văn Khoa, Tổng Giám đốc Tập đoàn FPT trao thỏa thuận hợp tác

Theo thỏa thuận, hai bên sẽ hợp tác toàn diện, tập trung vào bốn lĩnh vực trọng tâm, từ chuyển đổi số toàn diện, ứng dụng công nghệ trong chăm sóc và khám chữa bệnh, đến chăm sóc sức khỏe và phát triển nhân lực y tế.

Thứ nhất, về chuyển đổi số toàn diện bệnh viện, Tập đoàn FPT sẽ tư vấn chiến lược tổng thể, xây dựng các giải pháp chuyển đổi số toàn diện cho Bệnh viện Bạch Mai, hướng tới xây dựng Bệnh viện Thông minh. Đồng thời, hai bên xây dựng kho dữ liệu lâm sàng tập trung và kho dữ liệu mở phục vụ nghiên cứu khoa học, từ đó ứng dụng AI trong hỗ trợ bác sĩ ra quyết định và phục vụ nghiên cứu khoa học.

Hai bên cũng triển khai trục tích hợp dữ liệu, liên thông với các cơ sở dữ liệu quốc gia và tổ chức y tế quốc tế; đồng thời triển khai Telemedicine phục vụ hội chẩn, tư vấn khám bệnh, chữa bệnh từ xa; đào tạo, sinh hoạt khoa học trực tuyến.

Thứ hai, FPT và bệnh viện Bạch Mai sẽ hợp tác phát triển và ứng dụng khoa học - công nghệ trong chăm sóc và khám chữa bệnh. Cụ thể, hai bên sẽ ứng dụng AI trong chăm sóc, dự báo nhu cầu bệnh nhân, hỗ trợ chẩn đoán hình ảnh, siêu âm, nội soi, hỗ trợ bác sĩ ra quyết định lâm sàng. Đồng thời, AI sẽ hỗ trợ phân bổ nguồn lực hiệu quả, quản lý chuỗi cung ứng y tế, dự báo nhu cầu vật tư, thuốc men, thiết bị tiêu hao, góp phần nâng cao hiệu quả hoạt động của bệnh viện. Bên cạnh đó, FPT và Bệnh viện Bạch Mai sẽ hợp tác nghiên cứu, phát triển và cải tiến các sản phẩm chăm sóc sức khỏe kỹ thuật số, phục vụ nhu cầu khám chữa bệnh và nâng cao chất lượng dịch vụ y tế cho người dân.

Thứ ba, Bệnh viện Bạch Mai sẽ đồng hành trong công tác bảo vệ, chăm sóc sức khỏe cán bộ, nhân viên FPT, cung cấp các gói khám sức khỏe tổng quát, chuyên sâu, định kỳ, hội chẩn chuyên gia quốc tế, dịch vụ y tế tại chỗ và theo dõi sức khỏe định kỳ. Hai bên phối hợp đào tạo kỹ năng sơ – cấp cứu, tập huấn y học thường thức, chăm sóc sức khỏe cho trẻ em, phụ nữ. FPT sẽ tham gia các hoạt động khám chữa bệnh cộng đồng khi Bệnh viện Bạch Mai tổ chức các hoạt động an sinh xã hội, các đợt khám từ thiện cho người yếu thế.

Thứ tư, về đào tạo và phát triển nguồn nhân lực, FPT hỗ trợ Bệnh viện Bạch Mai đào tạo quản trị bệnh viện, chuyển đổi số và ứng dụng AI, đồng thời Bệnh viện phối hợp đào tạo bác sĩ, điều dưỡng, dược sĩ cho hệ thống FPT Long Châu. Hai bên cũng sẽ triển khai các hoạt động cộng đồng (CSR), hỗ trợ bệnh nhân khó khăn, đặc biệt là phụ nữ, trẻ em và người yếu thế.

Hướng tới nền y tế thông minh, nhân văn và lấy người dân làm trung tâm

Với gần 115 năm hình thành và phát triển, Bệnh viện Bạch Mai là bệnh viện đa khoa hạng đặc biệt trực thuộc Bộ Y tế, đồng thời là trung tâm y học đầu ngành của cả nước trong nhiều lĩnh vực như tim mạch, hồi sức, chống độc, chẩn đoán hình ảnh và y học lâm sàng. Tập đoàn FPT và Bệnh viện Bạch Mai đã hợp tác trong lĩnh vực chuyển đổi số từ năm 2014 với dự án FPT.eHospital – hệ thống quản lý tổng thể bệnh viện thông minh giúp số hóa dữ liệu y tế, chuẩn hóa quy trình khám chữa bệnh, giúp giảm thời gian chờ đợi cho hàng triệu lượt bệnh nhân/năm. Gần đây, FPT đã triển khai giải pháp Hợp đồng điện tử FPT.Contract, giúp bệnh viện số hóa quy trình ký kết hợp đồng, tiết kiệm chi phí, thời gian và đảm bảo giá trị pháp lý.

Những năm gần đây, Bệnh viện Bạch Mai được xem là mô hình mẫu trong chuyển đổi số ngành y tế Việt Nam, khi tiên phong triển khai hồ sơ bệnh án điện tử, kết nối dữ liệu liên thông, ứng dụng trí tuệ nhân tạo và dữ liệu lớn trong chẩn đoán, điều trị và quản lý vận hành. Bệnh viện cũng phát triển ứng dụng, cho phép người dân đặt lịch khám, tra cứu hồ sơ và nhận kết quả trực tuyến, thể hiện rõ định hướng lấy người bệnh làm trung tâm và xây dựng môi trường y tế minh bạch, hiện đại, thân thiện với người dân.

Với hơn 23 năm kinh nghiệm đồng hành cùng ngành y tế Việt Nam, FPT hiện đang hợp tác với hơn 300 bệnh viện và 6 Sở Y tế trên cả nước, giúp hàng chục nghìn cán bộ y tế nâng cao hiệu quả công việc và mang lại trải nghiệm chăm sóc sức khỏe tốt hơn cho người dân, hỗ trợ khoảng 30 triệu lượt khám chữa bệnh mỗi năm.

FPT hướng tới xây dựng hệ sinh thái y tế số, cung cấp dịch vụ toàn diện, nhanh chóng, thuận tiện cho cơ quan quản lý, các cơ sở khám chữa bệnh, các công ty dược phẩm, hệ thống nhà thuốc và người dân. Đặc biệt, với năng lực và kinh nghiệm tích lũy trong hơn 10 năm nghiên cứu và phát triển AI, FPT đã và đang tích hợp công nghệ này để nâng cao chất lượng chăm sóc sức khỏe, mở rộng khả năng tiếp cận các dịch vụ y tế theo hướng cá nhân hóa thông qua các đổi mới như y tế từ xa và giám sát sức khỏe bệnh nhân theo thời gian thực.

Trong lĩnh vực dược phẩm, các giải pháp công nghệ của FPT đang góp phần nâng cao mọi khía cạnh của ngành công nghiệp dược phẩm thông qua việc số hóa quy trình nghiên cứu và phát triển dược phẩm (R&D); Hệ thống nhà thuốc đa kênh tiên tiến (Advanced Pharmacy Omni-Channel System); Nền tảng quản lý thuốc toàn diện, kết nối bệnh nhân, bác sĩ và nhà thuốc thông qua hồ sơ y tế điện tử với các tên tuổi nổi bật như Nhà thuốc Long Châu, Hitachi Medical Devices, Olympus, MedAvisor, Zuellig Pharma, BrightInsight.

Thỏa thuận hợp tác giữa Bệnh viện Bạch Mai và Tập đoàn FPT đánh dấu bước tiến trong quá trình hiện đại hóa y tế Việt Nam, kết hợp thế mạnh chuyên môn y khoa và năng lực công nghệ để nâng cao hiệu quả khám chữa bệnh, quản lý và phục vụ người dân, phù hợp định hướng chuyển đổi số quốc gia theo Nghị quyết 57-NQ/TW và 72-NQ/TW của Bộ Chính trị.",2025-04-11T23:08:00+07:00,2025-11-04T23:08:00,2026-07-29T21:37:28.265471+07:00,CafeF,https://cafef.vn/chu-tich-hdqt-tap-doan-fpt-truong-gia-binh-y-hoc-va-cong-nghe-hai-luc-luong-cung-tao-nen-buoc-tien-moi-cho-quoc-gia-188251104230809298.chn,https://cafef.vn/chu-tich-hdqt-tap-doan-fpt-truong-gia-binh-y-hoc-va-cong-nghe-hai-luc-luong-cung-tao-nen-buoc-tien-moi-cho-quoc-gia-188251104230809298.chn,Hà Vân,Kinh tế số,https://cafefcdn.com/thumb_w/1200/203337114487263232/2025/11/4/avatar1762272407672-176227240818346907952.jpg,vi,GENERAL_NEWS,[],"[""FPT"", ""Tập đoàn FPT""]",11.0,"[""ticker_in_title:+1"", ""alias_in_title:+3"", ""ticker_in_summary:+1"", ""positive_entity:+1"", ""ticker_content:+3"", ""financial_metrics:+2""]",06a4ad2c098073969d14d8a159995941188b62beeb7a03da60374b4d68dee39b,1899,accepted
cafef_fpt_20250919_a9f0cb3d,"[""FPT""]",Công ty Cổ phần FPT,"Tập đoàn FPT mua 10% cổ phần của Daythree, mở rộng hoạt động tại khu vực châu Á - Thái Bình Dương","Thương vụ được kỳ vọng thúc đẩy tăng trưởng của Tập đoàn FPT trong lĩnh vực quản lý quy trình kinh doanh (BPS), đặc biệt là mảng BPS tích hợp AI và nâng cao năng lực triển khai dịch vụ cho các doanh nghiệp quy mô lớn ở khu vực châu Á - Thái Bình Dương.","Tập đoàn FPT công bố đầu tư chiến lược vào công ty Daythree Digital Berhad (Daythree), nhà cung cấp dịch vụ vận hành quy trình kinh doanh và quản lý hệ thống hàng đầu tại Malaysia.

Thương vụ này được kỳ vọng thúc đẩy tăng trưởng của Tập đoàn FPT trong lĩnh vực quản lý quy trình kinh doanh (BPS), đặc biệt là mảng BPS tích hợp AI và nâng cao năng lực triển khai dịch vụ cho các doanh nghiệp quy mô lớn ở khu vực châu Á - Thái Bình Dương. FPT triển khai thương vụ này thông qua công ty thành viên tại Malaysia.

Với tỷ lệ sở hữu 10% cổ phần, Tập đoàn FPT là nhà đầu tư nước ngoài đầu tiên của Daythree. Thành lập năm 2016, Daythree hiện có 2.000 nhân sự là các chuyên gia công nghệ, thành thạo các ngôn ngữ Anh, Trung, Malaysia, Hàn, Nhật cùng nhiều ngôn ngữ châu Á khác và dày dạn kinh nghiệm làm việc với các khách hàng hàng đầu trong nhiều lĩnh vực như tài chính, viễn thông, tiện ích...

Hai bên kỳ vọng việc kết hợp năng lực cung cấp dịch vụ và mạng lưới toàn cầu của FPT và chuyên môn sâu trong lĩnh vực quản lý quy trình kinh doanh của Daythree sẽ mang đến các giải pháp toàn diện cho các dự án quy mô lớn với khách hàng trên khắp khu vực châu Á - Thái Bình Dương. Hợp tác này cũng mở ra cơ hội đa dạng hóa các sản phẩm dịch vụ cho khách hàng, đặc biệt các dịch vụ BPS tích hợp AI và các dịch vụ quản lý hệ thống. FPT kỳ vọng thương vụ này giúp hoàn thiện dịch vụ cung cấp cho khách hàng, qua đó tăng tỷ lệ chi trả của các khách hàng lớn.

Ông Nguyễn Khải Hoàn, Phó Tổng giám đốc FPT Software, Tập đoàn FPT chia sẻ: “Các công nghệ tiên tiến như AI, tự động hóa và điện toán đám mây được ứng dụng ngày càng rộng rãi, thúc đẩy nhu cầu dịch vụ BPS tại khu vực châu Á - Thái Bình Dương. Với sự kết hợp hệ sinh thái kinh doanh và chuyên môn của hai bên, Tập đoàn FPT và Daythree sẽ gia tăng lợi thế trong việc nắm bắt cơ hội, mang lại giá trị cao hơn cho khách hàng và tạo đà tăng trưởng cho hai bên trong dài hạn” .

Hai bên cũng đã ký kết Thỏa thuận Hợp tác (Teaming Agreement), đồng thời sẽ bổ nhiệm đại diện của Tập đoàn FPT vào Hội đồng Quản trị của Daythree, nhằm thúc đẩy nhanh chóng và khai thác hiệu quả tiềm năng hợp tác giữa hai doanh nghiệp.

Ông Raymond Davadass, Nhà sáng lập kiêm Giám đốc Điều hành Daythree, cho biết: “Hợp tác với Tập đoàn FPT đánh dấu một bước ngoặt quan trọng giúp chúng tôi nâng tầm dịch vụ và mở rộng mạng lưới khách hàng trong khu vực. Sự hiện diện toàn cầu và vị thế tiên phong công nghệ của Tập đoàn FPT là bổ sung hoàn hảo cho năng lực cung cấp dịch vụ của chúng tôi. Kết hợp thế mạnh của hai bên, chúng tôi sẽ mang đến những giải pháp thế hệ mới linh hoạt hơn và được tích hợp AI, giúp chuyển đổi vận hành và mang lại hiệu quả rõ rệt cho các tổ chức trên toàn khu vực châu Á – Thái Bình Dương” .",2025-09-19T08:15:00+07:00,2025-09-19T08:15:00,2026-07-29T21:37:32.948962+07:00,CafeF,https://cafef.vn/tap-doan-fpt-mua-10-co-phan-cua-daythree-mo-rong-hoat-dong-tai-khu-vuc-chau-a-thai-binh-duong-1882509190815368.chn,https://cafef.vn/tap-doan-fpt-mua-10-co-phan-cua-daythree-mo-rong-hoat-dong-tai-khu-vuc-chau-a-thai-binh-duong-1882509190815368.chn,Hà Linh,Thị trường chứng khoán,https://cafefcdn.com/thumb_w/1200/203337114487263232/2025/9/19/avatar1758244454819-1758244455561674646903.jpeg,vi,CORPORATE_DISCLOSURE,"[""LEADERSHIP_CHANGE""]","[""FPT"", ""Tập đoàn FPT""]",13.0,"[""ticker_in_title:+1"", ""alias_in_title:+3"", ""ticker_in_summary:+1"", ""positive_entity:+1"", ""ticker_content:+3"", ""financial_terms:+2"", ""financial_metrics:+2""]",678ab81eb51714f7b4010667a01a7160e521fec84e2fa2fc7870e531edd85aa5,588,accepted
cafef_fpt_20250813_91b538b9,"[""FPT""]",Công ty Cổ phần FPT,Tin vui từ Tập đoàn FPT,"Trong khuôn khổ Diễn đàn Kinh tế Việt Nam - Hàn Quốc 2025, Tập đoàn FPT đã ký kết các thỏa thuận hợp tác chiến lược với ABOV Semiconductor và Đại học Gachon nhằm thúc đẩy sự phát triển công nghệ bán dẫn và đào tạo nhân lực chất lượng cao giữa hai quốc gia, trong bối cảnh kinh tế số toàn cầu tăng trưởng mạnh mẽ.","Hàn Quốc là một trong những thị trường trọng điểm của FPT tại khu vực châu Á - Thái Bình Dương. Đặt nền móng tại Hàn Quốc từ năm 2016, FPT hiện có gần 2.000 nhân sự làm việc trực tiếp tại Hàn Quốc và hỗ trợ từ xa ở Việt Nam, cung cấp các giải pháp và dịch vụ công nghệ đẳng cấp quốc tế đến các khách hàng hàng đầu xứ sở kim chi, trong đó có những công ty lớn tại Hàn Quốc như LG Electronics, LG CNS, Shinhan Bank, Daegu Bank, và Shinsegae I&C.

Tại Hàn Quốc, FPT từng lọt Top 200 công ty công nghệ hàng đầu ở Hàn Quốc theo thống kê của Gartner giai đoạn 2020-2021, là công ty Việt Nam hàng đầu về doanh số và quy mô nhân sự tại thị trường cạnh tranh này.

Trong khuôn khổ Diễn đàn Kinh tế Việt Nam - Hàn Quốc 2025, Tập đoàn FPT đã ký kết các thỏa thuận hợp tác chiến lược với ABOV Semiconductor và Đại học Gachon nhằm thúc đẩy sự phát triển công nghệ bán dẫn và đào tạo nhân lực chất lượng cao. Ảnh: FPT

Trong khuôn khổ Diễn đàn Kinh tế Việt Nam - Hàn Quốc 2025, Tập đoàn FPT đã ký kết các thỏa thuận hợp tác chiến lược với ABOV Semiconductor - công ty hàng đầu về bán dẫn tại Hàn Quốc, chuyên thiết kế và sản xuất chip vi điều khiển (microcontrollers) và chip nhớ - nhằm thúc đẩy hợp tác trong việc nghiên cứu, thiết kế và phát triển chip bán dẫn, đồng thời mở rộng thị trường và thúc đẩy ứng dụng các sản phẩm bán dẫn tại Hàn Quốc.

Cụ thể, hai bên sẽ sử dụng các con chip do FPT thiết kế, đặc biệt tại thị trường Hàn Quốc; triển khai dự án hợp tác nghiên cứu, thiết kế và phát triển các dòng Chip thế hệ mới, đồng thời phát triển các sản phẩm có tính cạnh tranh và các hợp tác khác linh hoạt theo từng dự án và nhu cầu thực tế.

Trong kế hoạch phát triển bán dẫn tại Hàn Quốc, Tập đoàn FPT mong muốn tham gia xây dựng một hệ sinh thái bán dẫn toàn diện, từ nhân lực đến dịch vụ, hướng tới phát triển bền vững và lâu dài. Hiện FPT sở hữu thế mạnh về dịch vụ thiết kế chip vi mạch tùy chỉnh theo yêu cầu của khách hàng và trong tương lai sẽ mở rộng sang dịch vụ đóng gói tiên tiến và kiểm thử bán dẫn. Hàn Quốc hiện là một thị trường bán dẫn trọng điểm với quy mô khoảng 87 tỷ USD (2023), tiếp tục tăng trưởng nhờ đầu tư mạnh mẽ của các tập đoàn lớn.

Trong lĩnh vực đào tạo, Trường Đại học FPT ký kết hợp tác với Đại học Gachon - một trong các trường đại học hàng đầu Hàn Quốc - nhằm thúc đẩy mạnh mẽ hoạt động hợp tác như: trao đổi và đào tạo sinh viên (bao gồm bậc đại học và sau đại học); tổ chức các chương trình đào tạo chung; trao đổi giảng viên, học giả và chuyên gia; chia sẻ tài liệu, ấn phẩm học thuật và thông tin nghiên cứu; và các hoạt động trao đổi học thuật khác. Thỏa thuận này kỳ vọng sẽ góp phần nâng cao chất lượng đào tạo nhân lực công nghệ, thúc đẩy kết nối học thuật và trao đổi tri thức giữa Việt Nam và Hàn Quốc.

Đại học Gachon nổi tiếng với thế mạnh đào tạo CNTT và công nghệ cao, đặc biệt trong các ngành bán dẫn, khoa học dữ liệu, trí tuệ nhân tạo và đã hợp tác nghiên cứu cùng nhiều tập đoàn công nghệ hàng đầu như Samsung, LG, SK Hynix.

Trong khi đó, Trường Đại học FPT là một trong những trường tiên phong tại Việt Nam trong đào tạo các lĩnh vực công nghệ thông tin, từ trí tuệ nhân tạo, an toàn thông tin, kỹ thuật phần mềm, thiết kế vi mạch bán dẫn, với chương trình gắn kết chặt chẽ nhu cầu doanh nghiệp và chuẩn quốc tế.",2025-08-13T00:50:00+07:00,2025-08-13T00:50:00,2026-07-29T21:37:36.923682+07:00,CafeF,https://cafef.vn/tin-vui-tu-tap-doan-fpt-188250812214509759.chn,https://cafef.vn/tin-vui-tu-tap-doan-fpt-188250812214509759.chn,Hoàng Nguyễn,Kinh tế số,https://cafefcdn.com/thumb_w/1200/203337114487263232/2025/8/12/avatar1755010078699-1755010079042737336199.jpg,vi,GENERAL_NEWS,[],"[""FPT"", ""Tập đoàn FPT""]",13.0,"[""ticker_in_title:+1"", ""alias_in_title:+3"", ""ticker_in_summary:+1"", ""positive_entity:+1"", ""ticker_content:+3"", ""financial_terms:+2"", ""financial_metrics:+2""]",195002a1e17b5999121c6603fbcb915ae247a80615698d72849300ce54af8c45,706,accepted
cafef_fpt_20250408_ca49b8da,"[""FPT""]",Công ty Cổ phần FPT,"Hôm nay, Tập đoàn FPT tổ chức lễ tang ông Hoàng Nam Tiến","Hôm nay (ngày 4/8) lễ viếng ông Hoàng Nam Tiến sẽ được tổ chức từ 9 giờ đến 10 giờ 30 tại Nhà Tang lễ Quốc gia (số 5 Trần Thánh Tông, Hà Nội).","Theo thông tin từ Tập đoàn FPT cho biết để bày tỏ lòng tri ân sâu sắc và tiễn đưa ông Hoàng Nam Tiến - thành viên Hội đồng Sáng lập Tập đoàn FPT, Phó Chủ tịch Hội đồng trường Trường Đại học FPT - về nơi an nghỉ cuối cùng, FPT trang trọng tổ chức tang lễ với nghi thức cấp tập đoàn.

Theo đó, lễ viếng ông Hoàng Nam Tiến sẽ được tổ chức từ 9 giờ đến 10 giờ 30 tại Nhà Tang lễ Quốc gia (số 5 Trần Thánh Tông, Hà Nội). Cùng ngày, Tập đoàn FPT cũng tổ chức lễ tưởng niệm ông Hoàng Nam Tiến tại Văn phòng FPT Hòa Lạc (Hà Nội), FPT Đà Nẵng, FPT TP HCM, FPT Nhật Bản (Tokyo).

Tại quê nhà Nghệ An, lễ viếng ông Hoàng Nam Tiến diễn ra từ 10 giờ – 14 giờ ngày 6/8 ở xã Trung Lộc; lễ an táng được tổ chức vào lúc 15 giờ 30 cùng ngày tại Nghĩa trang xã Nghi Thuận (cũ).

Ban Lễ tang bao gồm 23 người, do ông Trương Gia Bình, Thành viên Hội đồng sáng lập Tập đoàn FPT, Chủ tịch HĐQT Tập đoàn FPT làm Trưởng Ban.

Danh sách Ban Lễ tang:

1. Ông Trương Gia Bình, Thành viên Hội đồng sáng lập FPT, Chủ tịch HĐQT Tập đoàn FPT, Trưởng Ban Lễ tang.

2. Ông Bùi Quang Ngọc, Thành viên Hội đồng sáng lập FPT, Phó Chủ tịch HĐQT Tập đoàn FPT, Phó Trưởng ban Lễ tang.

3. Ông Đỗ Cao Bảo, Thành viên Hội đồng sáng lập FPT, Thành viên HĐQT Tập đoàn FPT, Phó Trưởng ban Lễ tang.

4. Ông Lê Trường Tùng, Thành viên Hội đồng sáng lập FPT, Chủ tịch Hội đồng trường Trường Đại học FPT, Phó Trưởng ban Lễ tang.

5. Ông Nguyễn Văn Khoa, Tổng Giám đốc FPT, Phó Trưởng ban Lễ tang.

6. Ông Nguyễn Thế Phương, Phó Tổng Giám đốc FPT, Chủ tịch Công ty FPT Smart Cloud, Phó Trưởng ban Lễ tang.

7. Ông Phạm Minh Tuấn, Phó Tổng Giám đốc FPT, Tổng giám đốc Công ty FPT Software, Phó Trưởng ban Lễ tang.

Ông Hoàng Nam Tiến (SN 1969) là một trong những lãnh đạo kỳ cựu của Tập đoàn FPT. Gia nhập FPT từ năm 1993, ông đã có hơn 30 năm gắn bó với tập đoàn và từng đảm nhận nhiều vị trí quan trọng. Giai đoạn từ năm 2012-2020, ông giữ chức Chủ tịch FPT Software.

Thời điểm đó, FPT Software đạt tốc độ tăng trưởng trung bình trên 30%, trở thành một trong 500 công ty phần mềm lớn nhất trên thế giới.

Từ tháng 3-2020, ông chuyển sang đảm nhiệm vị trí Chủ tịch FPT Telecom, giúp doanh nghiệp vượt qua thời kỳ khó khăn do đại dịch COVID-19 và đạt được những bước tiến vượt bậc cả về doanh thu lẫn lợi nhuận.

Rời FPT Telecom, năm 2023, ông nhận nhiệm vụ mới là Phó Chủ tịch Hội đồng trường Trường Đại học FPT.",2025-04-08T09:21:00+07:00,2025-08-04T09:21:00,2026-07-29T21:37:41.811107+07:00,CafeF,https://cafef.vn/hom-nay-tap-doan-fpt-to-chuc-le-tang-ong-hoang-nam-tien-188250804090422064.chn,https://cafef.vn/hom-nay-tap-doan-fpt-to-chuc-le-tang-ong-hoang-nam-tien-188250804090422064.chn,Theo Nhóm PV,Xã hội,https://cafefcdn.com/thumb_w/1200/203337114487263232/2025/8/4/avatar1754272978433-1754272979020237706636.png,vi,EARNINGS,"[""EARNINGS_REPORT""]","[""FPT"", ""Tập đoàn FPT""]",12.0,"[""ticker_in_title:+1"", ""alias_in_title:+3"", ""positive_entity:+1"", ""ticker_content:+3"", ""financial_terms:+2"", ""financial_metrics:+2""]",0987adc5ee1cca3184330f522f31f830651e27719c56138477bf6178f96bd537,510,accepted
cafef_fpt_20250206_d43a4fea,"[""FPT""]",Công ty Cổ phần FPT,"Tập đoàn FPT khởi công xây trường tại Sóc Trăng, bắt đầu đào thế hệ ""kỹ sư 57""","Ông Nguyễn Văn Khoa, Tổng Giám đốc Tập đoàn FPT, nhấn mạnh, dự án Trường Phổ thông Liên cấp FPT Sóc Trăng sẽ là nền tảng để đào tạo ra thế hệ ""kỹ sư 57"" – những người có thể làm chủ công nghệ, đáp ứng yêu cầu hội nhập quốc tế.","Tập đoàn FPT vừa khởi công Trường Phổ thông liên cấp FPT Sóc Trăng tại Khu đô thị 5A, phường 4, TP Sóc Trăng, tỉnh Sóc Trăng

Sự kiện đánh dấu bước tiến quan trọng trong hành trình phát triển giáo dục chất lượng cao của FPT trên toàn quốc, góp phần triển khai Nghị quyết 57-NQ/TW và Nghị quyết 68-NQ/TW của Bộ Chính trị.

Phát biểu tại buổi lễ, ông Nguyễn Văn Khởi, Phó Chủ tịch UBND tỉnh Sóc Trăng, khẳng định, việc khởi công Trường Phổ thông Liên cấp FPT tại Sóc Trăng sẽ góp phần đa dạng hóa hệ thống giáo dục địa phương và là minh chứng thiết thực cho tinh thần xã hội hóa giáo dục, cụ thể hóa Nghị quyết 57 của Trung ương và của tỉnh về phát triển khoa học, công nghệ và chuyển đổi số trong giáo dục.

Mong muốn mang một hệ sinh thái giáo dục toàn diện tới Sóc Trăng, ông Nguyễn Văn Khoa, Tổng Giám đốc Tập đoàn FPT, nhấn mạnh, dự án Trường Phổ thông Liên cấp FPT Sóc Trăng sẽ là nền tảng để đào tạo ra thế hệ ""kỹ sư 57"" – những người có thể làm chủ công nghệ, đáp ứng yêu cầu hội nhập quốc tế.

""Chúng tôi tin rằng chất lượng giáo dục chính là yếu tố cạnh tranh cốt lõi của địa phương trong thu hút đầu tư và phát triển bền vững"", lãnh đạo FPT chobiết.

TS. Lê Trường Tùng, Tổng Giám đốc Tổ chức Giáo dục FPT, Tập đoàn FPT cam kết, sẽ đầu tư về tài chính và chất lượng để mang đến môi trường học tập tốt với mức học phí hợp lý, phục vụ đông đảo người học.

Ông Nguyễn Văn Khoa, Tổng Giám đốc Tập đoàn FPT chia sẻ tại sự kiện

Trường liên cấp quy mô hơn 2.000 học sinh

Trường Phổ thông liên cấp FPT Sóc Trăng có diện tích đất gần 15.700 m², trong đó diện tích xây dựng hơn 5.300m2. Công trình gồm các khối nhà cao tối đa 4 tầng với tổng diện tích sàn xây dựng khoảng 17.800 m².

Toàn bộ công trình hướng đến triết lý giáo dục mở, nơi việc học lan tỏa đến từng hành lang, khoảng sân, bậc thang và mái nhà phủ xanh, trở thành một hệ sinh thái nhỏ đồng hành cùng hành trình trưởng thành của học sinh.

Dự kiến, Trường Phổ thông Liên cấp FPT Sóc Trăng sẽ đưa vào hoạt động tuyển sinh năm học 2025 - 2026 với ba cấp học Tiểu học, THCS và THPT đào tạo theo hình thức bán trú, quy mô tuyển sinh khoảng 2.160 học sinh.

Từ năm học 2025–2026, Trường dự kiến sẽ đón những học sinh đầu tiên, mang đến cơ hội tiếp cận chương trình giáo dục tích hợp công nghệ cao như AI, STEM, Robotics ngay từ bậc tiểu học, cùng các hoạt động phát triển kỹ năng mềm, thể chất, tư duy sáng tạo.

Tập đoàn FPT vừa tổ chức lễ khởi công Trường Phổ thông liên cấp FPT Sóc Trăng tại Khu đô thị 5A, phường 4, TP Sóc Trăng, tỉnh Sóc Trăng. Đây là công trình trường phổ thông thứ 3 của FPT tại Đồng bằng sông Cửu Long, sau Cần Thơ và Hậu Giang.",2025-02-06T10:21:00+07:00,2025-06-02T10:21:00,2026-07-29T21:37:45.646877+07:00,CafeF,https://cafef.vn/tap-doan-fpt-khoi-cong-xay-truong-tai-soc-trang-bat-dau-dao-the-he-ky-su-57-188250602102122432.chn,https://cafef.vn/tap-doan-fpt-khoi-cong-xay-truong-tai-soc-trang-bat-dau-dao-the-he-ky-su-57-188250602102122432.chn,Tuệ Giang,Thị trường chứng khoán,https://cafefcdn.com/thumb_w/1200/203337114487263232/2025/6/2/avatar1748834453491-17488344537442096618855.png,vi,GENERAL_NEWS,[],"[""FPT"", ""Tập đoàn FPT""]",9.0,"[""ticker_in_title:+1"", ""alias_in_title:+3"", ""ticker_in_summary:+1"", ""positive_entity:+1"", ""ticker_content:+3""]",2d6381ad9e3a5a14b83deacb73f285506400f22c97269379a7f905670e142585,566,accepted
cafef_fpt_20250602_da1a653f,"[""FPT""]",Công ty Cổ phần FPT,"Sau cú bắt tay với tỷ phú Jensen Huang, tập đoàn FPT đón nhận tin cực vui tại Nhật Bản",Tập đoàn FPT đã vượt mốc doanh thu 500 triệu USD tại xứ xở hoa anh đào.,"FPT:

FPT cho biết, Nhật Bản - thị trường xuất khẩu dịch vụ CNTT quan trọng nhất của doanh nghiệp này chính thức vượt mốc doanh thu 500 triệu USD. Cụ thể, doanh thu của FPT tại xứ xở anh đào đã tăng trưởng 32.2% so với cùng kỳ (tăng 36,3% theo Yên Nhật), bất chấp sự suy yếu của đồng yên. Kết quả này đến từ các dự án chiến lược trong các lĩnh vực Hiện đại hóa hệ thống kế thừa (Legacy Modernization), Quản lý rủi ro địa chính trị (GRM), Tối ưu hóa hệ thống vận hành doanh nghiệp (ERP), Automotive và AI, cùng đó là các giải pháp, ứng dụng Cloud, Big Data, AI, Blockchain và VR/XR cho khách hàng Nhật Bản.

FPT là doanh nghiệp có quy mô nhân sự lớn hàng đầu Nhật Bản.

Các dấu mốc của doanh nghiệp này trong năm qua là các thương vụ M&A với NAC - công ty công nghệ Nhật Bản, xúc tiến những hợp tác chiến lược với NVIDIA - Tập đoàn công nghệ đa quốc gia hàng đầu thế giới để thành lập “nhà máy” AI, thành lập liên doanh với tập đoàn công nghệ SCSK - Doanh nghiệp lớn tại Nhật Bản chuyên về các giải pháp công nghệ toàn diện cho đa lĩnh vực, Konica Minolta – Tập đoàn Nhật cung cấp các giải pháp kỹ thuật số dành cho văn phòng,...

Gần đây nhất, công ty đã mở văn phòng thứ 17 tại Nhật Bản với tổng diện tích mặt sàn gần 3.000m2, tọa lạc tại quận Mita – khu vực đắt đỏ và cao cấp bậc nhất Tokyo.

FPT đã công bố đầu tư 125 tỷ đồng cho chương trình đào tạo hơn 3.000 nhân sự công nghệ thông tin và truyền thông (ICT) chất lượng cao cho thị trường Nhật Bản, đáp ứng sự thiếu hụt nguồn lực của thị trường này.

“Sau cột mốc doanh thu nửa tỷ USD, FPT hướng tới mục tiêu đưa Nhật Bản trở thành thị trường đạt doanh thu tỷ USD, sánh với với top 15 công ty IT lớn tại Nhật Bản vào năm 2027. Trong những năm tới, chúng tôi sẽ tiếp tục đẩy mạnh các lĩnh vực mũi nhọn như AI, Automotive và chuyển đổi số, đồng thời chú trọng xây dựng văn hóa doanh nghiệp đề cao sáng tạo và đổi mới, mang đến cơ hội làm việc tốt nhất cho các kỹ sư CNTT Việt Nam tại Nhật Bản"", ông Đỗ Văn Khắc - Phó Tổng Giám đốc FPT Software, kiêm Tổng Giám đốc FPT Japan, Tập đoàn FPT , chia sẻ.",2025-06-02T00:01:00+07:00,2025-02-06T00:01:00,2026-07-29T21:37:48.596928+07:00,CafeF,https://cafef.vn/sau-cu-bat-tay-voi-ty-phu-jensen-huang-tap-doan-fpt-don-nhan-tin-cuc-vui-tai-nhat-ban-188250205210120549.chn,https://cafef.vn/sau-cu-bat-tay-voi-ty-phu-jensen-huang-tap-doan-fpt-don-nhan-tin-cuc-vui-tai-nhat-ban-188250205210120549.chn,Theo H.Linh,Doanh nghiệp,https://cafefcdn.com/thumb_w/1200/203337114487263232/2025/2/5/avatar1738764023276-17387640236271163649515.jpg,vi,EARNINGS,"[""EARNINGS_REPORT""]","[""FPT"", ""Tập đoàn FPT""]",13.0,"[""ticker_in_title:+1"", ""alias_in_title:+3"", ""ticker_in_summary:+1"", ""positive_entity:+1"", ""ticker_content:+3"", ""financial_terms:+2"", ""financial_metrics:+2""]",1b199943da934045efe16c3356c5ad459a47996e47103a1919ab101999717116,441,accepted
cafef_fpt_20250115_d50b176b,"[""FPT""]",Công ty Cổ phần FPT,"Chủ tịch tập đoàn FPT: 'Từ nay, thế giới sẽ cần Việt Nam vì chúng ta có thể vươn lên số một ở lĩnh vực AI, bán dẫn - những công nghệ lõi, mọi quốc gia đều cần, đó là tương lai của Việt Nam'","Thông qua Nghị quyết 57, Chủ tịch FPT Trương Gia Bình tin rằng, Việt Nam có thể vươn lên ở lĩnh vực trí nhân tạo, bán dẫn, những công nghệ lõi mà mọi quốc gia đều cần.","Sáng 13/1, Ban Bí thư Trung ương Đảng tổ chức Hội nghị toàn quốc về đột phá và phát triển khoa học, công nghệ, đổi mới sáng tạo và chuyển đổi số quốc gia.

Hội nghị được tổ chức bằng hình thức trực tiếp từ điểm cầu Trung ương từ điểm cầu Trung ương ở Hội trường Diên Hồng, Nhà Quốc hội; kết hợp trực tuyến đến 15.345 điểm cầu, với 978.532 đại biểu tham dự. Trong khuôn khổ sự kiện, Tập đoàn FPT giới thiệu 1 số hệ thống phục vụ chuyển đổi số quốc gia tại triển lãm Đổi mới sáng tạo về Khoa học Dữ liệu phục vụ Chuyển đổi số quốc gia.﻿

Trong đó, Nghị quyết 57-NQ/TW được Bộ Chính trị ban hành ngày 22/12/2024, nhấn mạnh phát triển khoa học, công nghệ, đổi mới sáng tạo và chuyển đổi số là yếu tố quyết định phát triển của các quốc gia; là điều kiện tiên quyết, thời cơ tốt nhất để nước ta phát triển giàu mạnh, hùng cường trong kỷ nguyên mới.

Gọi Nghị quyết 57 là nghị quyết trụ cột cho kỷ nguyên vươn mình của cả dân tộc, ông Trương Gia Bình , Chủ tịch FPT khẳng định mong muốn được phụng sự đất nước thông qua những lĩnh vực công nghệ quan trọng nhất mà nghị quyết đề cập.

Là Tập đoàn tiên phong trong lĩnh vực công nghệ, FPT sẽ tích cực thực hiện Nghị quyết này bằng các cam kết:

Một là, ﻿tận dụng dữ liệu của Chính phủ để phục vụ người dân và doanh nghiệp trong các lĩnh vực Y tế, Giáo dục, Lao động, Thuế, Ngân hàng và bảo mật.

Đi kèm với đó là cam kết FPT sẽ đóng góp và chia sẻ dữ liệu của mình cho Trung tâm dữ liệu quốc gia.

Cam kết thứ ba là tích cực tham gia vào hoạt động đào tạo nguồn lực số, đẩy mạnh hoạt động giáo dục, đào tạo nguồn nhân lực công nghệ phục vụ chuyển đổi số ở các cấp: phổ thông, đào tạo nghề, đại học, sau đại học, đặc biệt là hoàn thành mục tiêu đào tạo 10.000 kỹ sư bán dẫn trong tương lai.

Cam kết thứ tư là thúc đẩy ngoại giao công nghệ, đồng hành cùng Chính phủ thu hút đầu tư bán dẫn vào Việt Nam, liên kết xuyên biên giới, đa quốc gia. Đưa lĩnh vực xuất khẩu phần mềm, dịch vụ chuyển đổi số của Việt Nam ra thế giới.

Một cam kết khác là xây dựng các trung tâm dữ liệu quy mô lớn, trên 50MW, tại Việt Nam, thông qua liên doanh với các doanh nghiệp lớn trong khu vực và thế giới.

Cam kết thứ sáu là chuyển đổi số toàn quốc - triển khai chuyển đổi số, xây dựng cơ sở dữ liệu quốc gia cho các bộ, ngành, địa phương. ﻿

Cam kết thứ bảy là xây dựng các thành phố thông minh, FPT sẽ tham gia triển khai ít nhất ba thành phố thông minh đạt chuẩn quốc tế.

Cuối cùng, ông Bình cam kết giúp nước nhà làm chủ các công nghệ lõi trong tương lai như trí tuệ nhân tạo, dữ liệu lớn, an ninh mạng, điện toán đám mây, chuỗi khối, bán dẫn, công nghệ lượng tử… thông qua việc đầu tư, nghiên cứu, phát triển, mua bán và sáp nhập các công nghệ mới trên thế giới.

"" Trong mấy chụp năm qua, Việt Nam đã đi ra thế giới về phần mềm, chúng ta cần thế giới. Từ nay, vài thập kỷ tới, thế giới sẽ cần Việt Nam vì chúng ta có thể vươn lên số một ở lĩnh vực trí tuệ nhân tạo, bán dẫn, những công nghệ lõi mà mọi quốc gia đều cần, đó là tương lai của Việt Nam "", ông Bình nhấn mạnh.

Tổng bí thư Tô Lâm cùng các đồng chí lãnh đạo Đảng và Nhà nước, nguyên lãnh đạo Đảng và Nhà nước cùng các đại biểu thăm quan gian hàng của Tập đoàn FPT. Ảnh: Thống Nhất.

Chia sẻ của người đứng đầu FPT cũng đi kèm với dẫn chứng, là hai sản phẩm số tiêu biểu gắn liền với công cuộc chuyển đổi số quốc gia.

Ông Bình cho biết, FPT đã phát triển hệ thống vé tàu bằng căn cước công dân triển khai cho tuyến Metro Bến Thành, TP.HCM. Lần đầu tiên, người dân có thể dùng căn cước quét trực tiếp trên hệ thống soát vé ra vào, mà không cần phải xếp hàng hay mua vé cứng.

Thành tựu này có được là nhờ đề án D06, các công nghệ về thanh toán không tiếp xúc, không tiền mặt tối ưu nhất trên thế giới. Người trên 60 tuổi, người có công cách mạng, các đối tượng ưu đãi đặc biệt có thể sử dụng thuận tiện vì dữ liệu đã ghi nhận.

Bên cạnh đó, thông qua hệ thống, Chính phủ, cơ quan Nhà nước có được các báo cáo tức thời ngay sau khi người dân quét CCCD, mã QR, hay thẻ ngân hàng qua. Hệ thống sẽ thống kế các chỉ số như: lưu lượng người tham gia giao thông, đối tượng tham gia, hình thức vé.... Từ đó, hệ thống góp phần minh bạch hóa số liệu sản lượng của ngành giao thông công cộng, hỗ trợ ra quyết định, dữ liệu có thể được làm giàu liên tục.

Một dẫn chứng khác là hệ thống dữ liệu lớn liên quan đến lịch sử đơn hàng ở FPT Long Châu và những phân tích thông minh với sự góp sức của trí tuệ nhân tạo.

Ông Bình gọi đây là hệ thống giúp ""Nhà nước lo, dân khoẻ"", bởi từ ngày 1/1/2025, công dân Việt Nam đã có thể mua thuốc trực tuyến trên VneID và ngược lại, có thể dùng VneID đăng nhập mua thuốc trên ứng dụng Long Châu.

Với việc liên thông dữ liệu thông tin người dân mua thuốc, FPT giúp cơ quan quản lý tra cứu thông tin về các bệnh phổ biến và các dược chất liên quan theo từng địa phương, tỉnh thành. Từ đó, cơ quan quản lý có thể hoạch định kế hoạch dự phòng, phân bổ nguồn lực y tế liên quan, đặc biệt trong các tình huống thiên tai, địch họa...

Cùng với đó, FPT đã triển khai nhiều chương trình, hoạt động nhằm góp phần thay đổi nhận thức về chuyển đổi số của hàng chục nghìn nhà lãnh đạo, cán bộ chủ chốt, thanh niên tại các tổ chức và các tỉnh thành.",2025-01-15T10:06:56+07:00,2025-01-15T10:06:56,2026-07-29T21:37:51.331072+07:00,CafeF,https://cafef.vn/chu-tich-tap-doan-fpt-tu-nay-the-gioi-se-can-viet-nam-vi-chung-ta-co-the-vuon-len-so-mot-o-linh-vuc-ai-ban-dan-nhung-cong-nghe-loi-moi-quoc-gia-deu-can-do-la-tuong-lai-cua-viet-nam-18825011509513383.chn,https://cafef.vn/chu-tich-tap-doan-fpt-tu-nay-the-gioi-se-can-viet-nam-vi-chung-ta-co-the-vuon-len-so-mot-o-linh-vuc-ai-ban-dan-nhung-cong-nghe-loi-moi-quoc-gia-deu-can-do-la-tuong-lai-cua-viet-nam-18825011509513383.chn,Nhật Hạ,Kinh tế số,https://cafefcdn.com/thumb_w/1200/203337114487263232/2025/1/15/avatar1736909366477-17369093676781179897129.png,vi,GENERAL_NEWS,[],"[""FPT"", ""Tập đoàn FPT""]",9.0,"[""ticker_in_title:+1"", ""alias_in_title:+3"", ""ticker_in_summary:+1"", ""positive_entity:+1"", ""ticker_content:+3""]",20f9ed36cfd556a7fd1ac8935681478a385a5612bcead3e887d7e44d36072c26,1126,accepted
cafef_fpt_20240911_7b8557c9,"[""FPT""]",Công ty Cổ phần FPT,"Chủ tịch FPT Software, Tập đoàn FPT, nhận giải thưởng từ tổ chức CNTT Quốc tế ASOCIO","Ngày 7/11, trong sự kiện ASOCIO DX Summit tại Nhật Bản, Tổ chức Công nghiệp Điện toán Châu Á – Châu Đại Dương (ASOCIO) đã vinh danh bà Chu Thị Thanh Hà, Chủ tịch FPT Software, Tập đoàn FPT, với giải thưởng ""Phụ nữ trong Công nghệ"".","ASOCIO Awards, được khởi xướng từ năm 2003 tại Nhật Bản, hàng năm đánh giá và lựa chọn 100 cá nhân và đơn vị xuất sắc từ hơn 10.000 hồ sơ tham dự, vinh danh những tổ chức áp dụng hiệu quả công nghệ vào các lĩnh vực đời sống và phát triển hệ sinh thái số. Năm 2024, Giải thưởng ASOCIO DX Award được trao cho các cơ quan, tổ chức, doanh nghiệp tại 10 hạng mục bao gồm: Doanh nghiệp Công nghệ xuất sắc; Thành phố thông minh; Chính phủ Số; Giáo dục Số; Y tế Số, An ninh mạng; ESG (môi trường, xã hội, quản lý); Hệ sinh thái và Giải pháp số; Đối tác và Phụ nữ trong Công nghệ (Women in Tech).

Trong đó, hạng mục ""Phụ nữ trong Công nghệ - Women in Tech"" lần đầu tiên được tổ chức, nhằm tôn vinh các nữ lãnh đạo có ảnh hưởng vượt bậc trong ngành CNTT và đóng góp cho cộng đồng. Bà Chu Thị Thanh Hà, Chủ tịch FPT Software, Tập đoàn FPT đã xuất sắc được vinh danh, vượt qua hàng nghìn hồ sơ tham dự.

Ông Brian Shen, Chủ tịch ASOCIO chia sẻ: ""Hội đồng giải thưởng ấn tượng trước vai trò lãnh đạo xuất sắc và những đóng góp của bà Chu Thị Thanh Hà trong việc thúc đẩy công nghệ. Những cống hiến của bà tại FPT minh chứng cho vai trò quan trọng mà công nghệ có thể đảm nhiệm, tạo nên tiêu chuẩn cho các nền kinh tế khác trong khu vực châu Á - Thái Bình Dương.""

Song hành cùng FPT trong gần 30 năm, bà Chu Thị Thanh Hà đã để lại nhiều dấu ấn sâu sắc. Bà được bổ nhiệm làm nữ Chủ tịch đầu tiên của FPT Software, Tập đoàn FPT vào đầu năm 2020, nơi bà đặt con người làm trung tâm, chú trọng phúc lợi nhân viên. Dưới sự dẫn dắt của bà Chu Thị Thanh Hà và cộng sự, FPT đã đạt mốc doanh thu 1 tỷ USD về xuất khẩu phần mềm tại thị trường nước ngoài vào năm 2023, trở thành công ty công nghệ đầu tiên của Việt Nam chinh phục cột mốc này.

Song song với hoạt động tại FPT, bà cũng tích cực tham gia các hoạt động thúc đẩy bình đẳng giới trong ngành công nghệ, truyền cảm hứng để phụ nữ mạnh dạn dấn thân vào lĩnh vực này. Ngoài những chương trình tại FPT, bà là diễn giả tại nhiều sự kiện như Diễn đàn Phụ nữ và Công nghệ do Swinburne Việt Nam, Deloitte Việt Nam tổ chức, hay hoạt động của Hội Liên hiệp Phụ nữ Việt Nam, hướng tới việc đẩy mạnh vai trò của nữ giới trong lĩnh vực công nghệ và kinh doanh.

Bà Quách Liễu Hoàn Giám đốc kinh doanh chiến lược thị trường Nhật Bản, Tập đoàn FPT thay mặt Chủ tịch Chu Thị Thanh Hà nhận giải thưởng tại Nhật Bản ngày 7/11

Với những thành tựu của mình, bà Hà được vinh danh là một trong 50 nữ doanh nhân quyền lực nhất Việt Nam năm 2017 bởi Forbes, và thuộc top 20 nữ quản lý chuyên nghiệp năm 2022. Gần đây, bà là nữ doanh nhân công nghệ châu Á duy nhất nhận giải thưởng Hall of Honor 2024, vinh danh cựu sinh viên xuất sắc của Trường Quản trị Kinh doanh Shidler - Đại học Hawaii.",2024-09-11T13:30:00+07:00,2024-11-09T13:30:00,2026-07-29T21:38:00.103881+07:00,CafeF,https://cafef.vn/chu-tich-fpt-software-tap-doan-fpt-nhan-giai-thuong-tu-to-chuc-cntt-quoc-te-asocio-188241109111657128.chn,https://cafef.vn/chu-tich-fpt-software-tap-doan-fpt-nhan-giai-thuong-tu-to-chuc-cntt-quoc-te-asocio-188241109111657128.chn,Ánh Dương,Doanh nghiệp giới thiệu,https://cafefcdn.com/thumb_w/1200/203337114487263232/2024/11/9/photo1731122877615-17311228782481286537750-1731126595751891244505.png,vi,EARNINGS,"[""EARNINGS_REPORT""]","[""FPT"", ""Tập đoàn FPT""]",13.0,"[""ticker_in_title:+1"", ""alias_in_title:+3"", ""ticker_in_summary:+1"", ""positive_entity:+1"", ""ticker_content:+3"", ""financial_terms:+2"", ""financial_metrics:+2""]",65cec701154d97e307c95f227f789cb63c66a9e7765ddad3f4c5b5be53bfbfe7,583,accepted
cafef_fpt_20240917_9ec99c2d,"[""FPT""]",Công ty Cổ phần FPT,Tập đoàn FPT vượt mốc 80.000 nhân sự tại 30 quốc gia trên toàn cầu,"Đội ngũ nhân sự FPT hiện có độ tuổi trung bình là 28, với gần 80 quốc tịch.","Thông tin từ FPT, Tập đoàn vừa chào đón nhân viên thứ 80.000 của FPT là anh Matsuyama Yutaro, sinh năm 1991 là Tư vấn viên (Consulting) của FPT Japan, từng có thời gian học tập tại Đại học Keio, Khoa Luật - một trong những trường đại học hàng đầu Nhật Bản.

Đồng thời, FPT cũng chào đón thêm 12 nhân sự từ 80.001 đến 80.013 trong các lĩnh vực khác nhau như: Trí tuệ nhân tạo, Bán dẫn, Giáo dục, Nội dung số… Trong đó, nhân sự thứ 80.013 là Phan Trần Minh Uyên - chuyên viên nghiên cứu và phát triển trong lĩnh vực vi mạch bán dẫn tại FPT Semiconductor (Đà Nẵng).

13 nhân sự mới của FPT đã có ngày làm việc đầu tiên ý nghĩa khi được tham gia sự kiện chào đón ấm áp và nhận những phần quà như huy hiệu, áo đồng phục FPT có số thứ tự đặc biệt của các cán bộ mới, sách “Từ tay trắng đến tập đoàn toàn cầu” ghi lại hành trình lịch sử của Tập đoàn.

Ông Nguyễn Văn Khoa – Tổng giám đốc Tập đoàn FPT khẳng định: “Đây là sự kiện đầy ý nghĩa nhân dịp FPT tròn 36 tuổi. FPT luôn đặt con người là trung tâm của mọi hoạt động, chiến lược phát triển của công ty. FPT tự hào với đội ngũ nhân sự đa dạng về màu da, quốc tịch, giới tính, đến từ hơn 30 nền văn hóa trên toàn thế giới. Sự khác biệt của mỗi người FPT không chỉ được tôn trọng mà còn là nguồn cảm hứng giúp FPT không ngừng sáng tạo và phát triển. Chúng tôi đặc biệt chú trọng đến việc đầu tư vào con người thông qua những chương trình đào tạo chuyên sâu, chính sách phúc lợi hấp dẫn, và tạo cơ hội thăng tiến cho nhân viên. Chính những giá trị này đã giúp FPT thu hút và giữ chân được những nhân tài hàng đầu, tạo nên một tập thể vững mạnh, gắn kết với mục tiêu không ngừng vươn tới những tầm cao mới. Tại FPT, chúng tôi mong muốn sẽ cùng cán bộ nhân viên của mình kiến tạo hạnh phúc”.

FPT hiện có hơn 80.013 nhân sự làm việc tại 30 quốc gia trên thế giới. Đội ngũ nhân sự tuổi trung bình 28, trong đó 6.310 nhân sự làm việc trực tiếp tại nước ngoài. Bên cạnh đó, 3.647 nhân sự FPT là người nước ngoài với 78 quốc tịch.

Về tình hình kinh doanh, lũy kế 8 tháng đầu năm 2024, FPT đạt doanh thu đạt 39.664 tỷ đồng, lợi nhuận trước thuế đạt 7.077 tỷ đồng, lần lượt tăng 21% và gần 20% so với cùng kỳ. Tập đoàn kinh doanh ở ba lĩnh vực: Công nghệ - Viễn thông và Giáo dục với nhiều cơ hội phát triển nghề nghiệp cho nhân sự tài năng.

Đặc biệt, trong lĩnh vực công nghệ, FPT tập trung chiến lược vào các lĩnh vực công nghệ xu thế của thế giới là AI, bán dẫn, phần mềm ô tô, chuyển đổi số và chuyển đổi xanh. FPT còn sở hữu hệ sinh thái Made by FPT với hơn 200 sản phẩm, dịch vụ và giải pháp. Đây chính là mảnh đất rộng lớn để nhân sự đam mê công nghệ thể hiện tài năng và bản lĩnh của mình.",2024-09-17T15:01:00+07:00,2024-09-17T15:01:00,2026-07-29T21:38:02.317120+07:00,CafeF,https://cafef.vn/tap-doan-fpt-vuot-moc-80000-nhan-su-tai-30-quoc-gia-tren-toan-cau-188240917150146249.chn,https://cafef.vn/tap-doan-fpt-vuot-moc-80000-nhan-su-tai-30-quoc-gia-tren-toan-cau-188240917150146249.chn,Phương Linh,Thị trường chứng khoán,https://cafefcdn.com/thumb_w/1200/203337114487263232/2024/9/17/avatar1726560045445-1726560045550187127368.jpg,vi,EARNINGS,"[""EARNINGS_REPORT""]","[""FPT"", ""Tập đoàn FPT""]",13.0,"[""ticker_in_title:+1"", ""alias_in_title:+3"", ""ticker_in_summary:+1"", ""positive_entity:+1"", ""ticker_content:+3"", ""financial_terms:+2"", ""financial_metrics:+2""]",edba5f6caee74ff77e075e95dd7e0dc86d307c7e1a3bee73911cb357a2aaccc2,581,accepted
cafef_fpt_20240825_fc98e42c,"[""FPT""]",Công ty Cổ phần FPT,Tập đoàn FPT muốn xin đất tại một tỉnh để xây dựng hệ thống chưa từng có ở Việt Nam,Đây sẽ là hệ thống duy nhất ở Việt Nam.,"Vào ngày 20/8 vừa qua, ông Nguyễn Hoàng Giang, Chủ tịch UBND tỉnh Quảng Ngãi, đã chủ trì buổi làm việc với lãnh đạo Tập đoàn FPT và các công ty thành viên có trong hệ sinh thái liên quan đến những đề xuất đầu tư của doanh nghiệp ở Quảng Ngãi.

Tại buổi làm việc, ông Nguyễn Văn Khoa, Tổng giám đốc Tập đoàn FPT, bày tỏ mong muốn được đầu tư xây dựng Hệ thống phổ thông liên cấp chất lượng cao và giáo dục nghề nghiệp FPT ở tỉnh Quảng Ngãi.

Tổng giám đốc Tập đoàn FPT Nguyễn Văn Khoa phát biểu tại buổi làm việc với UBND tỉnh Quảng Ngãi. Ảnh: FPT

Trước đó, trong Công văn gửi đến UBND tỉnh Quảng Ngãi, FPT mong muốn tỉnh giới thiệu cho khu đất có diện tích từ 1 – 3 ha, với giao thông thuận tiện và đã được quy hoạch cho giáo dục, nhằm xây dựng Trường phổ thông liên cấp chất lượng cao FPT ở tỉnh. Dự kiến, ngôi trường này sẽ bao gồm cả 3 cấp học, áp dụng chương trình đào tạo eco-system. Đây là hệ thống giáo dục xuyên suốt từ bậc Tiểu học đến THPT và dạy nghề, duy nhất ở Việt Nam.

Bên cạnh đó, Tập đoàn mong muốn được UBND tỉnh Quảng Ngãi giới thiệu địa điểm để mở cơ sở đào tạo của Trường Cao đẳng FPT Polytechnic trên địa bàn tỉnh. Cơ sở này có các chương trình đào tạo chính, bao gồm Cao đẳng chính quy, Phổ thông Cao đẳng (9+) và Cao đẳng liên kết quốc tế.

Trường Cao đẳng FPT Polytechnic dự kiến sẽ cung cấp 17 chuyên ngành và chia làm 6 nhóm chính như: Công nghệ thông tin; Công nghệ kỹ thuật Cơ khí; Quản trị kinh doanh; Thiết kế đồ họa; Công nghệ kỹ thuật điều khiển và Tự động hóa; Hướng dẫn du lịch.

Không chỉ dừng lại ở việc đầu tư vào giáo dục, với thế mạnh là một trong những tập đoàn công nghệ thông tin hàng đầu ở Việt Nam, FPT còn mong muốn hỗ trợ tỉnh Quảng Ngãi trong lĩnh vực chuyển đổi số. FPT cam kết sẽ cung cấp nguồn nhân lực và những sản phẩm trong hệ sinh thái công nghệ của tập đoàn nhằm thúc đẩy quá trình chuyển đổi số ở địa phương.

Chủ tịch UBND tỉnh Nguyễn Hoàng Giang hoan nghênh các đề xuất đầu tư cảu Tập đoàn FPT. Ảnh: FPT

Về các đề xuất đầu tư của Tập đoàn FPT, Chủ tịch UBND tỉnh Quảng Ngãi khẳng định rằng, việc đầu tư cơ sở đào tạo chất lượng cao gắn với giải quyết việc làm là một xu thế đúng đắn. Việc này cũng phù hợp với định hướng và nhu cầu của tỉnh trong việc thu hút nguồn lực đầu tư vào lĩnh vực giáo dục và dạy nghề.

Theo đó, Chủ tịch UBND tỉnh Quảng Ngãi giao Sở Kế hoạch và Đầu tư chủ trì, phối hợp với Sở Giáo dục và Đào tạo cùng với các sở, ngành liên quan tiến hành khẩn trương rà soát quy hoạch; đồng thời căn cứ vào các quy định hiện hành trong lĩnh vực đầu tư – xây dựng để cung cấp thông tin và giới thiệu địa điểm đầu tư cho Tập đoàn FPT.

Đặc biệt, về lĩnh vực chuyển đổi số, Chủ tịch UBND tỉnh Quảng Ngãi yêu cầu Sở Thông tin và Truyền thông chủ trì phối hợp với các đơn vị liên quan để cung cấp thông tin và tham mưu cho UBND tỉnh xem xét và giải quyết các đề nghị của FPT.

FPT đầu tư mạnh cho giáo dục

Phối cảnh tổ hợp giáo dục ở Huế của FPT Education. Ảnh: FPT Edu

Ngoài Quảng Ngãi, trong thời gian gần đây, Tập đoàn FPT đã có buổi làm việc và đề xuất xây dựng tổ hợp giáo dục với quy mô lớn ở một số tỉnh thành. Cụ thể, vào tháng 4/2024, Hệ thống giáo dục FPT được chấp thuận là nhà đầu tư dự án tổ hợp giáo dục trường phổ thông liên cấp và giáo dục nghề nghiệp tọa lạc ở khu đô thị mới An Vân Dương, xã Thủy Thanh, thị xã Hương Thủy, tỉnh Thừa Thiên Huế. Dự án này có số vốn đăng ký 432,66 tỷ đồng.

Tổ hợp giáo dục của FPT tại Huế bao gồm trường phổ thông liên cấp: Tiểu học, trung học cơ sở, trung học phổ thông; giáo dục nghề nghiệp và cao đẳng thực hành, sẽ bắt đầu được thi công trong năm 2024 và dự kiến đưa vào hoạt động ngay trong nửa đầu năm 2025. Sau khi hoàn thành, công trình này có thể đáp ứng nhu cầu học tập của khoảng 20.000 học sinh, sinh viên và tạo ra khoảng 600 việc làm cho các nhân sự tại địa phương.

Phối cảnh tổ hợp có thể đáp ứng nhu cầu học tập của gần 20.000 người. Ảnh: FPT Edu

Hay gần đây nhất, vào chiều 10/6, Tập đoàn FPT đề xuất UBND tỉnh Hải Dương cho phép xây dựng Tổ hợp giáo dục FPT, với quy mô từ 5 - 10 ha và được áp dụng ưu đãi chính sách 100% xã hội hóa cho giáo dục. Tập đoàn cũng bày tỏ sẽ hỗ trợ tỉnh xây dựng kế hoạch chuyển đổi số năm 2025, thực hiện các giải pháp về an toàn, an ninh thông tin; triển khai các mô hình của đề án 06: FPT.Kiosk thông minh, Khảo thí online và nền tảng xác thực căn cước công dân gắn chip FPT.IDCheck.",2024-08-25T10:00:00+07:00,2024-08-25T10:00:00,2026-07-29T21:38:05.259172+07:00,CafeF,https://cafef.vn/tap-doan-fpt-muon-xin-dat-tai-mot-tinh-de-xay-dung-he-thong-chua-tung-co-o-viet-nam-188240825083856397.chn,https://cafef.vn/tap-doan-fpt-muon-xin-dat-tai-mot-tinh-de-xay-dung-he-thong-chua-tung-co-o-viet-nam-188240825083856397.chn,Theo Minh Hằng,Kinh tế số,https://cafefcdn.com/thumb_w/1200/203337114487263232/2024/8/25/avatar1724549869340-1724549869830575099175.jpg,vi,GENERAL_NEWS,[],"[""FPT"", ""Tập đoàn FPT""]",12.0,"[""ticker_in_title:+1"", ""alias_in_title:+3"", ""positive_entity:+1"", ""ticker_content:+3"", ""financial_terms:+2"", ""financial_metrics:+2""]",2be2d95af0602aa19232ad5c5e5621f2d5bcfffd2aa16752854bcd294d683e8d,961,accepted
cafef_fpt_20240313_a5b65637,"[""FPT""]",Công ty Cổ phần FPT,Tổng Giám đốc FPT Software được bổ nhiệm làm Phó Tổng Giám đốc Tập đoàn FPT,Ông Tuấn gia nhập FPT năm 1996 và từng giữ nhiều vị trí lãnh đạo quan trọng tại các công ty thành viên của FPT.,"Tập đoàn FPT vừa quyết định bổ nhiệm ông Phạm Minh Tuấn giữ vị trí Phó Tổng Giám đốc FPT từ ngày 13/3. Ông Tuấn đồng thời tiếp tục kiêm nhiệm vai trò Tổng Giám đốc FPT Software - công ty thành viên chủ chốt của FPT trong khối công nghệ.

Việc bổ nhiệm nằm trong chương trình Quy hoạch cán bộ và luân chuyển lãnh đạo, nhằm nâng cao năng lực điều hành và tạo trải nghiệm đa dạng cho các lãnh đạo cấp cao trong Tập đoàn FPT. Tân Phó Tổng giám đốc có nhiệm vụ thúc đẩy hoạt động kinh doanh trên toàn cầu của các đơn vị thành viên, các hướng kinh doanh chiến lược của Tập đoàn FPT như Cloud, AI, chíp bán dẫn, công nghệ phần mềm ô tô, quản trị hạ tầng (IMS), chuyển đổi xanh trong bối cảnh có nhiều cơ hội phát triển mạnh mẽ.

Ông Phạm Minh Tuấn sinh năm 1974, tốt nghiệp Đại học Bách Khoa TP. HCM chuyên ngành Khoa học máy tính và gia nhập FPT năm 1996. Ông Tuấn gia nhập FPT năm 1996 và từng giữ nhiều vị trí lãnh đạo quan trọng tại các công ty thành viên của FPT.

Ông đảm nhiệm vị trí Tổng Giám đốc Công ty TNHH Hệ thống thông tin FPT (2014-2018) và thúc đẩy việc phát triển thành công các giải pháp mới về chính phủ số, giao thông thông minh, y tế thông minh, vé tàu điện tử, thu phí không dừng… mở ra một giai đoạn kinh doanh mới của các sản phẩm, giải pháp Made by FPT.

Trước đó, ông Tuấn làm Tổng Giám đốc Công ty Giải pháp công nghệ FPT (2012-2014); Giám đốc điều hành FPT Software TP. HCM (2004 - 2011), Phó Tổng Giám đốc FPT Software (2005 - 2011)... Từ năm 2002 đến 2010, ông có nhiều đóng góp vào việc FPT Software trở thành công ty xuất khẩu phần mềm toàn cầu có mặt tại Nhật Bản, Singapore, Malaysia, Mỹ và Châu Âu. Ông là một trong những lãnh đạo đầu tiên thực hiện nhiệm vụ Toàn cầu hóa của Tập đoàn và giữ chức Giám đốc Công nghệ FPT tại Ấn Độ năm 1999.

Ông Phạm Minh Tuấn giữ vị trí Phó Tổng Giám đốc FPT từ ngày 13/3

Ông Phạm Minh Tuấn đã cùng Chủ tịch và các lãnh đạo đưa FPT Software lần đầu tiên đạt doanh thu 1 tỷ USD từ thị trường nước ngoài và gia nhập hàng ngũ các các công ty dịch vụ CNTT đẳng cấp trên toàn cầu trong năm 2023. Trong 6 năm đảm nhiệm vị trí Tổng Giám đốc FPT Software (từ tháng 3/2018), ông đã có đóng góp quan trọng trong việc giúp công ty tăng trưởng 3,7 lần ngay cả khi phải đương đầu với Covid - 19; phát triển tập khách hàng triệu đô chiếm tới 80% doanh số; xây dựng nguồn nhân lực tinh nhuệ ở nhiều quốc gia; chỉ đạo M&A thành công tại Mỹ và Nhật.

Cũng nằm trong chương trình Quy hoạch cán bộ và luân chuyển lãnh đạo, ông Hoàng Việt Anh sẽ không tiếp tục nắm giữ vị trí Phó Tổng Giám đốc FPT phụ trách Chuyển đổi số và công nghệ sau khi kết thúc 2 nhiệm kỳ (2018-2024) để tập trung vào vị trí Chủ tịch của 2 đơn vị chiến lược: Công ty CP Viễn thông FPT (FPT Telecom) và Công ty TNHH FPT Digital.

Trong 2 nhiệm kỳ giữ chức vụ Phó Tổng Giám đốc phụ trách Chuyển đổi số và công nghệ (2018-2024), ông Hoàng Việt Anh đã thành công trong việc kiến tạo nền móng, xây dựng hệ thống Chuyển đổi số trong toàn Tập đoàn. Với sự chỉ đạo của ông Việt Anh, hơn 100 dự án chuyển đổi số nội bộ đã được triển khai, góp phần giúp công tác ra quyết định của Tập đoàn kịp thời theo thời gian thực; hoạt động quản trị thông suốt, minh bạch; tối ưu trải nghiệm nhân viên và khách hàng; tiết kiệm chi phí vận hành và tạo ra hướng kinh doanh mới. Riêng trong năm ngoái, 42 dự án chuyển đổi số trong nội bộ đã giúp Tập đoàn tiết kiệm 617 tỷ đồng. Sự thành công của các dự án chuyển đổi số nội bộ đã giúp FPT nhân rộng và triển khai thành công nhiều dự án chuyển đổi số cho các tổ chức, doanh nghiệp đa dạng quy mô, lĩnh vực.

Ông Hoàng Việt Anh

Ông Hoàng Việt Anh hiện đảm nhiệm vị trí Chủ tịch 2 đơn vị chiến lược của FPT là FPT Telecom (từ tháng 4/2023) và Công ty TNHH FPT Digital (từ tháng 2/2021). Trước đó, ông từng đảm nhiệm nhiều vị trí quan trọng như Tổng Giám đốc FPT Telecom (2018-2023), Tổng Giám đốc FPT Software (từ 2015-2018), Phó Tổng Giám đốc điều hành FPT Software (tháng 4/2015 - tháng 7/2015), Giám đốc đơn vị phần mềm chiến lược số 1 thuộc FPT Software (2012-2015), Giám đốc FPT châu Á - Thái Bình Dương (2007-2012). Ông Việt Anh là người có năng lực quản trị, gắn kết đội ngũ mạnh mẽ. Sinh năm 1975, ông Hoàng Việt Anh gia nhập FPT năm 1993 từ khi là sinh viên ĐH Bách khoa Hà Nội.",2024-03-13T09:54:00+07:00,2024-03-13T09:54:00,2026-07-29T21:38:07.180554+07:00,CafeF,https://cafef.vn/tong-giam-doc-fpt-software-duoc-bo-nhiem-lam-pho-tong-giam-doc-tap-doan-fpt-188240313095202321.chn,https://cafef.vn/tong-giam-doc-fpt-software-duoc-bo-nhiem-lam-pho-tong-giam-doc-tap-doan-fpt-188240313095202321.chn,Mai Chi,Thị trường chứng khoán,https://cafefcdn.com/thumb_w/1200/203337114487263232/2024/3/13/importedphoto1710299205516-1710299356137688721171-115-0-607-787-crop-1710299365463955534220.jpg,vi,EARNINGS,"[""EARNINGS_REPORT""]","[""FPT"", ""Tập đoàn FPT""]",13.0,"[""ticker_in_title:+1"", ""alias_in_title:+3"", ""ticker_in_summary:+1"", ""positive_entity:+1"", ""ticker_content:+3"", ""financial_terms:+2"", ""financial_metrics:+2""]",7e906687d75325447b841463a81b851606a18d30fef9767a5b0a18def373b080,909,accepted
cafef_fpt_20240229_89377746,"[""FPT""]",Công ty Cổ phần FPT,Tập đoàn FPT vừa làm được việc chưa từng có trong lịch sử từ một trung tâm AI ở Quy Nhơn,FPT đầu tư hơn 4.300 tỷ đồng để xây dựng Trung tâm trí tuệ nhân tạo tại Quy Nhơn và mong muốn đưa địa phương này trở thành trung tâm AI của Đông Nam Á. Trung tâm này chính là nơi đem lại hợp đồng triệu USD đầu tiên về AI cho FPT.,"Theo thông tin từ trang tin nội bộ của Tập đoàn FPT mới đây, Trung tâm nghiên cứu và ứng dụng trí tuệ nhân tạo Quy Nhơn (QAI - FPT Software) vừa đạt được hợp đồng trọn gói trị giá 1,2 triệu USD với khách hàng là một nhà cung cấp các sản phẩm và vật liệu kết cấu xây dựng nhà ở hàng đầu của Mỹ.

Đây là hợp đồng triệu USD đầu tiên trong lĩnh vực trí tuệ nhân tạo (AI) tại FPT, sau khoảng 10 tháng làm việc với khách hàng (từ tháng 5/2023).

"" Để có được dự án AI là vô cùng khó khăn "", Giám đốc QAI Vũ Hồng Chiên cho biết. Theo vị lãnh đạo này, mặc dù AI và khoa học dữ liệu đang phát triển mạnh mẽ, hiện vẫn khá ít công ty dám đầu tư mạnh tay để phát triển các giải pháp AI và ứng dụng thực tế vào sản xuất.

Từ năm 2013, khi AI còn là một khái niệm khá mới mẻ tại Việt Nam, FPT đã dồn nhiều nguồn lực cho lĩnh vực này. Tập đoàn đã mạnh tay chi 100 tỷ đồng mỗi năm để nghiên cứu và phát triển các ứng dụng AI, tới năm 2021 công bố đầu tư thêm 300 tỷ đồng cho mảng này trong 5 năm tới.

Năm 2020, FPT thành lập FPT Smart Cloud – công ty chuyên cung cấp các giải pháp ứng dụng AI và điện toán đám mây. Đây cũng là năm mà Tập đoàn quyết định xây dựng trung tâm AI tại Quy Nhơn với quy mô khoảng 94 ha, tổng mức đầu tư hơn 4.362 tỷ đồng. Mục tiêu của FPT là đưa Quy Nhơn trở thành trung tâm AI của khu vực Đông Nam Á.

Dự án Trung tâm trí tuệ nhân tạo - Đô thị phụ trợ tại Quy Nhơn. Ảnh: binhdinh.gov.vn.

Kể từ khi thành lập vào năm 2020, QAI đi từ những dự án 100.000 USD đến 300.000 USD, 500.000 USD. Giờ đây, con số này đã được nâng lên hơn 1 triệu USD.",2024-02-29T14:13:00+07:00,2024-02-29T14:13:00,2026-07-29T21:38:11.370080+07:00,CafeF,https://cafef.vn/tap-doan-fpt-vua-lam-duoc-viec-chua-tung-co-trong-lich-su-tu-mot-trung-tam-ai-o-quy-nhon-188240229141312626.chn,https://cafef.vn/tap-doan-fpt-vua-lam-duoc-viec-chua-tung-co-trong-lich-su-tu-mot-trung-tam-ai-o-quy-nhon-188240229141312626.chn,Theo Minh Anh,Thị trường chứng khoán,https://cafefcdn.com/thumb_w/1200/203337114487263232/2024/2/29/avatar1709190743754-1709190744073814723883.jpg,vi,GENERAL_NEWS,[],"[""FPT"", ""Tập đoàn FPT""]",11.0,"[""ticker_in_title:+1"", ""alias_in_title:+3"", ""ticker_in_summary:+1"", ""positive_entity:+1"", ""ticker_content:+3"", ""financial_metrics:+2""]",ac0059bc9e942fce33774ab981aaf8e17ea261adc897b449dc4db8008763142a,357,accepted
cafef_fpt_20231028_3936961d,"[""FPT""]",Công ty Cổ phần FPT,Lễ ký kết hợp tác giữa Tập đoàn TTC và Tập đoàn FPT,"Chiều ngày 27/10/2023, FPT - Tập đoàn công nghệ hoạt động tại 30 quốc gia trên toàn cầu và TTC - Tập đoàn đầu tư đa ngành với gần 5 thập kỷ hình thành và phát triển, đã ký kết thỏa thuận hợp tác.","Sự kiện này là dấu mốc khởi đầu để hai Tập đoàn cùng song hành dựa trên thế mạnh mỗi bên, mang đến cơ hội sử dụng sản phẩm dịch vụ trong hệ sinh thái 2 doanh nghiệp cho khách hàng, đối tác, người dân.

Theo nội dung ký kết, TTC và FPT sẽ hợp tác kinh doanh dựa trên mối quan hệ đồng hành, lâu dài nhằm cộng hưởng thương hiệu, năng lực sẵn có của hai bên. Đặc biệt, sự kiện này còn mang ý nghĩa quan trọng đối với Tập đoàn TTC trong tiến trình thực hiện chiến lược phát triển 5 năm 2021 - 2025, tầm nhìn 2030.

Lễ ký kết đánh dấu một bước phát triển mới trong quan hệ đối tác giữa TTC và FPT, đem đến nhiều cơ hội cho hai doanh nghiệp, góp phần thúc đẩy sự tăng trưởng và phát triển bền vững

Cụ thể, Tập đoàn TTC cam kết sẽ dành quyền ưu tiên cho Tập đoàn FPT được áp dụng chính sách ưu đãi đối với các sản phẩm/dịch vụ do TTC phát triển, hợp tác đầu tư, phân phối độc quyền. Cụ thể là các sản phẩm, dịch vụ thuộc các ngành nghề tiêu biểu, bao gồm: (1) Nông nghiệp; (2) Bất động sản nghỉ dưỡng; (3) Bất động sản du lịch; (4) Bất động sản Công nghiệp; (5) Du lịch; (6) Nhóm sản phẩm đường cát, mật rỉ, cồn và dịch vụ logistics; (7) Điện năng lượng mặt trời; (8) Xây dựng - công nghiệp, dân dụng và hạ tầng; (9) Dịch vụ cho thuê văn phòng và trung tâm thương mại; (10) Các sản phẩm tiêu dùng; (11) Giáo dục; (12) Dịch vụ chăm sóc sức khỏe; (13) Dịch vụ chăm sóc sắc đẹp; Cùng nhiều chính sách ưu đãi khác của Tập đoàn TTC và các Công ty thành viên trực thuộc Tập đoàn.

Ngược lại, Tập đoàn FPT cam kết sẽ ưu tiên cho Tập đoàn TTC cơ hội hợp tác, phát triển và sử dụng sản phẩm, dịch vụ trong hệ sinh thái của FPT cũng như phân phối một số sản phẩm dịch vụ do FPT phát triển, hợp tác đầu tư.

Bà Huỳnh Bích Ngọc - Phó Chủ tịch Thường trực, Tổng Giám đốc Tập đoàn TTC giới thiệu các sản phẩm - dịch vụ của TTC đến đối tác

Cụ thể, TTC sẽ được áp dụng các chính sách ưu đãi đối với các sản phẩm, dịch vụ của FPT như: (1) Dịch vụ tư vấn chuyển đổi số; (2) Dịch vụ điện toán đám mây; (3) Dịch vụ AI trên nền tảng FPT AI; (4) Sản phẩm, giải pháp phần mềm hỗ trợ mô hình kinh doanh và vận hành, quản trị của doanh nghiệp; (5) Dịch vụ viễn thông, Internet, truyền hình, camera…; (6) Mua hàng trên nền tảng thương mại điện tử Sendo Farm; (7) Sản phẩm công nghệ tại hệ thống cửa hàng liên kết của FPT - FPT Shop…

Theo ông Đặng Hồng Anh, việc ký kết này không chỉ đơn thuần là giữa hai Tập đoàn, mà còn ý nghĩa hơn khi TTC và FPT đều là các doanh nghiệp trực thuộc Hội Doanh nhân trẻ Việt Nam

Phát biểu tại buổi lễ, ông Đặng Hồng Anh - Chủ tịch Hội Doanh nhân trẻ Việt Nam, Phó Chủ tịch Tập đoàn TTC đánh giá cao những giá trị mà Tập đoàn FPT đã mang lại cho cộng đồng - xã hội trong 35 năm hình thành và phát triển, với gần 70.000 cán bộ nhân viên. Ông mong muốn thông qua việc ký kết sẽ có nhiều sản phẩm, dịch vụ chất lượng cao với mức giá ưu đãi dành cho khách hàng của các bên và cho chính đội ngũ cán bộ nhân viên tại từng đơn vị.

""Sau buổi ký kết hôm nay, TTC và FPT sẽ chi tiết hóa nội dung để hai bên thực sự sử dụng sản phẩm của nhau, hiệu quả trong từng lĩnh vực. Việc ký kết này không chỉ đơn thuần là giữa hai Tập đoàn, mà còn ý nghĩa hơn khi chúng tôi đều là các doanh nghiệp trực thuộc Hội Doanh nhân trẻ Việt Nam. Đây sẽ là sự lan tỏa ý nghĩa cho hơn 18.000 hội viên sử dụng sản phẩm, dịch vụ chéo của nhau. Điều này không chỉ tạo giá trị kinh tế, mà còn tạo giá trị cộng đồng, sự kết nối giữa các hội viên. Tôi tin rằng tinh thần này sẽ được phát huy một cách hiệu quả nhất"", ông Đặng Hồng Anh cho biết.

Cũng trong buổi lễ, ông Nguyễn Văn Khoa - Tổng Giám đốc Tập đoàn FPT chia sẻ: ""Tôi hy vọng hợp tác ngày hôm nay sẽ mang lại nhiều lợi ích thiết thực, không chỉ cho TTC, FPT mà quan trọng hơn, mang đến cơ hội sử dụng những sản phẩm dịch vụ trong hệ sinh thái toàn diện của TTC, FPT cho các đối tác, khách hàng của hai bên và người dân Việt Nam, vì một cuộc sống hạnh phúc hơn.""

Ông Nguyễn Văn Khoa - Tổng Giám đốc Tập đoàn FPT phát biểu tại sự kiện

Lễ ký kết đánh dấu một bước phát triển mới trong quan hệ đối tác giữa TTC và FPT, đem đến nhiều cơ hội cho hai doanh nghiệp, góp phần thúc đẩy sự tăng trưởng và phát triển bền vững. Sự kiện còn chính thức mở đầu cho chuỗi hoạt động ký kết của TTC, được tiếp nối thành công từ chương trình Công bố chính sách ưu đãi dành cho các đối tác với chủ đề ""Hợp tác cùng phát triển"" được TTC tổ chức vào tháng 7/2023 vừa qua.",2023-10-28T13:30:00+07:00,2023-10-28T13:30:00,2026-07-29T21:38:14.358119+07:00,CafeF,https://cafef.vn/le-ky-ket-hop-tac-giua-tap-doan-ttc-va-tap-doan-fpt-188231028125905651.chn,https://cafef.vn/le-ky-ket-hop-tac-giua-tap-doan-ttc-va-tap-doan-fpt-188231028125905651.chn,Ánh Dương,Doanh nghiệp,https://cafefcdn.com/thumb_w/1200/203337114487263232/2023/10/28/photo1698461662882-16984616629952006335904-1698472748257508431142.jpg,vi,GENERAL_NEWS,[],"[""FPT"", ""Tập đoàn FPT""]",11.0,"[""ticker_in_title:+1"", ""alias_in_title:+3"", ""ticker_in_summary:+1"", ""positive_entity:+1"", ""ticker_content:+3"", ""financial_terms:+2""]",7212b3d0b900b0d8c88948d321d570860e74c98dca0c4cbb62bab18e71a9af49,962,accepted
cafef_fpt_20230927_7caec72f,"[""FPT""]",Công ty Cổ phần FPT,"Lãnh đạo Tập đoàn FPT và Ecopark chia sẻ ""Tư duy lãnh đạo đột phá""","Lãnh đạo cần làm gì để doanh nghiệp phát triển vững vàng trong kỷ nguyên chuyển đổi số? Làm thế nào để doanh nghiệp bắt kịp với những xu hướng mới trên thị trường? Lời giải sẽ có trong hội thảo ""Tư duy lãnh đạo đột phá"" diễn ra ngày 03/10 tới đây tại Hà Nội, với chia sẻ của các lãnh đạo Tập đoàn FPT và Tập đoàn Ecopark.","Chuyển đổi số thách thức vai trò nhà lãnh đạo

Theo Gartner, công ty nghiên cứu và tư vấn công nghệ thông tin hàng đầu thế giới, các dự án chuyển đổi số đang là ưu tiên của rất nhiều doanh nghiệp. Trong đó, 87% nhà lãnh đạo cho rằng số hoá quy trình là ưu tiên hàng đầu, 40% các tổ chức đã và đang triển khai rộng rãi các hoạt động nhằm số hoá quy trình kinh doanh, quy trình quản trị và 91% lãnh đạo doanh nghiệp đã bắt đầu hoạt động số hoá trong từng phạm vi nhất định.

Tuy nhiên, chuyển đổi số không phải là ""cuộc chơi"" dễ dàng với nhiều doanh nghiệp. Một trong những thách thức mà doanh nghiệp cần đối mặt là sự thay đổi nhanh chóng của thị trường và sự ra đời các công nghệ mới. Trong khi số ít doanh nghiệp có thể làm chủ công nghệ, áp dụng vào việc đưa ra các quyết định kinh doanh, thì nhiều doanh nghiệp vẫn còn loay hoay trong việc tìm cách vận dụng có hiệu quả chuyển đổi số vào quản trị và vận hành.

Là ""cánh chim đầu đàn"", vai trò của lãnh đạo trong quá trình chuyển đổi số doanh nghiệp là quan trọng hơn bao giờ hết. Để doanh nghiệp không đi theo lối mòn, người lãnh đạo giỏi cần có tầm nhìn chiến lược dài hạn, khả năng nhận diện cơ hội và thách thức trong thời đại đầy biến động. Cùng với đó là khả năng thích ứng linh hoạt để nhanh chóng thích nghi và nắm bắt kịp thời các thay đổi không ngừng của thị trường. Cuối cùng là năng lực lan tỏa để nhân viên hiểu, sẵn sàng ủng hộ quá trình thay đổi của doanh nghiệp, đồng thời thúc đẩy họ tham gia vào quá trình đổi mới sáng tạo để tạo nên thành công đột phá.

Lời giải cho bài toán quản trị trong kỷ nguyên số

Với chủ đề ""Tư duy lãnh đạo đột phá"", hội thảo được Viện Quản trị & Công nghệ FSB tổ chức vào ngày 03/10 sẽ mang đến cho nhà lãnh đạo cái nhìn tổng thể về kỹ năng quản trị, lãnh đạo trong kỷ nguyên số. Đồng thời chỉ ra cơ hội cũng như thách thức cần phải vượt qua trong quá trình đổi mới tư duy lãnh đạo để tạo đột phá trong vận hành doanh nghiệp.

Hội thảo có sự tham gia của hai khách mời đặc biệt: diễn giả Nguyễn Văn Khoa - Tổng Giám đốc Tập đoàn FPT và diễn giả Trần Quốc Việt - Tổng Giám đốc Tập đoàn Ecopark.

Ông Nguyễn Văn Khoa là Tổng Giám đốc Tập đoàn FPT từ năm 2019, với tầm nhìn mới mẻ, sự quyết liệt và đề cao sáng tạo, kỷ luật, ông đã dẫn dắt FPT và các công ty thành viên liên tục tăng trưởng, khẳng định vị thế công ty chuyển đổi số hàng đầu. Trong 3 năm qua, vượt qua những tác động bất định của địa chính trị và thiên tai, dịch bệnh, FPT vẫn duy trì tăng trưởng bền vững hai chữ số. Tăng trưởng kép hàng năm (CAGR) doanh thu, lợi nhuận trước thuế của Tập đoàn trong 3 năm 2020 - 2022, đạt con số lần lượt là 14% và 13%. Tỷ suất lợi nhuận/vốn chủ sở hữu (ROE) luôn đạt trên 25%. Đặc biệt, trong năm 2023, giá trị vốn hóa của FPT đã vượt con số 5 tỷ USD (tương đương 122.933 tỷ đồng, tính tại thời điểm 6/9/2023). Ông hiện là Chủ tịch Hiệp hội Phần mềm và Dịch vụ CNTT Việt Nam, Phó Chủ tịch Hội Doanh nhân trẻ Việt Nam, thành viên Hiệp hội Internet Việt Nam, Hiệp hội truyền hình cáp Việt Nam, Ủy viên Ban chấp hành Hội tin học TP.HCM, Phó Chủ tịch ASOCIO nhiệm kỳ 2023 – 2024.

Hội thảo còn có sự tham gia của ông Trần Quốc Việt – Tổng Giám đốc Tập đoàn Ecopark - tập đoàn đầu tư và phát triển đô thị chuyên nghiệp theo xu hướng Bất động sản Xanh. Đồng thời ông còn là Tiến sĩ chuyên ngành kinh doanh và quản lý, với hơn 25 năm kinh nghiệm lãnh đạo, điều hành công ty trong nước và nước ngoài ở những vị trí then chốt. Ông đồng thời đảm nhiệm các vai trò Phó chủ tịch hội Marketing Việt Nam; Viện trưởng Viện nghiên cứu và ứng dụng quản trị doanh nghiệp; Chuyên gia nghiên cứu và tư vấn chiến lược, quản trị kinh doanh.

Với các diễn giả nhiều kinh nghiệm lãnh đạo trong các doanh nghiệp dẫn đầu về chuyển đổi số, hội thảo hứa hẹn sẽ mang đến những chia sẻ hữu ích, là cơ hội để các lãnh đạo, chủ doanh nghiệp, nhà quản lý và khách mời được gặp gỡ, thảo luận, đưa ra những giải pháp tối ưu chiến lược điều hành doanh nghiệp bên cạnh việc ứng dụng công nghệ để ứng phó với những biến động bất ngờ.

Hội thảo ""Tư duy lãnh đạo đột phá"" diễn ra từ 18h30 đến 21h00, ngày 03/10/2023 tại Hội trường G215 Tầng 2, Đại học Greenwich Việt Nam, Số 2 Phạm Văn Bạch, Cầu Giấy, Hà Nội.

Đăng ký tham gia tại: https://forms.gle/Atsms7oA8Hwo1cQJ7

Viện Quản trị & Công nghệ FSB, Đại học FPT đã có hơn 20 năm kinh nghiệm tư vấn và đào tạo quản trị, với hơn 10.000 cựu học viên là các nhà lãnh đạo đang nắm giữ những trọng trách cao tại các tổ chức, doanh nghiệp Việt Nam. FSB được xếp hạng Top 3 Trường đào tạo kinh doanh tốt nhất Việt Nam theo xếp hạng của Eduniversal và Top 25 chương trình MBA tốt nhất Đông Á. FSB hiện triển khai đào tạo MBA tại 4 thành phố Hà Nội, TP HCM, Đà Nẵng và Cần Thơ.

Thông tin chi tiết: https://caohoc.fpt.edu.vn/fsb/semba/ ; Hotline: 0932 939 981.",2023-09-27T17:30:00+07:00,2023-09-27T17:30:00,2026-07-29T21:38:16.555411+07:00,CafeF,https://cafef.vn/lanh-dao-tap-doan-fpt-va-ecopark-chia-se-tu-duy-lanh-dao-dot-pha-188230927154357174.chn,https://cafef.vn/lanh-dao-tap-doan-fpt-va-ecopark-chia-se-tu-duy-lanh-dao-dot-pha-188230927154357174.chn,Ánh Dương,Doanh nghiệp giới thiệu,https://cafefcdn.com/thumb_w/1200/203337114487263232/2023/9/27/photo1695798189547-1695798189652924582973-1695804238745204516856.png,vi,EARNINGS,"[""EARNINGS_REPORT""]","[""FPT"", ""Tập đoàn FPT""]",13.0,"[""ticker_in_title:+1"", ""alias_in_title:+3"", ""ticker_in_summary:+1"", ""positive_entity:+1"", ""ticker_content:+3"", ""financial_terms:+2"", ""financial_metrics:+2""]",d4c2547456be57435e4b15c43eac9cce047c1292c8cb35c95e5fab2356e8e7b6,1022,accepted
cafef_fpt_20230817_5bad04c2,"[""FPT""]",Công ty Cổ phần FPT,Tập đoàn T&T Group hợp tác chiến lược với Tập đoàn FPT,"Ngày 15/8, Tập đoàn T&T Group và Tập đoàn FPT đã ký kết thỏa thuận hợp tác chiến lược với nhiều nội dung quan trọng trong lĩnh vực giáo dục, chuyển đổi số, công nghệ thông tin và đô thị thông minh.","Sự kiện hợp tác giữa T&T Group và FPT mở ra bước phát triển mới khi các bên sẽ đồng hành trong công cuộc chuyển đổi số, xây dựng và áp dụng các giải pháp công nghệ tiên tiến vào hoạt động quản trị, vận hành các dự án đô thị thông minh, đầu tư xây dựng và vận hành các cơ sở giáo dục để hướng đến mục tiêu phát triển T&T Group trở thành Tập đoàn chuyển đổi số và áp dụng công nghệ hàng đầu Việt Nam; góp phần thúc đẩy sự phát triển kinh tế - xã hội – văn hóa – giáo dục, giải quyết các vấn đề về đô thị và nâng cao chất lượng sống cho người dân.

Theo đó, trong lĩnh vực giáo dục, hai bên sẽ hợp tác đầu tư, xây dựng và vận hành các cơ sở giáo dục của FPT theo quy hoạch trong phạm vi các dự án mà T&T Group phát triển.

Trong lĩnh vực chuyển đổi số và công nghệ thông tin, T&T Group và FPT sẽ hơp tác xây dựng trung tâm điều hành khu đô thị thông minh (ICCC); xây dựng Trung tâm dữ liệu tại khu đô thị kết hợp điện toán đám mây, xây dựng nền tảng IoT kết nối tất cả các thiết bị, cảm biến thông minh trong khu đô thị, xây dựng nền tảng Mega App phát triển nhanh ứng dụng di động cung cấp cho cư dân.

Song song, hai bên sẽ hợp tác triển khai các giải pháp thông minh dựa trên nền tảng IoT và ICCC; triển khai giải pháp phân tích dữ liệu lớn, áp dụng trí tuệ nhân tạo để phân tích dữ liệu; xây dựng triển khai các giải pháp phục vụ công tác vận hành; triển khai ứng dụng cư dân thông minh cùng tạo ra một trải nghiệm sống hiện đại và tiện nghi.

Trong lĩnh vực đô thị thông minh, FPT sẽ cung cấp giải pháp camera an ninh FPT Camera - ứng dụng các công nghệ tiên tiến nhất hỗ trợ giám sát tập trung, hiệu quả trên quy mô lớn đối với khu đô thị, thành phố thông minh và các giải pháp nhà thông minh FPT Smarthome với nhiều giá trị tiện ích và các trải nghiệm cho các dự án toà nhà, khu căn hộ.

Để cụ thể hóa các nội dung hợp tác chiến lược, T&T Group và FPT đã ký thỏa thuận hợp tác đầu tư dự án Khu thương mại, biệt thự và chung cư cao cấp - T&T City Millennia (xã Long Hậu, huyện Cần Giuộc, tỉnh Long An) trong các lĩnh vực giáo dục, hạ tầng viễn thông và đô thị thông minh. Hai bên dự kiến sẽ đầu tư, xây dựng và vận hành các cơ sở giáo dục của FPT theo quy hoạch trong phạm vi dự án T&T City Millennia.

Bên cạnh đó, FPT dự kiến sẽ đầu tư hệ thống viễn thông, các giải pháp camera an ninh FPT Camera và FPT Smarthome tại khu đô thị T&T City Millennia.

Ông Nguyễn Anh Tuấn, Phó Tổng Giám đốc T&T Group (phải) và ông Nguyễn Văn Khoa, Tổng Giám đốc FPT (trái) trao thỏa thuận hợp tác đầu tư dự án T&T City Millennia.

Chia sẻ về sự hợp tác này, theo ông Đỗ Quang Hiển, Chủ tịch Ủy ban Chiến lược Tập đoàn T&T Group, để hiện thực hóa các mục tiêu phát triển bền vững và bứt phá với tốc độ và khát vọng của người dẫn đầu, T&T Group luôn coi trọng chiến lược công nghệ, chuyển đổi số và đặc biệt là giáo dục đào tạo con người.

""T&T Group và FPT có nhiều điểm tương đồng về nền tảng, chiến lược và khát vọng phát triển bền vững, đó là công nghệ, chuyển đổi số và giáo dục. Đây đều là những giá trị cốt lõi của Việt Nam nói chung, của các doanh nghiệp Việt Nam, trong đó có T&T Group và FPT nói riêng. Với sự kiện hợp tác lần này, T&T Group và FPT sẽ đồng hành cùng nhau để kiến tạo nên những giá trị tốt đẹp, biến những ước mơ, khát vọng thành hiện thực; đóng góp vào sự phát triển kinh tế - xã hội – văn hóa của đất nước nói chung và sự phát triển lớn mạnh của hai tập đoàn"", ông Đỗ Quang Hiển nhấn mạnh.

Theo ông Trương Gia Bình, Chủ tịch HĐQT Tập đoàn FPT, với khát vọng kiến tạo hạnh phúc, 35 năm qua, FPT đã không ngừng tiên phong, sáng tạo và phát huy sức mạnh cốt lõi của mình là công nghệ để mang lại những giá trị thiết thực, hạnh phúc cho người dân, doanh nghiệp, quốc gia, cùng nhau từng bước lên đỉnh cao thế giới trong các ngành kinh tế. Với thế mạnh về năng lực tư vấn, kinh nghiệm triển khai chuyển đổi số cho các đối tác toàn cầu và nguồn lực lớn về các chuyên gia công nghệ trong nước và quốc tế, trong thời gian tới, FPT sẽ sát cánh cùng T&T Group chuyển đổi số thành công trong hoạt động vận hành, quản trị, nâng cao chất lượng cuộc sống người dân bằng những tiện ích công nghệ, viễn thông, giáo dục.",2023-08-17T19:30:00+07:00,2023-08-17T19:30:00,2026-07-29T21:38:21.294395+07:00,CafeF,https://cafef.vn/tap-doan-tt-group-hop-tac-chien-luoc-voi-tap-doan-fpt-18823081718444975.chn,https://cafef.vn/tap-doan-tt-group-hop-tac-chien-luoc-voi-tap-doan-fpt-18823081718444975.chn,Ánh Dương,Doanh nghiệp,https://cafefcdn.com/thumb_w/1200/203337114487263232/2023/8/17/photo1692263223884-169226322396739408067-16922736777801511083853.jpg,vi,GENERAL_NEWS,[],"[""FPT"", ""Tập đoàn FPT""]",9.0,"[""ticker_in_title:+1"", ""alias_in_title:+3"", ""ticker_in_summary:+1"", ""positive_entity:+1"", ""ticker_content:+3""]",0dc057365e1440c46941050f7dd78f43fe036f83523e328913b9d80f9a96f720,910,accepted
cafef_fpt_20230105_bea1e847,"[""FPT""]",Công ty Cổ phần FPT,"Ông Hoàng Nam Tiến tiết lộ ""sốc"" về nguy cơ bị mất việc của nghề kế toán: Tập đoàn FPT có 60.000 người nhưng chỉ có 6 kế toán","Ông Hoàng Nam Tiến - Phó Chủ tịch Hội đồng trường đại học FPT chia sẻ trong một buổi giao lưu với các bạn sinh viên, hiện nay, trí tuệ nhân tạo (AI) đang gây sức ép rất lớn, ví dụ như ngành giáo, luật, ngành y, marketing,.. áp lực rất lớn. Những người làm trong các ngành đấy sẽ nhìn thấy trước nguy cơ mất việc. Hay những bạn học về tài chính kế toán, đặc biệt là kế toán.","Ông Tiến đưa ra dẫn chứng: ""Tập đoàn chúng tôi (FPT) có 60.000 người , nhưng tại trên tập đoàn chỉ có 6 kế toán . Nếu bình thường các công ty khác cần 200 kế toán, còn đây (FPT) hệ thống tự động chạy hết. Bạn đủ hiểu áp lực lớn như thế nào!"", ông Hoàng Nam Tiến chia sẻ với một bạn sinh viên trong tọa đàm Gen Z hỏi, các Sếp trả lời.

Nhận định của ông Hoàng Nam Tiến khá tương đồng với thông tin tờ Wall Street Journal dẫn một nghiên cứu mới đưa ra: Kế toán là một trong những nghề đối mặt nguy cơ nhiều nhất từ năng lực của trí tuệ nhân tạo (AI) phổ quát.

Nghiên cứu này được thực hiện bởi Đại học Pennsylvania và OpenAI - công ty tạo ra công cụ AI đình đám có tên ChatGPT. Theo nhóm tác giả thực hiện nghiên cứu, ít nhất một nửa nhiệm vụ kế toán có thể được hoàn thành nhanh hơn nhiều nếu dùng công nghệ này.

Ông Hoàng Nam Tiến

Trên thực tế, không phải mới gần đây khi ChatGPT nổi lên như một hiện tượng, nghề kế toán mới có nguy cơ bị ""đe dọa"" bởi sự phát triển của cuộc cách mạng công nghệ 4.0.

Từ cuối 2017, IBM và một số doanh nghiệp đã ứng dụng công nghệ Robot Automation để thực hiện các bút toán lặp đi lặp lại, việc mà nhân viên kế toán làm mất nhiều thời gian nhưng robot automation thì lại hỗ trợ rất hiệu quả. Việc áp dụng nhân lực kỹ thuật số bao gồm các công nghệ tự động với mục đích cuối cùng là để nâng cao hiệu quả hoạt động, giảm thiểu chi phí của doanh nghiệp.

Từ năm 2017 đến nay, Robot tự động hóa đã được ứng dụng tại IBM Malaysia, IBM Slovakia,…; máy tính IBM Watson hỗ trợ công việc kiểm toán, tư vấn thuế, hỗ trợ khách hàng,… tại KPMG International; ứng dụng trí tuệ nhân tạo tại Deloitte; người máy Watson của IBM hỗ trợ các bác sỹ trong việc chuẩn đoán Ung thư tại Việt Nam, Bệnh viện đa khoa Phú Thọ…

Cuộc Cách mạng công nghệ 4.0 là cuộc cách mạng về sản xuất thông minh, dựa trên việc sử dụng internet kết nối vạn vật để chuyển hóa toàn bộ thế giới thực thành thế giới số. Giai đoạn khởi phát của cuộc Cách mạng công nghệ 4.0 sẽ tạo ra cấu trúc mới cho nền kinh tế, đó là dựa trên ứng dụng công nghệ cao, mạng lưới internet kết nối vạn vật, trí tuệ nhân tạo, robot thông minh, công nghệ blockchain, điện toán đám mây... Điều này sẽ ảnh hưởng khá lớn đến chu trình và phương pháp kế toán.

Bên cạnh đó, cuộc Cách mạng công nghệ 4.0 còn dựa trên nền tảng công nghệ số, tích hợp các công nghệ thông minh để tối ưu hóa quy trình sản xuất, quy trình kinh doanh, quy trình nghiệp vụ, phương thức sản xuất, trong đó có quy trình xử lý, cung cấp thông tin cho bộ phận kế toán - tài chính.

Hình ảnh minh họa. Nguồn: WSJ.

Ở Việt Nam, kế toán là một nghề phổ biến. Theo Luật Kế toán Việt Nam, bất kỳ tổ chức kinh tế, đơn vị sự nghiệp nào cũng phải thành lập bộ máy kế toán. Theo thống kê, đến cuối năm 2020, Việt Nam có khoảng 683 nghìn doanh nghiệp đang hoạt động. Tương ứng với đó, nhân sự làm công việc kế toán cũng là một số lớn.

Mặc dù những năm tới, lĩnh vực Kế toán - Tài chính Việt Nam còn cơ hội phát triển sôi động và tăng trưởng mạnh mẽ bởi những dự báo khả quan về tăng trưởng đầu tư nước ngoài, các thương vụ mua bán sáp nhập, cổ phần hóa doanh nghiệp nhà nước, kế hoạch tái cấu trúc của các doanh nghiệp tuy nhiên cũng có những thách thức không nhỏ đối với lực lượng lao động trong ngành nghề này.

Thời gian tới, việc áp dụng Chuẩn mực Báo cáo tài chính Quốc tế (IFRS - International Financial Reporting Standard ) sẽ mở ra tiền đề cho sự phát triển mạnh mẽ lĩnh vực kế toán - tài chính của Việt Nam trong các năm tiếp theo, tạo động lực hội nhập sâu rộng vào khu vực và thế giới.

Theo lộ trình được Bộ Tài chính công bố, từ sau năm 2025, giai đoạn 3 – giai đoạn bắt buộc áp dụng IFRS, các công ty bắt buộc phải lập báo cáo tài chính hợp nhất theo IFRS bao gồm tất cả các công ty mẹ của các tập đoàn kinh tế nhà nước, tất cả các công ty niêm yết, tất cả các công ty đại chúng có quy mô lớn là công ty mẹ chưa niêm yết.

Sự phát triển của công nghệ thông tin vừa là cơ hội mở ra để phát triển lĩnh vực kế toán - tài chính đồng thời cũng là thách thức đối với nguời làm trong lĩnh vực kế toán - tài chính buộc nhân sự trong ngành này luôn phải học hỏi, nâng cao để thích ứng và phát triển.

Trong một sự kiện của Học viện Tài chính tổ chức từ năm 2019, với vai trò là kế toán trưởng công ty IBM Việt Nam, bà Nguyễn Thị Thuỷ ( thành viên ACCA), có lời khuyên với các bạn sinh viên: Người làm công tác tài chính - kế toán nếu không nhận biết được sự thay đổi của công nghệ, không nỗ lực học tập nâng cao trình độ nghiệp vụ, có kiến thức sâu về quản trị doanh nghiệp thì sẽ thua thiệt.

Còn ông Hoàng Nam Tiến trong sự kiện mới đây cũng chia sẻ thẳng thắn với Gen Z ""Nếu các bạn không có khả năng tư duy độc lập thì các bạn chỉ là những người bình thường và nhanh chóng trở thành người tầm thường. Còn nếu các bạn là người xuất sắc thì không có ChatGPT nào thay thế được các bạn.""",2023-01-05T15:20:00+07:00,2023-05-01T15:20:00,2026-07-29T21:38:24.383910+07:00,CafeF,https://cafef.vn/ong-hoang-nam-tien-tiet-lo-soc-ve-nguy-co-bi-mat-viec-cua-nghe-ke-toan-tap-doan-fpt-co-60000-nguoi-nhung-chi-co-6-ke-toan-188230501145142303.chn,https://cafef.vn/ong-hoang-nam-tien-tiet-lo-soc-ve-nguy-co-bi-mat-viec-cua-nghe-ke-toan-tap-doan-fpt-co-60000-nguoi-nhung-chi-co-6-ke-toan-188230501145142303.chn,Theo Trọng Nghĩa,Kinh tế số,https://cafefcdn.com/thumb_w/1200/203337114487263232/2023/5/1/4487753752722020825n-1680749044242296282731-1680750756412-1680750756563380571079-1682923189996134485002-168292742749520252620-0-0-354-566-crop-16829274409391387955676.png,vi,GENERAL_NEWS,"[""M_AND_A""]","[""FPT"", ""Tập đoàn FPT""]",10.0,"[""ticker_in_title:+1"", ""alias_in_title:+3"", ""ticker_in_summary:+1"", ""positive_entity:+1"", ""ticker_content:+2"", ""financial_terms:+2""]",b62da713fdb78a800f2ad6474f820f8c23fdedce2718be24de935d74b2866d97,1036,accepted
cafef_fpt_20230427_71357f15,"[""FPT""]",Công ty Cổ phần FPT,Cảnh báo mạo danh Tập đoàn FPT lừa đảo tuyển dụng,"Thời gian gần đây, Tập đoàn FPT và các Công ty thành viên (CTTV) đang bị các đối tượng mạo danh để lừa đảo tuyển dụng, chiếm đoạt tài sản của các ứng viên với nhiều hình thức.","Đại diện Tập đoàn FPT khẳng định: không thu tiền của bất kỳ ứng ứng viên nào khi ứng tuyển làm việc tại đây và khuyến cáo mọi người tìm hiểu kỹ quy trình tuyển dụng của FPT để tránh trường hợp bị lừa đảo.

Ông Chu Quang Huy - Giám đốc Nhân sự - Tập đoàn FPT cho biết: ""Từ cuối năm 2022, chúng tôi đã nhận được thông tin các đối tượng lừa đảo mạo danh FPT đăng thông báo tuyển dụng lên các kênh thông tin đại chúng, sau đó thu tiền của ứng viên và chiếm đoạt khoản tiền này. Tập đoàn FPT đã đăng thông tin cảnh báo lên website FPT và các trang mạng xã hội của tập đoàn. Đến đầu tháng 4, các đối tượng lừa đảo tiếp tục sử dụng hình ảnh Tập đoàn FPT gồm để đăng thông tin tuyển dụng. Qua đó, các đối tượng lợi dụng lòng tin của các ứng viên đối với FPT để có các hành vi lừa đảo, chiếm đoạt tài sản"".

Những hình thức lừa đảo của các đối tượng này vô cùng tinh vi như: Hẹn gặp ứng viên ngay tại chân tòa nhà FPT Tower sau giờ hành chính để phỏng vấn; Nhắn tin tư vấn các vị trí FPT đang tuyển dụng trên các website việc làm để mời ứng viên ứng tuyển; Gửi các đường dẫn (link_, hướng dẫn ứng viên đăng nhập rồi nạp tiền làm nhiệm vụ... Thậm chí, có những đối tượng còn sử dụng hình ảnh giám đốc nhân sự tập đoàn và lãnh đạo các Công ty thành viên FPT để tăng thêm lòng tin cho các ứng viên tham gia phỏng vấn, đóng tiền trước khi đi làm…

Tập đoàn FPT và các Công ty thành viên (CTTV) đang bị các đối tượng mạo danh để lừa đảo tuyển dụng.

Theo đại diện pháp lý của Tập đoàn FPT, Đối tượng mạo danh FPT đã vi phạm quy định về sử dụng mạng xã hội, trang thông tin điện tử. Căn cứ theo điểm a khoản 1, khoản 3 Điều 101 Nghị định 15/2020/NĐ-CP đây là hành vi vi phạm pháp luật, có thể bị phạt tiền từ 10.000.000 đồng đến 20.000.000 đồng. Trường hợp thỏa cấu thành tội phạm của tội ""Lừa đảo chiếm đoạt tài sản"" theo Khoản 1 Điều 174 Bộ luật Hình sự 2015 (được sửa đổi, bổ sung năm 2017), đối tượng chiếm đoạt tài sản của người khác trị giá từ 2.000.000 đồng đến dưới 50.000.000 đồng hoặc dưới 2.000.000 đồng bị phạt cải tạo không giam giữ đến 3 năm hoặc phạt tù từ 6 tháng đến 3 năm.

Đại diện FPT cho biết, ứng viên không may bị lừa đảo, có thể liên hệ tới các cơ quan sau: Đường dây nóng 113 và trang Facebook Công an thành phố Hà Nội; Đường dây nóng Phòng An ninh mạng và phòng, chống tội phạm sử dụng công nghệ cao: 069.219.4053; Trang cảnh báo an toàn thông tin Việt Nam; Đối với người dân tại TP. Hồ Chí Minh có thể gọi đến số điện thoại đường dây nóng 069.318.7200.

Hình ảnh trang thông tin lừa đảo tuyển dụng.

FPT không thu chi phí khi ứng viên đăng ký tuyển dụng

Với ứng viên mong muốn được làm việc tại FPT, Tập đoàn không thu chi phí khi ứng viên đăng ký tuyển dụng. Ứng viên có thể tìm kiếm cơ hội việc làm qua các kênh tuyển dụng chính thống như: Fanpage Tuyển dụng FPT; Website: Tuyendung.fpt.com.vn.

Quy trình tuyển dụng vào Tập đoàn FPT và các công ty thành viên được công khai gồm các bước:

1. Ứng tuyển tại website tuyendung.fpt.com.vn hoặc gửi mail về career@fpt.com.vn

2. Tiếp nhận và sàng lọc hồ sơ

3. Bài kiểm tra chuyên môn với một số vị trí đặc thù

4. Phỏng vấn với hội đồng xét tuyển

5. Thỏa thuận hợp đồng

6. Ứng viên tuyển dụng thành công và hoàn thiện hồ sơ làm việc

Trong quá trình này, FPT không thu bất cứ chi phí nào của ứng viên. Là tập đoàn công nghệ hàng đầu, FPT luôn nỗ lực nuôi dưỡng nguồn nhân lực chất lượng cao và coi nhân sự là nền tảng quan trọng, quyết định tốc độ, chất lượng phát triển của tập đoàn. Để đáp ứng được yêu cầu của thị trường, khách hàng trong thời kỳ chuyển đổi số, FPT có nhiều hoạt động đào tạo, đãi ngộ để thu hút nhân sự tài năng và gắn bó lâu dài với doanh nghiệp.

Ngay từ những ngày đầu thành lập, Chủ tịch Trương Gia Bình đã đưa ra mục tiêu FPT trở thành một tổ chức kiểu mới, nơi mỗi con người được tôn trọng, khích lệ phát triển năng lực cá nhân, khẳng định bản thân. Từ đó, tập đoàn phát triển nguồn lực chất lượng cao để làm chủ công nghệ mới, góp phần xây dựng Việt Nam hùng cường.

FPT hiện có 60.000 nhân sự làm việc tại 29 quốc gia trên thế giới. Đội ngũ nhân sự có tuổi trung bình 28, trong đó 47% là Gen Z, 3.123 nhân sự làm việc trực tiếp tại nước ngoài. Trong đó có 1.888 nhân sự là người nước ngoài với 55 quốc tịch làm việc tại FPT.",2023-04-27T15:30:00+07:00,2023-04-27T15:30:00,2026-07-29T21:38:28.415938+07:00,CafeF,https://cafef.vn/canh-bao-mao-danh-tap-doan-fpt-lua-dao-tuyen-dung-188230427144033475.chn,https://cafef.vn/canh-bao-mao-danh-tap-doan-fpt-lua-dao-tuyen-dung-188230427144033475.chn,Ánh Dương,Doanh nghiệp,https://cafefcdn.com/thumb_w/1200/203337114487263232/2023/4/27/photo1682579113690-1682579113778412623261-16825812390941267980478.jpg,vi,GENERAL_NEWS,[],"[""FPT"", ""Tập đoàn FPT""]",11.0,"[""ticker_in_title:+1"", ""alias_in_title:+3"", ""ticker_in_summary:+1"", ""positive_entity:+1"", ""ticker_content:+3"", ""financial_metrics:+2""]",f86c88d694905dbebbb4002de3e616733246f7c1cabbbcb233beb2fbe140dbc5,929,accepted
cafef_fpt_20230426_bd466e4b,"[""FPT""]",Công ty Cổ phần FPT,Nhìn lại quá trình 30 năm công tác tại Tập đoàn FPT của ông Hoàng Nam Tiến,"Trong 30 năm công tác tại Tập đoàn FPT, ông Hoàng Nam Tiến từng đảm nhiệm nhiều vị trí lãnh đạo quan trọng.","Ngày 25/4/2023, các công ty thành viên của Tập đoàn FPT trong khối Viễn thông, Giáo dục công bố quyết định bổ nhiệm các vị trí lãnh đạo cấp cao.

Theo đó, ông Hoàng Nam Tiến sẽ thôi giữ vị trí Chủ tịch HĐQT Công ty Cổ phần Viễn thông FPT (FPT Telecom) và chuyển sang giữ chức vụ Phó Chủ tịch Hội đồng trường Trường Đại học FPT.

Đồng thời, HĐQT FPT Telecom cũng thông qua quyết định bổ nhiệm ông Hoàng Việt Anh – nguyên Tổng Giám đốc FPT Telecom giữ vị trí Chủ tịch HĐQT Công ty, ông Nguyễn Hoàng Linh – nguyên Phó Tổng Giám đốc đảm nhiệm vị trí Tổng Giám đốc FPT Telecom.

Cùng nhìn lại quá trình hoạt động của ông Hoàng Nam Tiến tại Tập đoàn FPT. Trong 30 năm công tác tại Tập đoàn FPT, ông Hoàng Nam Tiến từng đảm nhiệm nhiều vị trí lãnh đạo quan trọng.

Ông Hoàng Nam Tiến sinh năm 1969 tại Nghệ An nhưng sống và làm chủ yếu tại Hà Nội. Ông gia nhập Tập đoàn FPT ngay sau khi tốt nghiệp ngành CNTT ĐH Bách Khoa năm 1993.

Năm 1995, ông Tiến được bổ nhiệm làm Phó Giám đốc Trung tâm Phân phối Máy tính FCD, Công ty FPT. Sau đó, ông Tiến được giao nhiệm vụ làm Trưởng phòng Kinh doanh FPT dù còn rất trẻ (26 tuổi).

Được biết, sau nhiều năm phấn đấu, ông Tiến đã lên đến vị trí trưởng phòng kinh doanh tại tập đoàn FPT vào năm 30 tuổi. Tuy nhiên điều ông trăn trở là chưa làm được gì cho riêng mình khi trong tay có sẵn các mối quan hệ, có gia đình ổn định.

Ở tuổi 32, ông Hoàng Nam Tiến quyết định xin nghỉ việc với chủ tịch FPT Trương Gia Bình và sang Mỹ du học 3 tháng. Sau khi quay trở về FPT, ông Tiến thay đổi và đưa phòng kinh doanh sang bước chuyển mới đóng góp lớn vào doanh thu tập đoàn.

Năm 2002 - 2003, ông Hoàng Nam Tiến giữ chức Phó Giám đốc FPT TP. Hồ Chí Minh. Năm 2003 - 2008, ông Hoàng Nam Tiến là Tổng Giám đốc Công ty TNHH Phân phối FPT. Ông góp phần quan trọng giúp FPT hoàn thành mục tiêu đạt 1 tỷ USD doanh thu năm 2008.

Từ 2007 - 2012, ông Hoàng Nam Tiến là Tổng Giám đốc Công ty TNHH Phát triển Khu Công nghê cao Hoà Lạc FPT.

Năm 2012, ông Hoàng Nam Tiến giữ vị trí Chủ tịch FPT Software. Trong 8 năm, FPT Software dưới sự điều hành của ông đạt tốc độ tăng trưởng trung bình trên 30%, trở thành một trong 500 công ty phần mềm lớn nhất thế giới, Top 100 Nhà cung cấp dịch vụ uỷ thác hàng đầu thế giới.

Ngày 3/3/2020, ông Hoàng Nam Tiến được bầu giữ chức Chủ tịch FPT Telecom từ ngày 3/3/2020, trong khi bà Chu Thị Thanh Hà giữ chức Chủ tịch FPT Software.

Việc thay đổi nhân sự được các cổ đông Công ty cổ phần Viễn thông FPT (FPT Telecom) thông qua tại phiên họp thường niên sáng ngày 3/3. Ông Hoàng Nam Tiến, Chủ tịch FPT Software, vào Hội đồng quản trị FPT Telecom, thay thế ông Bùi Quang Ngọc có đơn từ nhiệm trước đó.

Trong quá trình làm việc, ông Hoàng Nam Tiến từng vinh dự nằm trong Top 100 Gương mặt Trí thức tiêu biểu Việt Nam trên mặt trận kinh tế năm 2012 và nhận bằng khen của Bộ trưởng Bộ Thông tin và Truyền thông năm 2016.",2023-04-26T09:14:00+07:00,2023-04-26T09:14:00,2026-07-29T21:38:32.064071+07:00,CafeF,https://cafef.vn/nhin-lai-qua-trinh-30-nam-cong-tac-tai-tap-doan-fpt-cua-ong-hoang-nam-tien-188230426091312781.chn,https://cafef.vn/nhin-lai-qua-trinh-30-nam-cong-tac-tai-tap-doan-fpt-cua-ong-hoang-nam-tien-188230426091312781.chn,Anh Tuấn (tổng hợp),Kinh tế số,https://cafefcdn.com/thumb_w/1200/203337114487263232/2023/4/26/avatar1682475106810-16824751074221087784336.jpg,vi,EARNINGS,"[""EARNINGS_REPORT""]","[""FPT"", ""Tập đoàn FPT""]",13.0,"[""ticker_in_title:+1"", ""alias_in_title:+3"", ""ticker_in_summary:+1"", ""positive_entity:+1"", ""ticker_content:+3"", ""financial_terms:+2"", ""financial_metrics:+2""]",e7d32aa2391bb49a2dd8570a005d90abe7c32ae289458a8e37b8493c4508996a,614,accepted
cafef_fpt_20230401_c1fcecc1,"[""FPT""]",Công ty Cổ phần FPT,"Sau khi cán mốc doanh số 1 tỷ USD từ thị trường quốc tế, Tập đoàn FPT vượt quy mô 60.000 nhân sự","""Cách đây gần 35 năm, khi thành lập FPT chắc anh Trương Gia Bình dù có mơ mộng đến đâu cũng không mơ đến ngày FPT tạo ra 60.000 công ăn việc làm, còn mình thì làm thủ lĩnh của 60.000 người ở 26 quốc gia, 4 Châu lục, trong đó có cả nghìn nhân viên người nước ngoài"" - ông Đỗ Cao Bảo chia sẻ.","FPT:

Ngày 03 tháng 01 năm 2023, Tập đoàn FPT ghi nhận nhân viên thứ 60.000 là Watanabe Hirona, sinh năm 1984 làm việc tại Công ty Cổ phần FPT Japan trực thuộc FPT Software (Công ty thành viên Tập đoàn FPT).

Cùng với Watanabe Hirona, FPT cũng ghi nhận nhân viên 60.001 đầu quân cho Công ty Cổ phần FPT Telecom (Công ty thành viên Tập đoàn FPT ).

Ông Đỗ Cao Bảo﻿, thành viên HĐQT FPT chia sẻ trên trang cá nhân: "" Cách đây gần 35 năm, khi thành lập FPT chắc anh Trương Gia Bình dù có mơ mộng đến đâu cũng không mơ đến ngày FPT tạo ra 60.000 công ăn việc làm, còn mình thì làm thủ lĩnh của 60.000 người ở 26 quốc gia, 4 Châu lục: Á Châu, Âu Châu, Bắc Mỹ, Mỹ Latin và Úc Châu, trong đó có cả nghìn nhân viên người nước ngoài.

Với cá nhân tôi, việc tạo ra 60.000 việc làm có năng suất lao động cao, thu nhiều tỷ dollar Mỹ về cho đất nước, đã và đang đào tạo vài trăm nghìn sinh viên từ cao đẳng đến đại học là ba trong những đóng góp lớn cho xã hội đáng tự hào của người FPT "".

Theo ông Chu Quang Huy – Giám đốc Nhân sự Tập đoàn FPT, đây là sự kiện đáng tự hào trong năm kỷ niệm FPT tròn 35 tuổi. Đồng thời là dấu mốc FPT hướng tới mục tiêu 1 triệu nhân sự năm 2035.

FPT hiện có 60.000 nhân sự làm việc tại 29 quốc gia trên thế giới. Đội ngũ nhân sự có tuổi trung bình 28, trong đó 47% là Gen Z, 3.123 nhân sự làm việc trực tiếp tại nước ngoài. Trong đó có 1.888 nhân sự là người nước ngoài với 55 quốc tịch làm việc tại FPT.

Trước đó, sau 23 năm đi ra nước ngoài, FPT đã lần đầu tiên đạt mốc doanh số ký 1 tỷ USD từ thị trường quốc tế vào năm nay, tăng trưởng trên 30%.

Trên trang cá nhân, ông Đỗ Cao Bảo cũng tiết lộ doanh thu xuất khẩu phần mềm năm 2023 của FPT Software dự kiến là 1 tỷ USD.

"" Đấy là kế hoạch kinh doanh đã được lãnh đạo FPT phê duyệt, và có đến 99% sẽ hoàn thành, bởi năm 2022 này FPT Software đã đạt con số 1 tỷ USD tổng giá trị thắng thầu, 800 triệu USD doanh số và với tốc độ tăng trưởng 26% trung bình 3 năm gần đây thì con số 1 tỷ USD năm 2023 là rất hiện thực "" - Ông Bảo khẳng định.

Năm 2022, FPT đặt mục tiêu doanh thu và lợi nhuận trước thuế năm 2022 lần lượt là 42.420 tỷ đồng (tăng 19%) và 7.618 tỷ đồng, tăng 20% so với cùng kỳ năm 2021. Sau 11 tháng, tập đoàn hoàn thành gần 93% mục tiêu về doanh thu và 94% mục tiêu về lợi nhuận trước thuế.

Về cơ cấu doanh thu, khối công nghệ ghi nhận 22.477 tỷ đồng doanh thu và lợi nhuận trước thuế đạt 3.322 tỷ đồng, lần lượt tăng trưởng 23% và 26%. Lợi nhuận từ mảng công nghệ chiếm hơn 46% cơ cấu lợi nhuận trước thuế cả tập đoàn.

Bên cạnh đó, doanh thu dịch vụ viễn thông tăng trưởng 2 con số 16,1%, đạt 13.372 tỷ đồng. Mảng giáo dục, đầu tư tiếp tục mức tăng trưởng doanh thu cao 71% đạt 3.400 tỷ đồng trong 11 tháng kéo theo lợi nhuận trước thuế tại mảng này đạt 1.269 tỷ đồng, tăng gần 46% so với cùng kỳ.

Tại mảng dịch vụ công nghệ thông tin thị trường nước ngoài, FPT ghi nhận khối lượng đơn hàng đăng ký mới từ thị trường nước ngoài trong 11 tháng đạt 20.566 tỷ đồng (tăng trưởng 37,1 % so với cùng kỳ). Nhờ đó, doanh thu mảng xuất khẩu phần mềm tiếp đà tăng trưởng cao 31% so với cùng kỳ, đạt 17.107 tỷ đồng đóng góp bởi sức tăng đến từ thị trường Mỹ (tăng 48,6%) và APAC (tăng 47,3%).",2023-04-01T11:50:06+07:00,2023-01-04T11:50:06,2026-07-29T21:38:40.132493+07:00,CafeF,https://cafef.vn/sau-khi-can-moc-doanh-so-1-ty-usd-tu-thi-truong-quoc-te-tap-doan-fpt-vuot-quy-mo-60000-nhan-su-20230104100516292.chn,https://cafef.vn/sau-khi-can-moc-doanh-so-1-ty-usd-tu-thi-truong-quoc-te-tap-doan-fpt-vuot-quy-mo-60000-nhan-su-20230104100516292.chn,Chi Tú,Doanh nghiệp,https://cafefcdn.com/thumb_w/1200/203337114487263232/2023/1/4/photo1672801437898-1672801437986270469367.jpg,vi,EARNINGS,"[""EARNINGS_REPORT""]","[""FPT"", ""Tập đoàn FPT"", ""Công ty Cổ phần FPT""]",14.0,"[""ticker_in_title:+1"", ""alias_in_title:+3"", ""ticker_in_summary:+1"", ""positive_entity:+2"", ""ticker_content:+3"", ""financial_terms:+2"", ""financial_metrics:+2""]",3b78113c6ff719c0e21850b6a10981b04e0f86a2e85ee156d1a13a40856e0623,713,accepted
cafef_fpt_20221011_28b2f80e,"[""FPT""]",Công ty Cổ phần FPT,Tập đoàn FPT được vinh danh 'Nơi làm việc tốt nhất ngành CNTT' lần 3 liên tiếp,"(Tổ Quốc) - Tập đoàn FPT lần thứ 3 đứng đầu danh sách ""Nơi làm việc tốt nhất ngành ngành Công nghệ thông tin, Phần mềm và Ứng dụng, Thương mại điện tử"" theo công bố của Anphabe ngày 9/11.","Bên cạnh danh hiệu Nơi làm việc tốt nhất, đứng đầu ngành Công nghệ thông tin, Phần mềm và Ứng dụng, Thương mại điện tử năm 2022, FPT lọt Top 50 Doanh nghiệp Việt có Thương hiệu nhà tuyển dụng hấp dẫn nhất năm 2022 và xếp thứ 2 trong nhóm ngành Viễn thông, Hạ tầng, Công nghệ phần cứng.

Kết quả trên được kết luận từ khảo sát Nơi làm việc tốt nhất Việt Nam 2022 được Anphabe thực hiện từ tháng 4 đến tháng 9 năm nay, với sự tham gia bình chọn của 57.939 người đi làm, 515 công ty. Ngoài ra, đơn vị này còn có các khảo sát, phỏng vấn chuyên sâu với khoảng 150 lãnh đạo và quản lý nhân sự ở 20 ngành nghề chính.

Chương trình được Liên đoàn Thương mại và Công nghiệp Việt Nam (VCCI) bảo trợ. Mô hình và phương pháp đánh giá được kiểm chứng bởi đơn vị thứ ba là Intage Việt Nam để đảm bảo tính công bằng và khách quan.

""FPT là tập đoàn công nghệ hàng đầu, thường xuyên được vinh danh trong các giải thưởng uy tín. Thế mạnh của FPT là cập nhật nhiều bài toán công nghệ thú vị, đầy thử thách để người trẻ thỏa sức thể hiện năng lực. Ngoài ra, FPT còn chú trọng chăm lo cho đời sống nhân viên, tăng trải nghiệm nhân viên và tạo môi trường làm việc hạnh phúc"" - BTC giới thiệu về FPT tại lễ vinh danh.

Anh Nguyễn Khánh Tiệp, PGĐ Nhân sự Tập đoàn FPT , đại diện nhận giải Nơi làm việc tốt nhất ngành ngành Công nghệ thông tin, Phần mềm và Ứng dụng, Thương mại điện tử.

Danh hiệu này cho thấy sự đầu tư quyết liệt, hiệu quả của FPT trong việc xây dựng môi trường làm việc hạnh phúc. FPT nỗ lực nuôi dưỡng và phát triển nguồn nhân lực Việt Nam vươn lên xứng tầm quốc tế. Tập đoàn luôn chú trọng phát triển nguồn lực chất lượng cao để làm chủ công nghệ mới, xây dựng môi trường làm việc tốt nhất để kiến tạo tương lai cho cá nhân và cộng đồng.

Tại FPT, nhiều chính sách ý nghĩa được thực hiện như: Chính sách an cư lạc nghiệp - hỗ trợ nhân viên mua nhà, mua xe; Phát hành cổ phiếu cho CBNV có thành tích đóng góp; chế độ chăm sóc sức khỏe toàn diện cho CBNV và người thân; Chế độ thưởng nóng…

FPT cũng chú trọng công tác bồi dưỡng nhân tài, tạo môi trường làm việc trẻ, năng động, sáng tạo và an toàn, đặc biệt trong bối cảnh ngành Công nghệ thông tin cạnh tranh gay gắt. Thế mạnh của FPT là có rất nhiều bài toán mới, thú vị, mang tính thử thách để người trẻ thỏa sức thể hiện năng lực bản thân. FPT hiểu rằng người lao động chính là nguồn sức mạnh đưa doanh nghiệp đạt đến những đỉnh cao mới, những mục tiêu chiến lược trong kinh doanh.

Trong thời gian tới, FPT tiếp tục chú trọng đổi mới chính sách đãi ngộ, tăng cường trải nghiệm nhân viên, lấy người lao động là trung tâm, chăm sóc toàn diện cho người lao động và gia đình, xây dựng các chương trình tìm kiếm, phát triển đội ngũ quản lý và lãnh đạo trẻ, ứng dụng công nghệ trong quản lý nhân sự, kiến tạo một môi trường làm việc hạnh phúc.

Nơi làm việc tốt nhất Việt Nam là giải thưởng môi trường làm việc danh giá nhất được tổ chức thường niên bởi Anphabe - nhà tư vấn tiên phong về thương hiệu nhà tuyển dụng & môi trường làm việc hạnh phúc. Giải thưởng dựa trên khảo sát 100 nơi làm việc tốt nhất Việt Nam được thực hiện hoàn toàn độc lập, ghi nhận những ý kiến khách quan nhất từ người đi làm nhằm đo lường sức khỏe Thương hiệu Nhà tuyển dụng của hơn 700 doanh nghiệp hàng đầu, thuộc 20 ngành nghề tại Việt Nam.",2022-10-11T17:30:00+07:00,2022-11-10T17:30:00,2026-07-29T21:38:42.509887+07:00,CafeF,https://cafef.vn/tap-doan-fpt-duoc-vinh-danh-noi-lam-viec-tot-nhat-nganh-cntt-lan-3-lien-tiep-20221110154521487.chn,https://cafef.vn/tap-doan-fpt-duoc-vinh-danh-noi-lam-viec-tot-nhat-nganh-cntt-lan-3-lien-tiep-20221110154521487.chn,Ánh Dương,Doanh nghiệp,https://cafefcdn.com/thumb_w/1200/203337114487263232/2022/11/10/photo1668069847922-16680698480631242021626.jpg,vi,CORPORATE_DISCLOSURE,"[""SHARE_ISSUANCE""]","[""FPT"", ""Tập đoàn FPT""]",11.0,"[""ticker_in_title:+1"", ""alias_in_title:+3"", ""ticker_in_summary:+1"", ""positive_entity:+1"", ""ticker_content:+3"", ""financial_terms:+2""]",904debeb792f2db46a6b961f754865f635a7efd648d8af67e09c234bace1f14c,688,accepted
cafef_fpt_20220509_fb49cb08,"[""FPT""]",Công ty Cổ phần FPT,"Chưa tốt nghiệp Đại học, cô gái dân tộc Nùng 22 tuổi chốt lương nghìn đô tại Tập đoàn FPT","Tuy có nhiều hơn một offer cao hơn mức lương kỷ vọng, nhưng ứng viên Giang Na quyết định không sử dụng Quyền Thương lượng, lựa chọn đầu quân về với Tập đoàn FPT cho vị trí Trưởng nhóm Sport Digital với mức lương hơn 20 triệu đồng.","Tập 1 của ""Cơ hội cho ai? – Whose chance?"" mùa 4 vừa phát sóng vào trưa thứ 7 ngày 3/9 chứng kiến màn đối đầu gay cấn của 2 ứng viên là Nguyễn Trần Thiên Phú (29 tuổi) và Hoàng Thị Giang Na (22 tuổi).

Thiên Phú là cử nhân ngành Quản trị Kinh doanh trường Đại học Duy Tân. Anh có khả năng viết lách và khá hoạt ngôn nên từng thử sức ở vai trò dẫn chương trình, cũng như từng công tác tại xưởng phim với vị trí biên kịch. Năm 2019, Thiên Phú nằm trong Top 100 của cuộc thi về Kỹ năng Lãnh đạo và Phát triển Kinh tế dành cho đối tượng sinh viên ở khu vực miền Trung.

Còn Giang Na hiện đang theo học tại trường Đại học Luật Hà Nội. Khi tham gia chương trình, nữ ứng viên vẫn chưa tốt nghiệp Đại học. Cô gái chia sẻ còn cần hoàn thành 2 tín chỉ học phần nữa mới đủ điều kiện tốt nghiệp loại Giỏi. Tuy tuổi đời còn khá trẻ, nhưng ứng viên Gen Z đã sở hữu cho bản thân những thành tích đáng nể: Á quân cuộc thi Phiên tòa giả định 2022, đạt giải nhất cuộc thi Olympic tiếng Nga toàn quốc năm 2019. Ngoài ra, Giang Na còn là Biên tập viên và MC cho một kênh youtube có nội dung liên quan đến các vấn đề về pháp luật.

Giang Na là cô gái dân tộc Nùng - một dân tộc thiểu số sinh sống tại tỉnh vùng cao Hà Giang. Sở hữu thành tích học tập ấn tượng, ngay từ những năm cấp 3, nữ úng viên đã là một trong số rất ít học sinh của tỉnh vùng cao này được cử đi học tập tại ngôi trường Hữu nghị Việt – Lào T78 (Hà Nội). Trong những năm dịch, bố của Giang Na không may qua đời vì COVID-19. Vì thế, dù còn nhỏ tuổi nhưng cô gái sinh năm 2000 này đã trở thành chỗ dựa tinh thần cho mẹ của mình.

Giang Na chia sẻ cô không ngừng nỗ lực rèn luyện, nghiêm túc với từng cơ hội đến với bản thân, với mong muốn có thể ngày càng tạo ra nhiều giá trị hữu hình, để có thể chăm sóc tốt cho cuộc sống của 2 mẹ con.

Ở vòng Đối mặt, câu hỏi phản biện được đặt ra cho 2 ứng viên là: ""Theo bạn, tăng lương có phải là cách tốt nhất để giữ chân nhân viên?"".

Sau vài câu hỏi tìm hiểu, Sếp Tiến (FPT) đặt câu hỏi khá hóc búa cho Giang Na: ""Nếu mức lương hiện tại của em là 14 triệu/ tháng và có một công ty mà em rất yêu thích, như Elise của chị Lưu Nga chẳng hạn, mời em về làm việc với mức lương 12 triệu/ tháng, thì em có nhận lời không?.

Cô gái Nùng chia sẻ vì vùng quê cô sống có điều kiện sinh hoạt khá khó khăn, nên cô luôn nắm bắt bất kỳ cơ hội nào đến với mình. Cô khẳng định nếu công việc đó phù hợp với năng lực của bản thân, cô yêu thích nó và mức lương đó đủ trang trải cuộc sống thường nhật, cũng như dư một chút để cô cho vào quỹ dự phòng, thì cô sẽ nhận lời làm việc.

Sếp Quyền tiếp lời đặt câu hỏi cho 2 ứng viên: ""Giữa một công việc lương cao nhưng không vui và một công việc lương thấp hơn nhưng vui, thì 2 bạn sẽ chọn công việc nào?"".

Giang Na trả lời rằng trước tình huống này, cô sẽ ưu tiên lựa chọn cơ hội công việc giúp cô có cơ hội trau dồi, rèn luyện hàng ngày để có thể thăng tiến trong tương lai. Mặt khác, Thiên Phú khẳng định anh sẽ lựa chọn công việc mang lại thử thách dù có mức lương thấp hơn. Chàng trai sinh năm 1993 cho rằng, sau khi chinh phục được thử thách thì trải nghiệm đó sẽ mang đến nhiều cơ hội việc làm với mức lương cao hơn sau này.

Kết thúc vòng Đối mặt, Giang Na nhận được 4/5 bình chọn, Thiên Phú chỉ nhận được 1/5 bình chọn. Giang Na giành chiến thắng trước đối thủ và bước tiếp vào vòng thi thứ 2 – Vòng chinh phục.

Ờ vòng Chinh phục, Giang Na nhập mức lương kỳ vọng vào chiếc ""va-ly bí mật"" mà ban tổ chức cung cấp. Sau đó, 5 sếp quyền lực sẽ đặt câu hỏi để thẩm định về kinh nghiệm làm việc, năng lực chuyên môn, kiến thức xã hội lẫn trải nghiệm thực tế của ứng viên.

Sếp Quyền là người đầu tiên đặt câu hỏi: ""Em là học về pháp chế nhưng lại đi làm theo hướng tổ chức sự kiện, marketing. Nguyên nhân vì sao, cơ duyên như thế nào?"".

Giang Na trả lời: ""Công việc này em học được kỹ năng quản lý, kỹ năng lên kế hoạch, kỹ năng xử lý rủi ro. Ngoài ra, cơ duyên mang em đến với việc làm biên tập viên cho một kênh youtube, em có thể mang kiến thức về luật của mình đến những người chưa thực sự hiểu về luật pháp"".

Sếp Thuấn tiếp lời: ""Em học luật chuyên về lĩnh vực nào. Và thông qua những công việc marketing mà em đã làm, em đã có những trải nghiệm như thế nào và học được gì từ đó?"".

Giang Na cho hay cô theo học ngành Luật học tại trường Đại học. Đối với công việc làm social media (Truyền thông mạng xã hội – PV) tại một công ty luật, cô học hỏi được cách tiếp cận khách hàng, cách quảng bá để bán được hàng thông qua các nền tảng này.

Cô nàng sinh năm 2000 cũng cho biết lý do cô không tiếp tục gắn bó với công ty cũ là vì nơi đó chưa khai thác hết tiềm năng, cũng như chưa thỏa mãn được những nhu cầu phát triển bản thân của cô. Ở độ tuổi còn quá trẻ, nữ ứng viên vẫn chưa xác định được bản thân phù hợp với luật hơn hay marketing hơn. Chính vì thể, cô mong muốn đến với chương trình để tìm kiếm một người dẫn đường.

Kết thúc vòng Chinh phục, Giang Na nhận được 5 đèn xanh, hoàn toàn đủ điều kiện để bước tiếp vào vòng cuối cùng – Cơ hội cho ai.

Ở Vòng 3 – Cơ Hội Cho Ai, mức lương kỳ vọng của Giang Na 15 triệu đồng. Cô nhận được lời mời làm việc tại Tập đoàn Thắng Lợi cho vị trí Chuyên viên Marketing (WIN Media) với mức lương 15.686.868 đồng.

Sếp Quyền chia sẻ thêm về tính chất công việc: ""Công việc này cần em 1 năm để học nghề. Sau đó, em có 2 cơ hội lựa chọn, một là làm việc tại TP.HCM, hai là tại Hà Nội. Năm sau, chúng tôi sẽ Bắc tiến. Ngoài những chính sách phúc lợi của Tập đoàn, thì chúng tôi còn hỗ trợ chỗ ở, xe đưa đón đi làm. Vì hiện nay, chúng tôi có một khu dân cư được quy hoạch, để những nhân viên ở xa có thể ở đó. Tôi tin rằng 12 tháng học việc này sẽ trả lời giúp em rằng em phù hợp với công việc nào"".

Sếp Thuấn (Bảo Ngọc) bày tỏ niềm yêu mến đối với nữ ứng viên và quyết định offer mức lương 18 triệu đồng cho vị trí Nhân viên Pháp chế kiêm Cộng tác viên Dự án Marketing tại Bảo Ngọc (BNA). ""Lương pháp chế thì theo quy định của Ban Pháp chế. Còn lương marketing thì hưởng theo dự án"", Sếp Bảo Ngọc làm rõ chính sách đãi ngộ dành cho ứng viên.

Cũng dành nhiều thiện cảm cho Giang Na, Sếp Tiến quyết định offer mức lương 20.000.102 đồng cho vị trí Trưởng nhóm Sport Digital tại Tập đoàn FPT. ""Công việc của bạn là vận hành nền tảng mạng xã hội trong lĩnh vực Thể thao, đặc biệt là Bóng đá và Võ thuật. Công việc đòi hỏi ứng viên có hiểu biết về luật bản quyền, chính sách cộng đồng trên mạng xã hộ. Bạn có 2 lựa chọn địa điểm làm việc. Một là tại Tòa nhà FPT ở quận Cầu Giấy (Hà Nội). Hai là Khu chế xuất Tân Thuận tại TP.HCM. Về nhóm digital của chúng tôi thì đội này hiện tại có khoảng 60 người. Riêng nhóm sport digital thì chúng tôi đang có nhu cầu mở rộng không ngừng""- Vị sếp bổ sung.

Sếp Nga offer cho Giang Na vị trí Phụ trách Pháp chế và Mạng xã hội tại Elise với mức lương 20 triệu đồng cùng lời mời: ""Công ty tôi đang có một đội làm nội dung rất mạnh, toàn những bạn trẻ. Và tôi khao khát em sẽ trở thành thế hệ F2 trong đội nhóm này"".

Giang Na còn nhận được lời mời làm việc tại Dh Foods cho vị trí Chuyên viên Marketing với mức lương 16 triệu đồng.

Tuy có nhiều hơn một offer cao hơn mức lương kỷ vọng, nhưng Giang Na quyết định không sử dụng Quyền Thương lượng (điểm mới của chương trình mùa 4), lựa chọn đầu quân về với Tập đoàn FPT cho vị trí Trưởng nhóm Sport Digital với mức lương 20.000.102 đồng.",2022-05-09T00:04:00+07:00,2022-09-05T00:04:00,2026-07-29T21:38:46.421182+07:00,CafeF,https://cafef.vn/chua-tot-nghiep-dai-hoc-co-gai-dan-toc-nung-22-tuoi-chot-luong-nghin-do-tai-tap-doan-fpt-20220904215328936.chn,https://cafef.vn/chua-tot-nghiep-dai-hoc-co-gai-dan-toc-nung-22-tuoi-chot-luong-nghin-do-tai-tap-doan-fpt-20220904215328936.chn,Tường Vy,Doanh nghiệp,https://cafefcdn.com/thumb_w/1200/203337114487263232/2022/9/4/photo1662303097779-1662303097904665395206.jpg,vi,GENERAL_NEWS,[],"[""FPT"", ""Tập đoàn FPT""]",11.0,"[""ticker_in_title:+1"", ""alias_in_title:+3"", ""ticker_in_summary:+1"", ""positive_entity:+1"", ""ticker_content:+3"", ""financial_metrics:+2""]",776685c5a321cda12a13311bec1dafe2250601d09daf45bb89f2715197dfbce3,1613,accepted
cafef_fpt_20220825_f2a67bf1,"[""FPT""]",Công ty Cổ phần FPT,"Gắn liền với con số 13, bên trong đại bản doanh của Tập đoàn FPT có gì đặc biệt?","Trụ sở chính đầu tiên tọa lạc tại số 89 Láng Hạ. 13 năm sau, đại bản doanh được chuyển về khu phố Duy Tân. Tiếp tục 13 năm sau đó, tổ hợp mang tên FPT Tower được hình thành, sừng sững ngay ngã 5 đắc địa của quận Cầu Giấy.","Năm 1988, FPT được thành lập bởi 13 nhà khoa học trẻ của Việt Nam với mong muốn xây dựng "" một tổ chức kiểu mới, giàu mạnh bằng nỗ lực lao động sáng tạo trong khoa học kỹ thuật và công nghệ, góp phần hưng thịnh quốc gia, đem lại cho mỗi thành viên của mình điều kiện phát triển đầy đủ nhất về tài năng và một cuộc sống đầy đủ về vật chất, phong phú về tinh thần"".

34 năm sau, FPT là một trong những tập đoàn công nghệ lớn nhất Việt Nam với tổng doanh thu 7 tháng đầu năm 2022 đạt gần 23.219 tỷ đồng, lợi nhuận trước thuế đạt 2.242 tỷ đồng, tạo công ăn việc làm cho gần 40.000 người. Các văn phòng, tòa nhà của FPT được xây dựng, mở rộng quy mô trên nhiều tỉnh thành lớn. Trụ sở của tập đoàn công nghệ này cũng có sự thay đổi theo thời gian.

Mục sở thị trụ sở chính của Tập đoàn FPT

Thiết kế theo bộ gen người F

Người đứng sau ý tưởng thiết kế cũng như giám sát quá trình từ khi tòa nhà còn là bản vẽ trên giấy đến lúc cất nóc, là ông Bùi Quang Ngọc – Phó Chủ tịch HĐQT FPT. Ngày đón những nhân viên đầu tiên về nhà mới, ông gửi tặng mỗi người một chiếc phong bì. Nhưng phong bì ấy không chứa tiền, mà chỉ có một bức ảnh chụp tòa nhà FPT Tower – là thành quả, tâm huyết của vị lãnh đạo suốt 14 tháng xây dựng.

Tổ hợp có thiết kế mô phỏng hình khối logo của FPT với 2 tòa nhà cao 21 tầng và 1 tòa 17 tầng, cùng 1 trung tâm dữ liệu hiện đại cao 8 tầng.

Thiết kế bo góc hình chiếc lá trong logo FPT cũng là cảm hứng cho nhiều thiết kế trong tòa nhà: bàn lễ tân, gạch lát dưới mặt sàn, trên tường, cạnh thang máy,…

Điểm nhấn nổi bật của FPT Tower là quả địa cầu, thiết kế biểu trưng cho bộ gen của người FPT – điều mà Chủ tịch HĐQT FPT đã đặt ra ngay từ những ngày đầu sáng lập. Cứ mỗi phút, quả địa cầu quay được 13 vòng.

Trên quả địa cầu còn đánh dấu vị trí của những thị trường mà FPT đang hoạt động. Hiện Tập đoàn này đang hiện diện tại 27 quốc gia với 179 văn phòng trên toàn cầu. Bên dưới quả địa cầu là đài phun nước với 13 vòi phun.

Ngay cạnh khu vực sảnh vào là khu triển lãm, bảo tàng FPT với màn hình cong hiện đại không kém gì các sân khấu lớn.

Với số lượng nhân viên khổng lồ, nhà ăn của FPT Tower cũng được thiết kế với quy mô lớn, thông 3 mặt sàn của 3 tòa nhà. Khu vực nhà ăn này có thể phục vụ cùng lúc 2.000 người. Nhân viên FPT có thể gọi đồ trên một ứng dụng do chính FPT phát triển.

Khu vực phòng họp và phòng hội nghị được thiết kế với nội thất trang nhã, sang trọng.

Nhân viên Tập đoàn có một công cụ trực tuyến riêng để đặt phòng họp. Công cụ này cùng các hệ thống công nghệ khác như chấm công qua nhận diện khuôn mặt, đều là các sản phẩm ""cây nhà lá vườn"" do chính đội ngũ FPT tự phát triển.

Bước ra ngoài khuôn viên hội nghị là khu vườn Nhật. Đây là một trong những khu vực tâm huyết của anh Bùi Quang Ngọc, với mục đích tri ân khách hàng Nhật Bản – thị trường lớn nhất bậc nhất của FPT. Đây cũng là một trong những khu vực được nhiều nhân viên lưu tới để thư giãn, hóng gió.

Ngoài ra, ngay bên cạnh sân chính của tổ hợp cũng có một khu vườn khác, mang phong cách châu Âu.

Khu vực làm việc của các lãnh đạo cấp cao của FPT nằm ở tầng 13. Con số 13 thường bị cho là không may mắn, nhưng với tập đoàn công nghệ này thì không. Bắt nguồn từ 13 thành viên sáng lập và ngày thành lập 13/9, con số 13 từ đó đã gắn liền với nhiều chi tiết thiết kế xuyên suốt công trình.

Những nét văn hóa truyền thống

Nếu như đại bản doanh của FPT đã trải qua vài lần thay đổi, ngày một đồ sộ hơn thì ""bộ gen người F"" hay những nét văn hóa trong doanh nghiệp này, lại là thứ được duy trì và trường tồn.

"" Tôn, Đổi, Đồng - Chí, Gương, Sáng "" được xem là một phần không thể thiếu kiến tạo nên bộ GEN của FPT, là Tinh thần FPT, là sức mạnh thúc đẩy lãnh đạo, CBNV của Tập đoàn không ngừng nỗ lực, sáng tạo vì lợi ích chung của cộng đồng, khách hàng, cổ đông và các bên liên quan khác.

FPT cũng duy trì những nét văn hóa truyền thống. Hội làng FPT lần đầu tiên được tổ chức vào 23 tháng Chạp năm 1997 và trở thành sự kiện thường niên được duy trì đến ngày nay. Đây là sân chơi truyền thống của người FPT dịp giáp Tết Nguyên đán. Sự kiện mang đậm nét văn hóa của người Việt với món ăn truyền thống, câu đối đỏ, trò chơi dân gian và tiết mục văn nghệ đậm nét STCo. Ở Hội làng, người FPT tề tựu gặp gỡ, xả hơi, vui chơi, ôn cố tri tân, cạn những chén rượu mừng. Không có ranh giới hay bất cứ khoảng cách nào giữa nhân viên và lãnh đạo, người FPT ấm áp đón lễ tất niên như các thành viên trong một gia đình.

Hội làng cũng là nơi diễn ra lễ Rước Trạng, ghi danh các gương mặt xuất sắc của cuộc thi Trạng FPT. Đa phần các Trạng nguyên sẽ được bổ nhiệm làm quản lý.

""Tứ khôi"" mùa Trạng online năm 2021 của FPT

Ngoài những hoạt động, lễ hội mang âm hưởng truyền thống, FPT cũng có những cuộc thi mang âm hưởng hiện đại, như FPT Under 35. Đây là cuộc thi để chọn ra 13 cá nhân xuất sắc dưới 35 tuổi trong tập đoàn.",2022-08-25T11:01:00+07:00,2022-08-25T11:01:00,2026-07-29T21:38:55.134884+07:00,CafeF,https://cafef.vn/gan-lien-voi-con-so-13-ben-trong-dai-ban-doanh-cua-tap-doan-fpt-co-gi-dac-biet-20220825101034828.chn,https://cafef.vn/gan-lien-voi-con-so-13-ben-trong-dai-ban-doanh-cua-tap-doan-fpt-co-gi-dac-biet-20220825101034828.chn,Theo Hoàng Thùy,Doanh nghiệp,https://cafefcdn.com/thumb_w/1200/203337114487263232/2022/8/25/photo1661397012037-1661397012802970324636.jpg,vi,EARNINGS,"[""EARNINGS_REPORT""]","[""FPT"", ""Tập đoàn FPT""]",13.0,"[""ticker_in_title:+1"", ""alias_in_title:+3"", ""ticker_in_summary:+1"", ""positive_entity:+1"", ""ticker_content:+3"", ""financial_terms:+2"", ""financial_metrics:+2""]",482a0f2a3c0c29485cd6168c327dc72a7928b1c37561798c2ace09f6e19c0295,1066,accepted
cafef_fpt_20221006_92a95b16,"[""FPT""]",Công ty Cổ phần FPT,"Chủ tịch Tập đoàn FPT Trương Gia Bình: “Ngành BĐS về tài chính thì ổn nhưng thủ tục vô vàn phức tạp, chuyển đổi số là cấp thiết”","Vingroup dùng chuyển đổi số sớm nên tốc độ dự án nhanh kinh ngạc. Một số tập đoàn khác như Coteccons, Đất Xanh… đã bắt đầu chuyển đổi số mang lại hiệu quả khổng lồ, tiết kiệm thời gian (30%), tiết kiệm tiền bạc, nguồn nhân lực, vòng quay vốn nhanh.","Đó là chia sẻ của ông Trương Gia Bình - Chủ tịch Tập đoàn FPT tại Đại hội Khóa V Nhiệm Kỳ (2022 – 2027) Hiệp Hội Bất Động Sản Việt Nam tổ chức sáng 9/6/2022.

Theo ông Bình, chuyển đổi số hiện nay không phải sự lựa chọn mà là nhất thiết. Vì chúng ta đã bước vào kỷ nguyên Cách mạng Công nghiệp lần thứ tư, chấm dứt thời kỳ ""cá lớn nuốt cá bé"", chuyển sang ""cá nhanh ăn cá chậm"".

Riêng với ngành bất động sản, xây dựng của Việt Nam có tính đặc thù và việc chuyển đổi số đem lại lợi ích khổng lồ. 2 lĩnh vực này đã trở thành cấu thành kinh tế quan trọng bậc nhất góp phần tăng trưởng GDP cho nền kinh tế suốt thời gian qua. Nhiều đề án đầu tư lên tới hàng tỷ đô, vòng đời rất dài.

""Thế nhưng, nhiều người phàn nàn với tôi không biết làm thế nào quản lý vài nghìn nhà thầu phụ cùng lúc. Ngành xây dựng thất thoát rất nhiều, làm sao để kiểm soát được chất lượng công trình để không thất thoát vật liệu, làm sao kiểm soát được nhân lực triển khai, làm sao để bán hàng nhanh nhất ra thị trường?…"", ông Bình đặt vấn đề.

Đặc biệt, trong hai ngành này cơ hội lớn nhưng rất nhiều chủ đầu tư Việt Nam vẫn còn sử dụng excel. Nếu đặt câu hỏi, hiện tại doanh nghiệp có biết thực trạng tài chính, có biết về thực trạng công trình ngày hôm nay không, dường như không ai trả lời nổi. Đó là thách thức trước bài toán quy mô như vậy.

Vì thế, đây là giai đoạn chuyển đổi số của ngành BĐS và xây dựng. ""Hóa ra ngành bất động sản về tài chính thì ổn, nhưng thủ tục thì không, muôn vàn yêu cầu không giống nhau. Ngành phức tạp đến mức khi chúng tôi trình bày với các công ty Nhật Bản về yêu cầu, họ cũng không làm nổi. Nhưng đó cũng là cơ hội cho người Việt, sức Việt"", ông Bình nhấn mạnh.

Vị Chủ tịch FPT cho rằng, chúng ta có thể đầu tư rất nhiều thứ, có thể mua những chiếc xe xuất sắc nhưng không hề biết nó đem lại những lợi ích gì nhưng đầu tư thông minh nhất với giá không đáng kể thì không làm. Một số tập đoàn, đặc biệt là Vingroup dùng chuyển đổi số sớm nên tốc độ dự án nhanh kinh ngạc, ngay cả nước ngoài cũng phải ngạc nhiên. Một số tập đoàn như Coteccons, Đất Xanh… đã bắt đầu chuyển đổi số mang lại hiệu quả khổng lồ, tiết kiệm thời gian (30%), tiết kiệm tiền bạc, nguồn nhân lực, vòng quay vốn nhanh.",2022-10-06T08:41:00+07:00,2022-06-10T08:41:00,2026-07-29T21:38:59.942544+07:00,CafeF,https://cafef.vn/chu-tich-tap-doan-fpt-truong-gia-binh-nganh-bds-ve-tai-chinh-thi-on-nhung-thu-tuc-vo-van-phuc-tap-chuyen-doi-so-la-cap-thiet-20220609132114442.chn,https://cafef.vn/chu-tich-tap-doan-fpt-truong-gia-binh-nganh-bds-ve-tai-chinh-thi-on-nhung-thu-tuc-vo-van-phuc-tap-chuyen-doi-so-la-cap-thiet-20220609132114442.chn,Hạ Vy,Bất động sản,https://cafefcdn.com/thumb_w/1200/203337114487263232/2022/6/9/photo1654755194074-1654755194346365287802.jpeg,vi,GENERAL_NEWS,[],"[""FPT"", ""Tập đoàn FPT""]",11.0,"[""ticker_in_title:+1"", ""alias_in_title:+3"", ""positive_entity:+1"", ""ticker_content:+2"", ""financial_terms:+2"", ""financial_metrics:+2""]",28cc1135f54947aee1cd60e107df966e28aa3ebf10278fd283f0cef55f251eae,476,accepted
cafef_fpt_20220420_5bffeddf,"[""FPT""]",Công ty Cổ phần FPT,"Tập đoàn FPT đạt 1.239 tỷ lãi ròng, tăng trưởng 37% trong quý 1/2022","Trong kỳ, FPT cũng ghi nhận nhiều đơn hàng lớn từ thị trường nước ngoài, trong đó có 7 dự án với quy mô trên 5 triệu USD (tăng 75%), số lượng khách hàng đóng góp doanh thu trên 1 triệu USD đạt 31 khách hàng, tăng 48% so với cùng kỳ, cho thấy sự hiệu quả của chiến lược ""săn cá voi"".","FPT:

Tập đoàn FPT (FPT) vừa công bố KQKD quý 1/2022, ghi nhận doanh thu 9.730 tỷ đồng, lợi nhuận trước thuế 1.779 tỷ đồng, lần lượt tăng 28% và 27% so với cùng kỳ năm ngoái.

Chi tiết cơ cấu doanh thu, bao gồm:

Thứ nhất, khối Công nghệ thông tin ghi nhận 5.593 tỷ đồng, tăng trưởng 35% so với cùng kỳ năm ngoái. Trong đó, doanh thu từ Chuyển đổi số cũng ghi nhận mức tăng trưởng cao 96% nhờ nhu cầu cho các công nghệ mới như Điện toán đám mây, AI/Phân tích dữ liệu và Low code.

Trong kỳ, FPT cũng ghi nhận nhiều đơn hàng lớn từ thị trường nước ngoài, trong đó có 7 dự án với quy mô trên 5 triệu USD (tăng 75%), số lượng khách hàng đóng góp doanh thu trên 1 triệu USD đạt 31 khách hàng, tăng 48% so với cùng kỳ, cho thấy sự hiệu quả của chiến lược ""săn cá voi"".

Thứ hai, doanh thu Dịch vụ Viễn thông tăng trưởng 2 con số (tăng hơn 184%) và đạt 3.320 tỷ đồng. Biên lợi nhuận được mở rộng từ 18,7% lên 19,1% nhờ tăng trưởng lợi nhuận từ mảng PayTV.

Cuối cùng, Mảng giáo dục tiếp tục mức tăng trưởng doanh thu cao 38%, đạt 961 tỷ đồng.

Khấu trừ chi phí, lãi ròng trong kỳ FPT tăng 1.239 tỷ đồng, tăng gần 37% so với quý 1/2021.",2022-04-20T14:58:36+07:00,2022-04-20T14:58:36,2026-07-29T21:39:04.756519+07:00,CafeF,https://cafef.vn/tap-doan-fpt-dat-1239-ty-lai-rong-tang-truong-37-trong-quy-1-2022-20220420145336059.chn,https://cafef.vn/tap-doan-fpt-dat-1239-ty-lai-rong-tang-truong-37-trong-quy-1-2022-20220420145336059.chn,Tri Túc,Doanh nghiệp,https://cafefcdn.com/thumb_w/1200/203337114487263232/2022/4/20/photo1650441186398-1650441186706100542166.jpg,vi,EARNINGS,"[""EARNINGS_REPORT""]","[""FPT"", ""Tập đoàn FPT""]",13.0,"[""ticker_in_title:+1"", ""alias_in_title:+3"", ""ticker_in_summary:+1"", ""positive_entity:+1"", ""ticker_content:+3"", ""financial_terms:+2"", ""financial_metrics:+2""]",5412947c8fa9a14aa3267ce1280f2bf96ab4071116215358243e5564e781a427,252,accepted
cafef_fpt_20220413_fb3c4664,"[""FPT""]",Công ty Cổ phần FPT,Nhà sáng lập Trương Gia Bình sẽ gánh vác trọng trách Chủ tịch Tập đoàn FPT đến năm 71 tuổi,"Đến hết nhiệm kỳ mới 2022-2027, các ""cây đa cây đề"" trong ban lãnh đạo FPT đều sẽ ở tuổi ""thất thập cổ lai hy"".","Công ty cổ phần FPT vừa có thông báo thay đổi nhân sự gửi tới Uỷ ban chứng khoán Nhà nước. Theo đó căn cứ theo Nghị quyết Đại hội đồng cổ đồng thường niên tổ chức ngày 7/4/2022, CTCP FPT có sự thay đổi nhân sự cấp cao.

Cụ thể ông Trương Gia Bình được tái bổ nhiệm vào chức vụ thành viên kiêm Chủ tịch HĐQT nhiệm kỳ 2022-2027. Ông Bùi Quang Ngọc được tái bổ nhiệm chức vụ thành viên kiêm Phó chủ tịch HĐQT nhiệm kỳ 2022-2027. Ông Đỗ Cao Bảo cũng được tái bổ nhiệm chức vụ thành viên HĐQT nhiệm kỳ 2022-2027.

Trong nhiệm kỳ mới của tập đoàn FPT xuất hiện 2 thành viên HĐQT là người nước ngoài mới là Hiroshi Yokotsuka và Hampapur Rangadore Binod thay cho Hamaguchi Tomokazu và Dan E Khoo.

Ông Trương Gia Bình đảm đương vị trí chủ tịch Hội đồng quản trị kiêm Tổng Giám đốc CTCP FPT giai đoạn từ năm 2002 đến năm 2009. Ông Bình tiếp tục đảm nhiệm vị trí Tổng giám đốc từ ngày 26 tháng 09 năm 2012 đến ngày 31 tháng 07 năm 2013. Vị trí này sau được giao cho nhân sự cấp cao khác và ông Bình vẫn đảm nhiệm vị trí cao nhất của tập đoàn. Như vậy nếu tính từ năm 2002 đến năm 2027, ông Trương Gia Bình gánh vác trọng trách chủ tịch HĐQT tập đoàn FPT trong 25 năm.

Cuối nhiệm kỳ mới 2022-2027, các ""cây đa cây đề"" trong ban lãnh đạo FPT đều sẽ ở tuổi ""thất thập cổ lai hy"". Cụ thể, tới năm 2027, ông Trương Gia Bình và ông Bùi Quang Ngọc cùng ở tuổi 71, ông Đỗ Cao Bảo 70 tuổi.",2022-04-13T09:24:28+07:00,2022-04-13T09:24:28,2026-07-29T21:39:08.593990+07:00,CafeF,https://cafef.vn/nha-sang-lap-truong-gia-binh-se-ganh-vac-trong-trach-chu-tich-tap-doan-fpt-den-nam-71-tuoi-20220413091742224.chn,https://cafef.vn/nha-sang-lap-truong-gia-binh-se-ganh-vac-trong-trach-chu-tich-tap-doan-fpt-den-nam-71-tuoi-20220413091742224.chn,Theo Mộc An,Kinh tế số,https://cafefcdn.com/thumb_w/1200/203337114487263232/2022/4/13/photo1649816189126-16498161892452078699350.jpg,vi,CORPORATE_DISCLOSURE,"[""LEADERSHIP_CHANGE""]","[""FPT"", ""Tập đoàn FPT"", ""Công ty Cổ phần FPT""]",10.0,"[""ticker_in_title:+1"", ""alias_in_title:+3"", ""ticker_in_summary:+1"", ""positive_entity:+2"", ""ticker_content:+3""]",751f07d0aa8065f9282aebdb8dd079e2ff061c71db6119327efb965d12a67ebd,301,accepted
cafef_fpt_20210409_5d10d27b,"[""FPT""]",Công ty Cổ phần FPT,Khẩn tìm người từng đến điểm tiêm vaccine COVID-19 tại trụ sở Tập đoàn FPT,"Ban Chỉ đạo phòng chống dịch COVID-19 quận Cầu Giấy, Hà Nội thông báo khẩn, tìm người đến điểm tiêm vaccine từ 13h30-15h30 ngày 27/8 và 8h-10h ngày 30/8 tại trụ sở Tập đoàn FPT, số 10 Phạm Văn Bạch.","Ban Chỉ đạo phòng chống COVID-19 quận Cầu Giấy ra thông báo tìm những người từng đến địa điểm tiêm vaccine COVID-19 tại trụ sở Tập đoàn FPT (số 10 Phạm Văn Bạch) trong thời gian từ 13h30-15h30 ngày 27/8 và 8h00-10h00 ngày 30/8. Đây là thời gian có ca bệnh COVID-19 cùng đi tiêm chủng.

Nhân viên y tế thực hiện khám sàng lọc cho người dân trước khi tiêm vaccine. Ảnh minh họa.

Sáng 4/9, Trung tâm Kiểm soát bệnh tật (CDC) TP Hà Nội thông tin thêm 6 người dương tính SARS-CoV-2, phân bố tại 4 quận/huyện là Thanh Xuân (2), Hà Đông (2), Đống Đa (1), Hai Bà Trưng (1).

Tính đến sáng 4/9, cộng dồn số mắc tại Hà Nội trong đợt dịch 4 (từ ngày 27/4/2021): 3.430 ca, trong đó số mắc ghi nhận ngoài cộng đồng 1.559 ca, số mắc là đối tượng đã được cách ly 1.871 ca.",2021-04-09T12:40:38+07:00,2021-09-04T12:40:38,2026-07-29T21:39:10.570642+07:00,CafeF,https://cafef.vn/khan-tim-nguoi-tung-den-diem-tiem-vaccine-covid-19-tai-tru-so-tap-doan-fpt-20210904124122037.chn,https://cafef.vn/khan-tim-nguoi-tung-den-diem-tiem-vaccine-covid-19-tai-tru-so-tap-doan-fpt-20210904124122037.chn,Theo PV,Xã hội,https://cafefcdn.com/thumb_w/1200/203337114487263232/2021/9/4/photo1630733928598-16307339286891592055631.jpeg,vi,GENERAL_NEWS,[],"[""FPT"", ""Tập đoàn FPT""]",7.0,"[""ticker_in_title:+1"", ""alias_in_title:+3"", ""ticker_in_summary:+1"", ""positive_entity:+1"", ""ticker_content:+1""]",c3b6d9a0a4c5abdc46f041f19e7c393c0b54d7f79bad3d91b788f664084f41af,173,accepted
cafef_fpt_20210517_941f4d17,"[""FPT""]",Công ty Cổ phần FPT,Chủ tịch HĐQT Tập đoàn FPT - Trương Gia Bình: “Quản trị trải nghiệm khách hàng là yếu tố sống còn của doanh nghiệp”,Nâng cao trải nghiệm khách hàng (CX) là xu hướng giúp doanh nghiệp phát triển bền vững và tồn tại trong kỷ nguyên công nghệ.,"Theo khảo sát của Customer Experience Index (CEI), 86% khách hàng sẵn sàng chi trả nhiều hơn để có trải nghiệm tốt hơn, trong khi 40% sẽ mua nhiều hơn từ một công ty cung cấp trải nghiệm khách hàng tuyệt vời. Công ty tư vấn trải nghiệm khách hàng Walker cho rằng trải nghiệm khách hàng sẽ vượt qua giá cả và chất lượng sản phẩm để trở thành điểm đặc biệt để nhận dạng thương hiệu.

Khi được hỏi về tầm quan trọng của chiến lược ""Customer Centric - Khách hàng là trung tâm"" đối với các tập đoàn lớn nói chung và tập đoàn FPT nói riêng, ông Trương Gia Bình - Chủ tịch HĐQT Tập đoàn FPT cho biết: ""Trong thời kỳ chuyển đổi số đang diễn ra vô cùng mạnh mẽ như hiện nay, quản trị trải nghiệm khách hàng để thu hút và giữ chân khách hàng đã trở thành một trong những yếu tố tiên quyết ảnh hưởng đến vấn đề sống còn của doanh nghiệp. Bởi, khách hàng không trung thành với thương hiệu, họ trung thành với trải nghiệm thương hiệu đó mang đến cho họ. Tại thị trường Việt Nam hiện nay có ít doanh nghiệp hiểu rõ và thực hiện quản trị trải nghiệm khách hàng bài bản, việc thành công tối ưu hóa quản trị trải nghiệm khách hàng sẽ tạo ra lợi thế cạnh tranh vượt trội.""

Theo ông Bình, Trải nghiệm khách hàng thời 4.0 chính là sự kết hợp giữa con người và công nghệ. Trong tương lai, doanh nghiệp cần phải cá thể hoá sản phẩm theo mong muốn người dùng. Đối với Tập đoàn FPT trong năm 2021, chiến lược quản trị trải nghiệm khách hàng có thể tóm gọn trong một câu: ""DD - CC: Data driven & Customer centric"". Có nghĩa là, sử dụng công nghệ, công cụ tiên tiến để theo dõi, nắm bắt nhu cầu, tâm lý, hành vi tiêu dùng từ đó cá nhân hóa trải nghiệm khách hàng.

Vì vậy, sứ mệnh của Viện quản trị & Công nghệ FSB - Đại học FPT phải thay đổi nhận thức học viên về công tác quản trị kinh doanh. Nếu trước kia, chúng ta chỉ có một chữ ""Customer Satisfaction"" (Sự hài lòng khách hàng) thì ngày nay, chúng ta còn có ""Customer Experience"" (Trải nghiệm khách hàng), ""Customer Journey"" (Hành trình khách hàng). Vì vậy, hài lòng thôi là chưa đủ, mà doanh nghiệp phải dịch chuyển để đáp ứng nhu cầu khách hàng trong thời đại số. Để làm được điều này, FSB cần phải đồng hành cùng doanh nghiệp, vừa đào tạo vừa giới thiệu doanh nghiệp những công cụ hiện đại nhất từ những nước tiên tiến hàng đầu trên thế giới bởi chiến lược trải nghiệm khách hàng là lý do để doanh nghiệp của bạn có quyền tồn tại."" - Chủ tịch Tập đoàn FPT - Ông Trương Gia Bình chia sẻ.

Khóa học Quản trị trải nghiệm khách hàng độc quyền tại FSB

Thấu hiểu tầm quan trọng của việc thu hút và giữ chân khách hàng, Viện Quản trị & Công nghệ FSB - Đại học FPT tự hào trở thành đối tác đầu tiên tại Châu Á của Michigan State University (MSU) độc quyền khai thác khoá học Quản trị trải nghiệm khách hàng (CXM) tại Việt Nam. Khóa học được triển khai theo hình thức Hybrid Learning khi kết hợp dạy và học online - offline. Học viên được giảng dạy trực tiếp bởi TS.Tom Dewitt, Chủ tịch hiệp hội ""CX of M""– Hiệp hội các chuyên gia trải nghiệm khách hàng Michigan"" & Tiến sĩ Forrest V. Morgeson III - Nguyên giám đốc Nghiên cứu ""Trung tâm chỉ số hài lòng của khách hàng Hoa Kỳ (ACSI), cùng với các chuyên gia đồng giảng của FSB đóng vai trò cố vấn chuyên môn trực tiếp trên lớp - tại tất cả các buổi học.

Với 8 buổi học được thiết kế tinh gọn, học viên được trang bị đầy đủ kiến thức cập nhật mới nhất. Khóa học giúp doanh nghiệp hiểu rõ bản chất và giá trị của ""Trải nghiệm khách hàng"", thấu hiểu những yếu tố ảnh hưởng đến cảm xúc và niềm tin thương hiệu đến xây dựng văn hóa doanh nghiệp theo định hướng và nâng cao vị thế thương hiệu, tạo lợi thế cạnh tranh bền vững. Đặc biệt, không chỉ cung cấp kiến thức trên giáo trình, khoá học còn lồng ghép các hoạt động mở rộng như phân tích Case Study doanh nghiệp Việt Nam, Field Trip, Vip Business Lunch, giúp học viên gia tăng cơ hội networking, hiểu sâu và ứng dụng tối đa kiến thức truyền đạt.

Chứng chỉ Quốc tế khoá học CXM đầu tiên tại Việt Nam

Kết thúc chương trình, học viên được cấp chứng chỉ quốc tế từ Broad - Đại Học Michigan - Trường kinh doanh được xếp hạng 80 trường tốt nhất Hoa Kỳ (theo US News) và đứng thứ 105/1000 trường đại học hàng đầu thế giới theo Times Higher Education (THE).

""Con người đang sống trong kỷ nguyên công nghệ và chính công nghệ đang thay đổi hành vi người tiêu dùng. Trong bối cảnh thời thế đang thay đổi, Viện quản trị & công nghệ FSB sẽ đồng hành và hỗ trợ doanh nghiệp tiếp cận kịp thời với những quan điểm hiện đại nhất mà tất cả phải gắn liền với chữ ""số"" - Chủ tịch Tập đoàn FPT khẳng định.

Chủ tịch Trương Gia Bình khẳng định tầm quan trọng của Trải nghiệm khách hàng

Đăng ký tìm hiểu khoá học tại: http://fpub.fsb.edu.vn/cxm

Viện Quản trị & Công nghệ FSB - Trường Đại học FPT có hơn 20 năm kinh nghiệm đào tạo về Quản trị Tổ chức và Doanh nghiệp. FSB được Tổ chức giáo dục toàn cầu Eduniversal ghi nhận là Trường kinh doanh tốt nhất Việt Nam, xếp hạng 24 trong Top 30 chương trình MBA tốt nhất Đông Á (năm 2019-2020). Đại học FPT là trường đại học đầu tiên tại Việt Nam đạt chuẩn 3 sao QS Stars (trong đó tiêu chí chất lượng giảng dạy đạt 5 sao); và chuẩn kiểm định (Accredited) bởi ACBSP (Accreditation Council for Business Schools and Programs – một trong hai tổ chức điểm định quốc tế cao nhất cho Khối ngành quản trị kinh doanh trên Thế giới hiện nay).

Viện Quản trị & Công nghệ FSB - Trường Đại học FPT

Website: http://fsb.edu.vn/

Facebook: https://www.facebook.com/fsb.fpt.edu.vn

Điện thoại: (+84) 024 6287 1628",2021-05-17T17:30:00+07:00,2021-05-17T17:30:00,2026-07-29T21:39:15.033352+07:00,CafeF,https://cafef.vn/chu-tich-hdqt-tap-doan-fpt-truong-gia-binh-quan-tri-trai-nghiem-khach-hang-la-yeu-to-song-con-cua-doanh-nghiep-2021051717080596.chn,https://cafef.vn/chu-tich-hdqt-tap-doan-fpt-truong-gia-binh-quan-tri-trai-nghiem-khach-hang-la-yeu-to-song-con-cua-doanh-nghiep-2021051717080596.chn,Ánh Dương,Sống,https://cafefcdn.com/thumb_w/1200/pr/2021/photo-1-1621227611295394373161-0-0-1250-2000-crop-1621227675845-63756868086178.jpg,vi,MULTI_COMPANY_NEWS,[],"[""FPT"", ""Tập đoàn FPT""]",6.0,"[""ticker_in_title:+1"", ""alias_in_title:+3"", ""positive_entity:+1"", ""ticker_content:+3"", ""financial_terms:+2"", ""financial_metrics:+2"", ""many_tickers:-3"", ""multi_company_news:-3""]",91ad3f321087ff93c4529866d7e04a47032159fe39d24770931db8683cbf4688,1103,accepted
cafef_fpt_20210516_0dad48c8,"[""FPT""]",Công ty Cổ phần FPT,Tập đoàn FPT toan tính điều gì khi muốn cùng tư vấn Mỹ tài trợ lập quy hoạch tỉnh Khánh Hòa?,"Ngày 14/5, UBND tỉnh Khánh Hòa và Tập đoàn McKinsey & Company (Mỹ) cùng Tập đoàn FPT đã ký kết thỏa thuận lập quy hoạch tỉnh Khánh Hòa giai đoạn 2021 - 2030, tầm nhìn đến năm 2050.","Tập đoàn McKinsey & Company là đơn vị tư vấn hàng đầu thế giới, có lịch sử hình thành gần 100 năm. Đại diện lãnh đạo Tập đoàn FPT bày tỏ mong muốn được tài trợ kinh phí lập quy hoạch tỉnh, trong đó Tập đoàn McKinsey & Company (Mỹ) thực hiện việc lập quy hoạch.

Lãnh đạo Tập đoàn FPT cho biết, việc đưa các đơn vị tư vấn lớn trên thế giới vào việc lập quy hoạch tỉnh nhằm cụ thể hóa các thiện ý của tập đoàn đối với tỉnh. Đơn vị mong muốn được đồng hành với tỉnh trong công tác lập quy hoạch, giám sát quy hoạch, kêu gọi đầu tư và trực tiếp đầu tư vào lĩnh vực giáo dục - công nghệ nếu được lựa chọn.

Được biết, quy hoạch đến năm 2030, Khánh Hòa sẽ là thành phố trực thuộc Trung ương. Hiện nay, thời hạn trình quy hoạch cho Thủ tướng Chính phủ thẩm định, ban hành quyết định chỉ còn 16 tháng. Khánh Hoà thống nhất thời gian ký thỏa thuận 3 bên (Tập đoàn FPT, Tập đoàn McKinsey & Company và UBND tỉnh) là ngày 27/5; dự kiến thời gian trình Thủ tướng phê duyệt quy hoạch tỉnh là 10 tháng kể từ ngày ký thỏa thuận 3 bên.

Được biết, trước đó Tập đoàn FPT đã đồng hành xây dựng Đà Nẵng trở thành thành phố khoa học công nghệ đẳng cấp. FPT đã xây dựng chiến lược và dành nguồn lực lớn để đầu tư nhiều dự án như: dự án Khu đô thị công nghệ FPT Đà Nẵng; thành lập Khu Công nghệ thông tin tập trung tại khu phức hợp FPT Complex; xây dựng các chương trình hợp tác chuyển đổi số…Hiện nay, Khu đô thị công nghệ FPT Đà Nẵng đã được bàn giao mặt bằng gần 164 ha, với tổng mức đầu tư đến thời điểm hiện tại gần 1 tỷ USD.",2021-05-16T09:40:20+07:00,2021-05-16T09:40:20,2026-07-29T21:39:19.286993+07:00,CafeF,https://cafef.vn/tap-doan-fpt-toan-tinh-dieu-gi-khi-muon-cung-tu-van-my-tai-tro-lap-quy-hoach-tinh-khanh-hoa-20210516094004224.chn,https://cafef.vn/tap-doan-fpt-toan-tinh-dieu-gi-khi-muon-cung-tu-van-my-tai-tro-lap-quy-hoach-tinh-khanh-hoa-20210516094004224.chn,Lan Nhi,Bất động sản,https://cafefcdn.com/thumb_w/1200/203337114487263232/2021/5/16/photo1621132720566-16211327207341394993400.jpg,vi,GENERAL_NEWS,[],"[""FPT"", ""Tập đoàn FPT""]",11.0,"[""ticker_in_title:+1"", ""alias_in_title:+3"", ""ticker_in_summary:+1"", ""positive_entity:+1"", ""ticker_content:+3"", ""financial_metrics:+2""]",ee62397d5145534072268a7fcd223dfda30906ae4a80e31012a063f2547d0d1f,327,accepted
cafef_fpt_20201217_6600fdec,"[""FPT""]",Công ty Cổ phần FPT,Tập đoàn Hưng Thịnh ký kết hợp tác chiến lược cùng Tập đoàn FPT,"Sáng ngày 16/12/2020, Tập đoàn Hưng Thịnh – Top 10 doanh nghiệp phát triển bền vững Việt Nam đã ký kết hợp tác chiến lược cùng Tập đoàn FPT – Tập đoàn tiên phong chuyển đổi số Việt Nam.","Sự kiện mở ra bước phát triển mới khi các bên sẽ đồng hành trong công cuộc chuyển đổi số, xây dựng và áp dụng các giải pháp công nghệ tiên tiến vào hoạt động quản trị, vận hành các dự án khu đô thị.

Theo hợp tác, FPT sẽ tư vấn và đồng hành cùng Hưng Thịnh để hướng đến mục tiêu phát triển Hưng Thịnh trở thành Tập đoàn bất động sản chuyển đổi số và áp dụng công nghệ tốt nhất Việt Nam. Song song, hai bên sẽ cùng đầu tư, phát triển và ứng dụng các công nghệ tiên phong như dữ liệu lớn (Big Data), trí tuệ nhân tạo (AI); ứng dụng công nghệ tiên tiến cho ngành xây dựng và vật liệu xây dựng mới; đồng hành trong việc xây dựng các đề án về khu đô thị thông minh và thành phố thông minh, cùng đầu tư, triển khai, vận hành nền tảng thông minh cho các dự án của Hưng Thịnh tại TP.Quy Nhơn (tỉnh Bình Định) cũng như một số dự án khác.

Sự hợp tác lần này giữa hai tập đoàn nhằm thúc đẩy hơn nữa việc chuyển đổi số cũng như áp dụng công nghệ mới vào các sản phẩm của Tập đoàn Hưng Thịnh để đem đến cho khách hàng những giá trị ngày càng hoàn hảo

Chia sẻ về sự hợp tác lần này, ông Nguyễn Đình Trung – Chủ tịch Tập đoàn Hưng Thịnh cho biết: ""Đứng trước sự lan tỏa của các cuộc cách mạng công nghiệp, Hưng Thịnh đã xác định chuyển đổi số và ưu tiên phát triển công nghệ chính là xu hướng tất yếu. Hưng Thịnh và FPT sẽ phối hợp cùng nhau tạo nên những giá trị tốt đẹp nhất nhằm tạo dựng một cộng đồng ngày càng hưng thịnh. Ngoài ra, chúng tôi còn hỗ trợ và đầu tư cho các nghiên cứu về khoa học công nghệ của các trường đại học và sẽ tiếp tục đầu tư trong những năm tới. Đặc biệt, Hưng Thịnh đang phát triển nền tảng Proptech kết hợp Fintech với số vốn đã đầu tư ban đầu là 15 triệu USD và dự kiến tổng vốn đầu tư cho dự án sẽ lên đến 70 triệu USD trong năm tới. Mục tiêu của chúng tôi là phát triển dự án Proptech thành một Platform chung cho cả thị trường nhằm đẩy mạnh sự minh bạch, tốc độ giao dịch và tiết kiệm thời gian trong các giao dịch bất động sản"".

Ông Nguyễn Đình Trung phát biểu tại buổi lễ

Trước đó, FPT và Tập đoàn Hưng Thịnh cũng đã hợp tác, ký kết nhiều hợp đồng dịch vụ công nghệ thông tin, viễn thông nhằm tối ưu hoá hoạt động cũng như đảm bảo an toàn an ninh mạng.

Ông Trương Gia Bình phát biểu tại buổi lễ

Ông Trương Gia Bình – Chủ tịch Tập đoàn FPT chia sẻ: ""Việc Hưng Thịnh quyết tâm chuyển đổi số sâu rộng thể hiện tầm nhìn mang tầm quốc gia, khu vực của Ban lãnh đạo. Với thế mạnh riêng có về năng lực tư vấn, kinh nghiệm triển khai chuyển đổi số cho các đối tác toàn cầu, phương pháp luận chuyển đổi số FPT Digital Kaizen và nguồn lực gần 18.000 chuyên gia công nghệ, trong thời gian tới, FPT sẽ sát cánh cùng Hưng Thịnh chuyển đổi số thành công trong hoạt động vận hành, quản trị cũng như trong các dự án bất động sản của Hưng Thịnh. Trong đó, FPT sẽ phối hợp triển khai, vận hành nền tảng, giải pháp Khu đô thị thông minh, thành phố thông minh cho các dự án của Hưng Thịnh tại Bình Định, giúp nâng cao chất lượng cuộc sống, kinh tế, xã hội, văn hóa và bền vững với môi trường.""

Về Tập đoàn Hưng Thịnh:

Sau gần 20 năm hoạt động, Tập đoàn Hưng Thịnh hiện là một trong những tập đoàn kinh tế tư nhân phát triển lớn mạnh nằm trong top đầu cả nước với hơn 100 công ty thành viên, sở hữu quỹ đất hơn 4.500 ha cùng hơn 100 dự án BĐS. Với hạt nhân cốt lõi là bất động sản, Tập đoàn Hưng Thịnh hiện đã xây dựng hoàn chỉnh hệ sinh thái bao gồm: Đầu tư và phát triển các loại hình bất động sản, xây dựng, công nghệ PropTech và Fintech, kinh doanh trên nền tảng số… Mới đây, Hưng Thịnh Land – thành viên nòng cốt của Tập đoàn Hưng Thịnh đã được Tạp chí Forbes Việt Nam bầu chọn là 1 trong 10 nhà phát triển bất động sản hàng đầu Việt Nam. Ngoài ra, Hưng Thịnh Land cũng được đánh giá là nhà phát triển bất động sản lớn thứ 2 ở Việt Nam (sau Vinhomes), với 4% thị phần bất động sản nhà ở tại Việt Nam trong giai đoạn 2016 - nửa đầu 2020.

Về Tập đoàn FPT :

Là công ty công nghệ hàng đầu, FPT được vinh danh trong Top 300 doanh nghiệp giá trị nhất châu Á trong 5 năm liên tiếp, 04 năm liền lọt Top 50 thương hiệu công ty giá trị nhất Việt Nam (theo đánh giá của Forbes. Sở hữu phương pháp luận chuyển đổi số FPT Digital Kaizen, kinh nghiệm triển khai chuyển đổi số cho các tập đoàn hàng đầu trong và ngoài nước, FPT đã khẳng định vai trò tiên phong chuyển đổi số quốc gia cũng như những nỗ lực đóng góp cho sự phát triển kinh tế số, xã hội số, quốc gia số. Doanh thu chuyển đổi số 11 tháng đầu năm của FPT đạt 2.936 tỷ đồng, tăng 34% so với cùng kỳ, tập trung vào các công nghệ như Điện toán đám mây, Vạn vật Kết nối Internet, và Low code.",2020-12-17T17:30:00+07:00,2020-12-17T17:30:00,2026-07-29T21:39:42.496899+07:00,CafeF,https://cafef.vn/tap-doan-hung-thinh-ky-ket-hop-tac-chien-luoc-cung-tap-doan-fpt-20201217170750342.chn,https://cafef.vn/tap-doan-hung-thinh-ky-ket-hop-tac-chien-luoc-cung-tap-doan-fpt-20201217170750342.chn,Ánh Dương,Doanh nghiệp,https://cafefcdn.com/thumb_w/1200/pr/2020/1608192130588-42-0-666-999-crop-1608192134852-63743821670420.jpg,vi,EARNINGS,"[""EARNINGS_REPORT""]","[""FPT"", ""Tập đoàn FPT""]",13.0,"[""ticker_in_title:+1"", ""alias_in_title:+3"", ""ticker_in_summary:+1"", ""positive_entity:+1"", ""ticker_content:+3"", ""financial_terms:+2"", ""financial_metrics:+2""]",673d6f6c5373d9dc57443a3ad4431c9d6be480c0d6eae2442bbf0d9d0d749e77,988,accepted
cafef_fpt_20200522_abb4a738,"[""FPT""]",Công ty Cổ phần FPT,NCB ký kết Thỏa thuận hợp tác chiến lược với Tập đoàn FPT,"Ngày 21/5/2020, tại Hà Nội đã diễn ra Lễ Ký kết thỏa thuận hợp tác (MOU) giữa Ngân hàng TMCP Quốc dân (NCB) và Tập đoàn FPT.","Ngày 21/5/2020, tại Hà Nội đã diễn ra Lễ Ký kết thỏa thuận hợp tác (MOU) giữa Ngân hàng TMCP Quốc dân (NCB) vàTập đoàn FPT.

Theo MOU, Tập đoàn FPT sẽ hợp tác cùngNCB xây dựng chiến lược chuyển đổi số và phát triển đa kênh phân phối các sản phẩm dịch vụ. Thỏa thuận hợp tác chiến lược này kỳ vọng sẽ mang đến những bước thay đổi mạnh mẽ - khi các tập đoàn chia sẻ và khai thác các thế mạnh của nhau, từ đó mở rộng cơ hội phát triển các dịch vụ và sản phẩm trong tương lai.

Với bề dày 25 năm hoạt động, NCB là một tổ chức tín dụng luôn hoạt động an toàn, hiệu quả, bền vững, luôn hướng về các sản phẩm bán lẻ, chú trọng phát triển chương trình sản phẩm tín dụng phù hợp. NCB đã tích cực cấp tín dụng cho các thành phần kinh tế, cung cấp đa dạng và thường xuyên đổi mới các sản phẩm dịch vụ tiền tệ ngân hàng, thanh toán, nâng cao chất lượng phục vụ khách hàng. Bên cạnh đó, NCB còn là một trong những ngân hàng tích cực trong công tác an sinh xã hội với nhiều chương trình thiết thực vì cộng đồng.

Với lịch sử hơn 31 năm, Tập đoàn FPT là doanh nghiệp hàng đầu Việt Nam trong lĩnh vực cung cấp các dịch vụ liên quan công nghệ thông tin. Với những tương đồng về bề dày lịch sử hình thành và phát triển, cùng với sự phù hợp trong việc kết hợp các sản phẩm, dịch vụ của nhau, Tập đoàn FPT, NCB đã trở thành những đối tác chiến lược thiện chí, sẵn sàng hỗ trợ lẫn nhau để hiện thực hóa những chiến lược tổng thể dài hạn cũng như các kế hoạch hành động được triển khai từ năm 2020.",2020-05-22T17:08:00+07:00,2020-05-22T17:08:00,2026-07-29T21:39:46.976001+07:00,CafeF,https://cafef.vn/ncb-ky-ket-thoa-thuan-hop-tac-chien-luoc-voi-tap-doan-fpt-va-tap-doan-gami-20200522170815889.chn,https://cafef.vn/ncb-ky-ket-thoa-thuan-hop-tac-chien-luoc-voi-tap-doan-fpt-va-tap-doan-gami-20200522170815889.chn,Ánh Dương,Tài chính - ngân hàng,https://cafefcdn.com/thumb_w/1200/2020/5/23/nc-1590244233391864287642-crop-1590244237578763857943.jpg,vi,GENERAL_NEWS,[],"[""FPT"", ""Tập đoàn FPT""]",9.0,"[""ticker_in_title:+1"", ""alias_in_title:+3"", ""ticker_in_summary:+1"", ""positive_entity:+1"", ""ticker_content:+3""]",596f75434eaad100e4ea122394e62232fe7ee34b906fc34cef2ea85bb8e9c81d,322,accepted
cafef_fpt_20181031_94f167d8,"[""FPT""]",Công ty Cổ phần FPT,"Vietcombank ký kết thỏa thuận hợp tác với UBND tỉnh Quảng Ninh và Tập đoàn FPT cung cấp dịch vụ thanh toán phí, lệ phí dịch vụ công","Theo thỏa thuận được kí kết, Vietcombank sẽ cung cấp các dịch vụ thanh toán phí, lệ phí tại các Trung tâm phục vụ hành chính công trên địa bàn tỉnh Quảng Ninh như dịch vụ thanh toán điện tử; thanh toán QR Code, thanh toán thẻ...","Chiều ngày 29/10/2018, tại tỉnh Quảng Ninh, Ngân hàng TMCP Ngoại thương Việt Nam (Vietcombank) cùng Ủy ban Nhân dân (UBND) tỉnh Quảng Ninh và Tập đoàn FPT (FPT) đã tổ chức Lễ ký kết thỏa thuận hợp tác cung cấp dịch vụ thanh toán phí, lệ phí dịch vụ công tại các Trung tâm phục vụ hành chính công trên địa bàn tỉnh Quảng Ninh.

Tham dự buổi lễ, về phía UBND tỉnh Quảng Ninh có ông Đặng Huy Hậu – Phó Chủ tịch thường trực cùng đại diện lãnh đạo một số đơn vị trên địa bàn gồm: VP UBND tỉnh, Sở Tài chính, Kho bạc Nhà nước, Ngân hàng Nhà nước, Sở Thông tin & Truyền thông, Trung tâm Hành chính công tỉnh Quảng Ninh; về phía Tập đoàn FPT có ông Bùi Quang Ngọc – Tổng Giám đốc; ông Dương Dũng Triều – Chủ tịch HĐTV Công ty Hệ thống thông tin FPT; về phía Vietcombank có ông Nghiêm Xuân Thành - Ủy viên BCH Đảng bộ Khối doanh nghiệp Trung ương, Bí thư Đảng ủy, Chủ tịch HĐQT; ông Đào Minh Tuấn – Phó Tổng Giám đốc cùng lãnh đạo các chi nhánh Vietcombank trên địa bàn gồm: Quảng Ninh, Hạ Long, Móng Cái và đại diện lãnh đạo một số phòng/ban tại TSC.

Đại diện UBND Tỉnh Quảng Ninh, ông Đặng Huy Hậu – Phó Chủ tịch thường trực (giữa) cùng đại diện Vietcombank, ông Đào Minh Tuấn – Phó Tổng Giám đốc (bên trái) và đại diện Tập đoàn FPT, ông Bùi Quang Ngọc – Tổng Giám đốc ký kết thỏa thuận hợp tác

Với mục tiêu xác định công tác cải cách hành chính công là một trong những đột phá chiến lược của Tỉnh, là nhiệm vụ trọng tâm có tính chất quyết định thúc đẩy phát triển kinh tế xã hội, Tỉnh Quảng Ninh đặc biệt chú trọng đẩy mạnh ứng dụng công nghệ thông tin, cung cấp dịch vụ công trực tuyến mức độ cao cho doanh nghiệp và người dân. Thỏa thuận hợp tác giữa UBND Tỉnh Quảng Ninh, Vietcombank và FPT là một trong những cột mốc của ""Đề án xây dựng chính quyền điện tử, nhằm nâng cao hơn nữa chất lượng dịch vụ hành chính công, nâng cao chỉ số cải cách hành chính, chỉ số năng lực cạnh tranh của cấp Tỉnh, đồng thời đáp ứng chiến lược phát triển mở rộng các dịch vụ thanh toán hiện đại của Vietcombank đến với người dân và doanh nghiệp.

Ông Nghiêm Xuân Thành - Chủ tịch HĐQT Vietcombank (bên trái) trao quà lưu niệm cho UBND tỉnh Quảng Ninh

Theo thỏa thuận được kí kết, Vietcombank sẽ cung cấp các dịch vụ thanh toán phí, lệ phí tại các Trung tâm phục vụ hành chính công trên địa bàn tỉnh Quảng Ninh bao gồm: (1) Dịch vụ thanh toán thương mại điện tử (Ecommerce) qua kênh Internet B@nking của Vietcombank (dịch vụ cho phép tổ chức, cá nhân thực hiện nộp phí, lệ phí dịch vụ công trực tiếp từ hệ thống chính quyền điện tử tỉnh thông qua kênh Internet B@nking của Vietcombank); (2) Dịch vụ thanh toán QR code (dịch vụ cho phép tổ chức, cá nhân sử dụng ứng dụng di động Mobile B@nking của Vietcombank quét mã QR để thanh toán phí, lệ phí dịch vụ công);

(3) Dịch vụ thanh toán thẻ (dịch vụ mà Vietcombank cung cấp các máy chấp nhận thanh toán thẻ - máy POS tại các điểm thu phí, lệ phí dịch vụ công hoặc các giải pháp thanh toán thẻ trực tuyến để thực hiện thanh toán phí dịch vụ qua thẻ). Vietcombank cam kết đảm bảo chất lượng dịch vụ thanh toán cung cấp với các chính sách ưu đãi khách hàng tốt nhất cho các tổ chức, cá nhân trong việc nộp phí, lệ phí dịch vụ công trên địa bàn Tỉnh.

Bằng việc kí kết thỏa thuận hợp tác với UBND tỉnh Quảng Ninh và FPT, Vietcombank một lần nữa khẳng định cam kết của một ngân hàng lớn đối với sự phát triển của tỉnh Quảng Ninh nói riêng và đất nước nói chung.",2018-10-31T11:30:00+07:00,2018-10-31T11:30:00,2026-07-29T21:39:51.453953+07:00,CafeF,https://cafef.vn/vietcombank-ky-ket-thoa-thuan-hop-tac-voi-ubnd-tinh-quang-ninh-va-tap-doan-fpt-cung-cap-dich-vu-thanh-toan-phi-le-phi-dich-vu-cong-2018103110563931.chn,https://cafef.vn/vietcombank-ky-ket-thoa-thuan-hop-tac-voi-ubnd-tinh-quang-ninh-va-tap-doan-fpt-cung-cap-dich-vu-thanh-toan-phi-le-phi-dich-vu-cong-2018103110563931.chn,A.D,Tài chính - ngân hàng,https://cafefcdn.com/thumb_w/1200/2018/10/31/photo1540958080388-15409580803881092307500.jpg,vi,GENERAL_NEWS,[],"[""FPT"", ""Tập đoàn FPT""]",8.0,"[""ticker_in_title:+1"", ""alias_in_title:+3"", ""positive_entity:+1"", ""ticker_content:+3""]",c68865083b4cbd7efeeab966022fa4273e86f7ab9d8503d8c4ec5c5ec16329df,698,accepted
cafef_fpt_20160807_bd3469b7,"[""FPT""]",Công ty Cổ phần FPT,Giá trị của Thế giới Di động sắp vượt giá trị của cả tập đoàn FPT,"Khi Thế giới Di động mới lên sàn cách đây 2 năm, giá trị của doanh nghiệp này chưa bằng 1/3 so với FPT. Trong nửa năm qua, trong khi cổ phiếu Di động tăng tới 70% thì cổ phiếu FPT gần như ""dậm chân tại chỗ"".","FPT&MWG:

Phiên giao dịch ngày 7/7/2016, VN-Index tiếp tục lập đỉnh mới của 8 năm khi tăng gần 12 điểm lên trên 661 điểm. Cùng với xu hướng chung của thị trường, một loạt cổ phiếu chủ chốt như như Vinamilk, Thế giới Di động, Hòa Phát, Hoa Sen, Dược Hậu Giang… cũng leo lên mức giá cao nhất mọi thời đại (giá đã điều chỉnh kỹ thuật).

Trong số này, MWG của Thế giới Di động tăng trần – tương ứng tăng 8.000 đồng – lên 131.000 tỷ đồng. Tại mức giá này, giá trị thị trường của chuỗi bán lẻ điện máy lớn nhất Việt Nam hiện đạt 19.200 tỷ đồng (857 triệu USD).

Một sự so sánh thú vị là hiện giá trị của Thế giới Di động đã tương đương với với giá trị của cả Tập đoàn FPT . Vốn hóa của FPT hiện đạt 19.800 tỷ đồng (884 triệu USD). Cả 2 doanh nghiệp này hiện đều nằm trong số 15 công ty có giá trị lớn nhất trên sàn chứng khoán Việt Nam.

Đầu năm 2015, giá trị của Thế giới Di động từng suýt soát bằng FPT nhưng sau đó đã giảm rất mạnh

Các cổ đông của FPT chắc chắn sẽ không thể vui khi mà tính từ đầu năm đến nay, giá cổ phiếu chỉ tăng được 5% - tức thấp hơn rất nhiều so với mức bình quân của thị trường. Còn các cổ đông của Thế giới Di động thì đang rất hân hoan khi mà cổ phiếu tăng tới 70% bất chấp việc có nhiều cổ đông lớn liên tục bán ra.

Nếu nhìn vào thời điểm Thế giới Di động lên sàn cách đây đúng 2 năm thì các cổ đông của FPT lại càng buồn. Lúc đó, giá trị của Thế giới Di động chỉ có 5.000 nghìn tỷ trong khi của FPT là hơn 17.000 tỷ đồng. Như vậy trong suốt 2 năm qua mức tăng của cổ phiếu FPT cũng rất khiêm tốn.

Biến động giá cổ phiếu của 2 công ty phản ánh khá sát kết quả kinh doanh mà 2 doanh nghiệp đạt được trong năm. Tính chung 5 tháng đầu năm 2016, Thế giới Di động công bố doanh thu tăng trưởng 80% còn lợi nhuận tăng 86% so với cùng kỳ. Trong khi đó, doanh thu của FPT giảm 7% và lợi nhuận giảm 8%.

Hiện phần lớn nguồn thu của Thế giới Di động đến từ 2 chuỗi bán lẻ điện máy, thiết bị di động Thegioididong.com và Điện máy Xanh. Còn FPT đang kinh doanh rất nhiều lĩnh vực, từ viễn thông, phần mềm, tích hợp hệ thống, giáo dục, phân phối và bán lẻ thiết bị điện tử…

FPT hiện đang trong quá trình tìm đối tác để bán đi mảng phân phối (FPT Trading) và bán lẻ (FPT Shop) để trở thành một công ty “thuần về công nghệ” như mong muốn của một số cổ đông lớn. Hai mảng này hiện đóng góp khoảng 60% doanh thu và 25% lợi nhuận của toàn hệ thống FPT.",2016-08-07T08:49:04+07:00,2016-07-08T08:49:04,2026-07-29T21:39:55.983496+07:00,CafeF,https://cafef.vn/gia-tri-cua-the-gioi-di-dong-sap-vuot-gia-tri-cua-ca-tap-doan-fpt-20160707171329926.chn,https://cafef.vn/gia-tri-cua-the-gioi-di-dong-sap-vuot-gia-tri-cua-ca-tap-doan-fpt-20160707171329926.chn,Kinh Kha,Doanh nghiệp,https://cafefcdn.com/thumb_w/1200/2016/545223134-1467942132974.jpg,vi,EARNINGS,"[""EARNINGS_REPORT""]","[""FPT"", ""Tập đoàn FPT"", ""cổ phiếu FPT""]",14.0,"[""ticker_in_title:+1"", ""alias_in_title:+3"", ""ticker_in_summary:+1"", ""positive_entity:+2"", ""ticker_content:+3"", ""financial_terms:+2"", ""financial_metrics:+2""]",907bbfe0946c46858527ebf0551d22c789350378cca35902363e6e011a90f2c7,529,accepted
cafef_fpt_20140724_93a34c35,"[""FPT""]",Công ty Cổ phần FPT,"Tập đoàn FPT đạt 15.211 tỷ đồng doanh thu 6 tháng, tăng 22% so với cùng kỳ","Doanh thu từ thị trường nước ngoài của FPT đạt 1.484 tỷ đồng, tăng 26% so với cùng kỳ năm 2013, cao hơn mức tăng trưởng chung của toàn tập đoàn.","FPT&:

Tập đoàn FPT (FPT) vừa công bố kết quả kinh doanh ước tính 6 tháng đầu năm.

Kết thúc 6 tháng đầu năm, doanh thu toàn Tập đoàn đạt 15.211 tỷ đồng, tăng 22% so với cùng kỳ năm 2013, đạt 107% kế hoạch lũy kế. Lũy kế 6 tháng, doanh thu từ thị trường nước ngoài của FPT đạt 1.484 tỷ đồng, tăng 26% so với cùng kỳ năm 2013, cao hơn mức tăng trưởng chung của toàn tập đoàn.

Mảng xuất khẩu phần mềm của FPT duy trì sự tăng trưởng ổn định với doanh thu tăng 21% so với cùng kỳ.Khối viễn thông cũng ghi nhận doanh thu tăng trưởng 17% so với cùng kỳ, đạt 108% kế hoạch.

Mảng Phân phối và Bán lẻ cũng góp phần không nhỏ vào tăng trưởng doanh thu của công ty trong đó doanh thu phân phối iPhone tăng trưởng mạnh (tăng gần 4 lần so với cùng kỳ, đạt 858 tỷ đồng).

FPT đồng thời đánh giá quá trình mở rộng chuỗi bán lẻ đã gặt hái kết quả tốt: doanh thu bán lẻ 6 tháng đầu năm đạt 2.194 tỷ đồng, tăng 81% so cùng kỳ; lãi trước thuế 17 tỷ đồng, đạt 71% kế hoạch cả năm (cùng kỳ năm 2013, mảng bán lẻ ghi nhận lỗ 20 tỷ đồng). Kết thúc 6 tháng, mảng bán lẻ có 120 cửa hàng đang hoạt động.

Lợi nhuận trước thuế toàn tập đoàn đạt 1.227 tỷ đồng, giảm 4% so với cùng kỳ năm 2013, đạt 97% kế hoạch lũy kế. Kết quả chưa đạt kỳ vọng do mảng game và tích hợp hệ thống chịu ảnh hưởng từ những khó khăn của thị trường trong nước. Lợi nhuận sau thuế, theo đó đạt 1.040 tỷ đồng, giảm 2% so với cùng kỳ năm 2013. Lợi nhuận sau thuế dành cho cổ đông công ty mẹ đạt 790 tỷ đồng, giảm 2% so với cùng kỳ năm 2013. Kết thúc 6 tháng đầu năm, lãi cơ bản trên cổ phiếu (EPS) đạt 2.298 đồng/cổ phiếu.",2014-07-24T14:37:03+07:00,2014-07-24T14:37:03,2026-07-29T21:40:00.424961+07:00,CafeF,https://cafef.vn/doanh-nghiep/tap-doan-fpt-dat-15211-ty-dong-doanh-thu-6-thang-tang-22-so-voi-cung-ky-2014072414344283716.chn,https://cafef.vn/doanh-nghiep/tap-doan-fpt-dat-15211-ty-dong-doanh-thu-6-thang-tang-22-so-voi-cung-ky-2014072414344283716.chn,thanhhuong,Doanh nghiệp,"https://cafefcdn.com/thumb_w/1200/Tập đoàn FPT đạt 15.211 tỷ đồng doanh thu 6 tháng, tăng 22% so với cùng kỳ",vi,EARNINGS,"[""EARNINGS_REPORT""]","[""FPT"", ""Tập đoàn FPT""]",13.0,"[""ticker_in_title:+1"", ""alias_in_title:+3"", ""ticker_in_summary:+1"", ""positive_entity:+1"", ""ticker_content:+3"", ""financial_terms:+2"", ""financial_metrics:+2""]",b14cb09117feb639666289bd0aaee1c6a53af22b70ecbc1cf3ecc318d95450de,355,accepted
cafef_fpt_20110624_8cc27794,"[""FPT""]",Công ty Cổ phần FPT,Cập nhật hoạt động các “trụ cột” của Tập đoàn FPT trong 6 tháng đầu năm,Các công ty con chủ chốt của FPT đều đặt mục tiêu tăng trưởng doanh thu và lợi nhuận năm 2011 tăng trưởng 30% so với năm trước.,"FPT&:

Chỉ còn một tuần nữa sẽ kết thúc 6 tháng đầu năm 2011, đến nay, các công ty chủ chốt của Tập đoàn FPT gồm đều khẳng định sẽ hoàn thành kế hoạch như cam kết. Lãnh đạo của các công ty này đã có những chia sẻ về tình hình hoạt động trong nửa đầu năm nay trên website nội bộ của Tập đoàn FPT.

CTCP Viễn thông FPT (FPT Telecom)

Theo Phó TGĐ thường trực FPT Telecom Nguyễn Văn Khoa, đến trung tuần tháng 6, toàn bộ lĩnh vực kinh doanh của công ty này đều có sự tăng trưởng tốt so với cùng kỳ năm 2010. Các lĩnh vực có sự tăng trưởng mạnh thuộc về khối quảng cáo, cho thuê kênh và data hosting.

""Về tổng thể, doanh thu của FPT Telecom tăng trưởng 36% và lợi nhuận trước thuế tăng 19% so với cùng kỳ"",ông Khoa cho biết.

Theo tính toán và căn cứ vào tình hình kinh doanh thực tế, FPT Telecom sẽ hoàn thành kế hoạch 6 tháng đầu năm với các kết quả dự kiến: Doanh số khoảng 1.545 tỷ đồng hoàn thành 48% kế hoạch năm 2011, tương ứng lợi nhuận dự kiến là 375 tỷ đồng hoàn thành 48% kế hoạch cả năm 2011.

Đóng góp nhiều nhất là lĩnh vực kinh doanh dịch vụ internet băng rộng, chiếm đến 55% tổng doanh số, tiếp theo là nội dung số (25%) và thuê kênh riêng, data hosting đóng góp 20%.

Theo ông Nguyễn Văn Khoa, FPT Telecom đã điều chỉnh tăng chỉ tiêu doanh thu và lợi nhuận ở mức 30%. Cụ thể, cam kết doanh số năm 2011 tăng từ 3.000 tỷ đồng lên 3.200 tỷ đồng và cam kết lợi nhuận trước thuế từ 700 tỷ đồng lên 780 tỷ đồng.

CTCP Thương mại FPT (FTG)

""Tính đến hết tuần 25, FTG đã hoàn thành trên 90% kế hoạch kinh doanh nửa đầu năm 2011 (theo kế hoạch mới - tăng trưởng 30%)"", Giám đốc Điều hành FTG Hà Nội Nguyễn Quang Minh thông báo.

Đến nay, hầu hết mảng kinh doanh chính của FTG đều có tốc độ tăng trưởng khá so với năm 2010, ""nhưng mảng mobile có tốc độ tăng trưởng khả quan hơn cả"",ông Minh chia sẻ.

Giám đốc Điều hành FTG Hà Nội cũng thừa nhận ""với quy mô doanh số lớn của FTG thì việc tiếp tục nâng chỉ tiêu tăng trưởng sẽ là một thách thức rất lớn"".

Ưu tiên số 1 hiện nay của FTG, theo ông Minh, là tiếp tục củng cố và tăng thị phần của các mảng kinh doanh cốt lõi so với mảng kinh doanh truyền thống. Bên cạnh đó, FTG cũng xúc tiến mở rộng danh mục các đối tác trong lĩnh vực ICT và khai phá thêm thị trường quốc tế.

CTCP Phần mềm FPT (FPT Software)

Phó TGĐ FPT Software Nguyễn Khải Hoàn cho biết, công ty vẫn đang ""theo sát kế hoạch cam kết với tập đoàn"". FPT Software dự kiến doanh thu 6 tháng đạt trên 550 tỷ đồng, hoàn thành 43% kế hoạch năm và lợi nhuận dự kiến đạt trên 125 tỷ đồng, hoàn thành 43% kế hoạch năm 2011.

Với FPT Software, 2011 là một năm nhiều thử thách. Thảm họa kép động đất và sóng thần xảy ra vào ngày 11/3, đã ảnh hưởng nghiêm trọng đến nền kinh tế và làm đình trệ sản xuất cũng như hầu hết các hoạt động kinh doanh tại Nhật Bản, vốn là thị trường lớn của FPT Software.

""Các ảnh hưởng này được đánh giá sẽ tác động không tốt đến tình hình kinh doanh của FPT Software trong nửa cuối năm"", ông Hoàn nhìn nhận. Tuy nhiên, ông khẳng định, FPT Software sẽ nỗ lực hoàn thành kế hoạch tăng trưởng cả doanh thu và lợi nhuận 30% như đã cam kết với tập đoàn.

Sau khi xem xét, đánh giá lại tình hình kinh doanh, sắp tới, Công ty sẽ phải nỗ lực hơn trong việc phát triển các thị trường Châu Âu và Mỹ để đạt được các chỉ tiêu cam kết, cũng như bù đắp những rủi ro kinh doanh tại thị trường Nhật Bản trong nửa cuối năm.

CTCP Hệ thống thông tin FPT (FIS)

Hiện tại, các công ty thành viên của FIS cũng tăng tốc tối đa không chỉ ở khâu triển khai, nghiệm thu dự án mà còn thu hồi công nợ sớm để nhanh chóng hoàn thành kế hoạch đề ra.

TGĐ FIS Dương Dũng Triều dự kiến, FIS trong tháng 6 ước tính đạt gần 600 tỷ đồng và doanh số 6 tháng lũy kế vào khoảng 1.608 tỷ đồng.

Sau khi sơ kết tình hình kinh doanh 6 tháng đầu năm, các đơn vị này sẽ công bố chỉ tiêu kế hoạch kinh doanh mới trong năm 2011.",2011-06-24T13:03:52+07:00,2011-06-24T13:03:52,2026-07-29T21:40:03.669916+07:00,CafeF,https://cafef.vn/doanh-nghiep/cap-nhat-hoat-dong-cac-tru-cot-cua-tap-doan-fpt-trong-6-thang-dau-nam-2011062412583598.chn,https://cafef.vn/doanh-nghiep/cap-nhat-hoat-dong-cac-tru-cot-cua-tap-doan-fpt-trong-6-thang-dau-nam-2011062412583598.chn,duchai,Doanh nghiệp,https://cafefcdn.com/thumb_w/1200/Cập nhật hoạt động các “trụ cột” của Tập đoàn FPT trong 6 tháng đầu năm,vi,EARNINGS,"[""EARNINGS_REPORT""]","[""FPT"", ""Tập đoàn FPT""]",13.0,"[""ticker_in_title:+1"", ""alias_in_title:+3"", ""ticker_in_summary:+1"", ""positive_entity:+1"", ""ticker_content:+3"", ""financial_terms:+2"", ""financial_metrics:+2""]",698abb58287560b18ffd9f1cecb27b8d56638bd091e072f594972335d832e8d5,827,accepted
cafef_fpt_20110604_f4cd367c,"[""FPT""]",Công ty Cổ phần FPT,Tổng giám đốc Tập đoàn FPT giải thích về lý do rút vốn khỏi EVN Telecom,"Tổng giám đốc Tập đoàn FPT - Trương Đình Anh khẳng định tập đoàn vẫn muốn tìm kiếm cơ hội trong mảng viễn thông di động, sau khi rút khỏi EVN Telecom.","FPT&:

- Tại sao FPT lại rút khỏi dự án đầu tư vào EVN Telecom, thưa ông?

- Chúng tôi tiến hành dự án đầu tư vào EVN Telecom theo 4 bước, gồm xin chủ trương cho phép từ Chính phủ, đặt cọc chứng minh năng lực tài chính, tiến hành thẩm định hiện trạng EVN Telecom (due diligence) và thương lượng hợp đồng đầu tư.

Sau khi tiến hành bước 3 (tiến hành thẩm định hiện trạng EVN Telecom), chúng tôi thấy hiệu quả đầu tư vào dự án này không như mong đợi. Và sáng 6/4, Hội đồng Quản trị Tập đoàn FPT đã biểu quyết thông qua Nghị quyết rút khỏi dự án đầu tư vào EVN Telecom.

- Thưa ông, FPT đã đặt cọc vào EVN Telecom bao nhiêu tiền?

- FPT đặt cọc để chứng minh năng lực tài chính của mình khi tham gia đầu tư vào EVN Telecom, số tiền là 708 tỷ đồng.

Nhiều điều kiện trong thỏa thuận ký kết giữa hai bên đã thay đổi căn bản. Chúng tôi không thấy có cơ sở pháp lý nào trong việc không thu hồi được số tiền đặt cọc chứng minh năng lực tài chính.

- FPT từng tuyên bố rất muốn tiến sâu hơn vào lĩnh vực viễn thông, đặc biệt là di động. Thế nhưng, việc rút khỏi dự án EVN Telecom dường như đang phát đi thông điệp ngược lại?

- Khi tiến hành đầu tư vào EVN Telecom, chúng tôi mong muốn bổ sung thêm ngành nghề kinh doanh viễn thông di động mà FPT đang thiếu. Rút lui khỏi EVN Telecom, chúng tôi phải tiếp tục tìm kiếm cơ hội khác để tham gia vào thị trường viễn thông di động trên cả hai phương diện: Mua bán sáp nhập những doanh nghiệp viễn thông gặp khó khăn hoặc xin cấp phép xây dựng mạng di động thế hệ tiếp tiếp.

- Giá cổ phiếu FPT tăng trần liên tục sau khi có tin tập đoàn rút khỏi dự án EVN Telecom. Ông lý giải hiện tượng này thế nào?

- Việc thẩm định đầu tư vào EVN Telecom đã diễn ra 6 tháng, lâu hơn nhiều so với những dự án tương tự. Trong thời gian qua, cổ phiếu FPT có nhiều biến động, lúc lên, lúc xuống. Chúng tôi tin là các nhà đầu tư luôn nhanh nhạy, có cái nhìn chính xác và diễn biến thị trường chính là thước đo sức khỏe doanh nghiệp.

Hội đồng quản trị FPT hôm nay thông qua nghị quyết rút khỏi EVN Telecom và cho biết Ban điều hành của FPT sẽ tiến hành sớm các thủ tục cần thiết để rút khỏi dự án này. Theo phương án cổ phần hóa EVN Telecom do Thủ tướng phê duyệt, Tập đoàn Điện lực VN vẫn nắm giữ cổ phần chi phối với 50,6%, Số cổ phần bán cho người lao động trong công ty là 0,4%. Còn lại 49% cổ phần được bán cho nhà đầu tư chiến lược là Công ty cổ phần FPT và Công ty cổ phần Viễn thông FPT (FPT Telecom).

Theo Hồng Anh

VnExpress",2011-06-04T22:22:22+07:00,2011-04-06T22:22:22,2026-07-29T21:40:13.024480+07:00,CafeF,https://cafef.vn/doanh-nghiep/tong-giam-doc-tap-doan-fpt-giai-thich-ve-ly-do-rut-von-khoi-evn-telecom-2011040610188738.chn,https://cafef.vn/doanh-nghiep/tong-giam-doc-tap-doan-fpt-giai-thich-ve-ly-do-rut-von-khoi-evn-telecom-2011040610188738.chn,ngocdiep,Doanh nghiệp,https://cafefcdn.com/thumb_w/1200/Tổng giám đốc Tập đoàn FPT giải thích về lý do rút vốn khỏi EVN Telecom,vi,GENERAL_NEWS,"[""M_AND_A""]","[""FPT"", ""Tập đoàn FPT"", ""Công ty Cổ phần FPT"", ""cổ phiếu FPT""]",15.0,"[""ticker_in_title:+1"", ""alias_in_title:+3"", ""ticker_in_summary:+1"", ""positive_entity:+3"", ""ticker_content:+3"", ""financial_terms:+2"", ""financial_metrics:+2""]",29a1003a63620c7118d7f8ea0702493356e42bf352dbaa28b7fa05c2e1415855,527,accepted
cafef_fpt_20101028_e69275a9,"[""FPT""]",Công ty Cổ phần FPT,Tập đoàn FPT sẽ sở hữu trên 50% vốn điều lệ của EVN Telecom,FPT và FPT Telecom sẽ là nhà đầu tư chiến lược nắm giữ hơn 50% vốn điều lệ của EVNTelecom.,"FPT&:

Theo đó, Công ty Cổ phần FPT và Công ty FPT Telecom (Công ty con của FPT) sẽ là nhà đầu tư chiến lược của EVNTelecom. Hai công ty này sẽ cùng nhau nắm giữ hơn 50% vốn điều lệ của EVNTelecom trong suốt quá trình hoạt động của EVNTelecom sau khi cổ phần hoá. Được biết vốn điều lệ của EVNTelecom khi thành lập là gần 3.000 tỷ đồng.

Trước đó, theo nguồn tin của phóng viên baodautu.vn, FPT dự định đầu tư 400 tỷ đồng vào EVNTelecom. Tuy nhiên, trả lời câu hỏi của phóng phóng viên baodautu.vn về khoản đầu tư này, ông Phan Đức Trung Phó Tổng giám đốc FPT khẳng định, con số này là quá nhỏ, FPT dự định đầu tư vào EVNTelecom với con số lớn hơn gấp nhiều lần con số trên.

Ông Trung cũng khẳng định, FPT hiện giờ chỉ còn thiếu mỗi dịch vụ viễn thông di động và muốn tham gia vào lĩnh vực di động không còn cách nào khác là phải thoả thuận với các nhà mạng có giấy phép.

Sự kết hợp giữa EVNTelecom và FPT liệu có giúp EVNTelecom cải thiện được vị trí đứng cuối cùng trong bảng xếp hạng các doanh nghiệp viễn thông Việt Nam? Theo con số thống kê của Bộ Thông tin và Truyền thông, EVNTelecom đang đứng ở vị trí thứ 7 trong số 7 doanh nghiệp viễn thông có hạ tầng mạng với thị phần tính theo số lượng thuê bao là 1,1%.

Câu trả lời xin trích dẫn lời tiến sĩ Nguyễn Quang A khi bình luận về thị trường viễn thông Việt Nam. Ông Nguyễn Quang A cho rằng ngưỡng thâm nhập thị trường viễn thông Việt Nam giờ đã cao hơn nhiều và các doanh nghiệp mới cũng như các nhà đầu tư nước ngoài muốn chiếm lĩnh được thị phần cũng khá mệt với 3 doanh nghiệp lớn là VinaPhone, MobiFone và Viettel.",2010-10-28T22:45:19+07:00,2010-10-28T22:45:19,2026-07-29T21:40:15.678631+07:00,CafeF,https://cafef.vn/doanh-nghiep/tap-doan-fpt-se-so-huu-tren-50-von-dieu-le-cua-evn-telecom-2010102810437789.chn,https://cafef.vn/doanh-nghiep/tap-doan-fpt-se-so-huu-tren-50-von-dieu-le-cua-evn-telecom-2010102810437789.chn,duchai,Doanh nghiệp,https://cafefcdn.com/thumb_w/1200/Tập đoàn FPT sẽ sở hữu trên 50% vốn điều lệ của EVN Telecom,vi,GENERAL_NEWS,[],"[""FPT"", ""Tập đoàn FPT"", ""Công ty Cổ phần FPT""]",14.0,"[""ticker_in_title:+1"", ""alias_in_title:+3"", ""ticker_in_summary:+1"", ""positive_entity:+2"", ""ticker_content:+3"", ""financial_terms:+2"", ""financial_metrics:+2""]",36b9a14a4405000ffc6bf9d2cee2c0fde6ca1f316a5c1b429f65d57ea82d2207,334,accepted
cafef_fpt_20260406_7905372d,"[""FPT""]",Công ty Cổ phần FPT,Lãnh đạo SSI nói gì khi cổ phiếu FPT lao dốc giữa cơn sốt AI?,Chuyên gia cho rằng FPT đang sở hữu những lợi thế rất mạnh trong chuỗi giá trị AI và có vị thế cạnh tranh đáng kể trên thị trường.,"Tại sự kiện Gateway to Vietnam 2026 do Chứng khoán SSI tổ chức mới đây, trả lời câu hỏi về triển vọng của các doanh nghiệp công nghệ Việt Nam trong làn sóng AI, ông Thomas Nguyen, Giám đốc Thị trường Nước ngoài, Chứng khoán SSI cho biết FPT là một trong những doanh nghiệp công nghệ lớn nhất của Việt Nam.

Dù cổ phiếu công nghệ thời gian qua gặp áp lực điều chỉnh và chưa tích cực như các doanh nghiệp công nghệ hàng đầu của Mỹ, nhưng ông cho rằng điều đó không đồng nghĩa cơ hội đã khép lại. Việc giá cổ phiếu sụt giảm trong một giai đoạn nào đó không phải câu chuyện mang tính dài hạn và điều quan trọng là tiềm năng tăng trưởng thời gian tới.

Đồng quan điểm, ông Bradley Warden, CFA, Giám đốc Điều hành kiêm Quản lý Danh mục Đầu tư Cấp cao tại Nomura Asset Management cho rằng, AI hiện vẫn chỉ là một phần tương đối nhỏ trong nhiều mảng kinh doanh của FPT, nhưng đang phát triển với tốc độ rất nhanh. Điều thị trường quan tâm là doanh nghiệp có thể tận dụng AI như thế nào để giải quyết các vấn đề của khách hàng, cải thiện hiệu quả hoạt động và tạo ra những nguồn tăng trưởng mới.

Đặc biệt, chuyên gia cho rằng cơ hội từ AI là rất lớn, nhưng để biến cơ hội thành kết quả thực tế, đội ngũ quản lý doanh nghiệp cần có sự am hiểu về công nghệ và chủ động ứng dụng các tiến bộ mới vào hoạt động kinh doanh. Doanh nghiệp càng tận dụng tốt các công cụ AI và càng phát triển được những năng lực mới thì càng nâng cao được khả năng cạnh tranh trên thị trường.

Bên cạnh đó, nguồn nhân lực vẫn là yếu tố then chốt. Theo ông, doanh nghiệp cần xây dựng đội ngũ có khả năng sử dụng và làm chủ công nghệ. Nếu không có nhân sự đủ năng lực hoặc không thể thích ứng với các thay đổi công nghệ, doanh nghiệp sẽ gặp nhiều khó khăn trong quá trình chuyển đổi và khó trở thành đối tác đáng tin cậy đối với khách hàng.

“ Muốn chuyển sang giai đoạn phát triển tiếp theo, doanh nghiệp phải có đội ngũ hiểu công nghệ và biết cách khai thác công nghệ để tạo ra giá trị. Đây là thông điệp rất quan trọng khi nói về AI” , ông nhấn mạnh.

Đưa ra quan điểm, ông Phạm Lưu Hưng - Kinh tế trưởng SSI cho rằng Việt Nam không cần cạnh tranh trực diện với Mỹ hay Trung Quốc trong cuộc đua xây dựng các mô hình AI nền tảng, vốn đòi hỏi nguồn vốn đầu tư, hạ tầng tính toán và nhân lực công nghệ quy mô lớn.

Cơ hội phù hợp hơn với Việt Nam nằm ở tầng ứng dụng, nơi doanh nghiệp sử dụng AI để cải thiện quy trình kinh doanh, tự động hóa vận hành và tạo ra hiệu quả tài chính cụ thể.

Bổ sung thêm góc nhìn đầu tư, ông Hưng cho rằng FPT đang sở hữu những lợi thế rất mạnh trong chuỗi giá trị AI và có vị thế cạnh tranh đáng kể trên thị trường.

“ FPT là một mắt xích rất quan trọng trong chuỗi giá trị AI. Họ có lợi thế cạnh tranh rất lớn ”, ông nói.

Tuy nhiên, ông cũng lưu ý rằng rủi ro hiện nay đang có xu hướng tập trung khi dòng tiền của nhà đầu tư đổ mạnh vào cùng một chủ đề. Đặc biệt, cổ phiếu FPT không chỉ nên được nhìn như một giao dịch theo câu chuyện AI, bởi tỷ trọng doanh thu từ AI vẫn ở giai đoạn sớm. Câu chuyện quan trọng hơn là khả năng thực thi lợi nhuận.",2026-04-06T00:07:00+07:00,2026-06-04T00:07:00,2026-07-29T21:40:17.571533+07:00,CafeF,https://cafef.vn/lanh-dao-ssi-noi-gi-khi-co-phieu-fpt-lao-doc-giua-con-sot-ai-188260603222333379.chn,https://cafef.vn/lanh-dao-ssi-noi-gi-khi-co-phieu-fpt-lao-doc-giua-con-sot-ai-188260603222333379.chn,Mai Chi,Thị trường chứng khoán,https://cafefcdn.com/thumb_w/1200/203337114487263232/2026/6/3/avatar1780500187884-1780500188292428545644.jpeg,vi,EARNINGS,"[""EARNINGS_REPORT""]","[""FPT"", ""cổ phiếu FPT""]",11.0,"[""ticker_in_title:+1"", ""alias_in_title:+3"", ""ticker_in_summary:+1"", ""positive_entity:+1"", ""ticker_content:+3"", ""financial_terms:+2""]",08aafb371e8e9e2c19ee69005c720ad5029c87e09db885e5bb0ea9105648cdfd,656,accepted
cafef_fpt_20260522_ec09aa08,"[""FPT""]",Công ty Cổ phần FPT,Thành viên SCIC không mua hết lượng cổ phiếu FPT đã đăng ký,"SIC- thành viên của SCIC vừa mua thành công 500.000 cổ phiếu FPT trong tổng số 750.000 cổ phiếu đăng ký mua, lý do không hoàn tất giao dịch là do biến động thị trường.","FPT:

Công ty TNHH MTV Đầu tư SCIC (SIC) vừa có báo cáo về kết quả giao dịch cổ phiếu của người nội bộ và người có liên quan của người nội bộ tại Công ty Cổ phần FPT (MCK: FPT, sàn HoSE).

Theo đó, kết thúc khoảng thời gian giao dịch từ ngày 16/4/2026 đến ngày 15/5/2026, SIC đã mua vào thành công 500.000 cổ phiếu FPT trong tổng số 750.000 cổ phiếu đăng ký mua. Lý do không hoàn tất giao dịch là do biến động thị trường.

Sau giao dịch, SIC đã tăng sở hữu cổ phiếu FPT từ 250.000 cổ phiếu lên 750.000 cổ phiếu, tương đương tỷ lệ sở hữu tăng từ 0,015% lên 0,044% vốn tại FPT.

SIC được biết đến là thành viên của Tổng công ty Đầu tư và Kinh doanh vốn nhà nước (SCIC). Tính đến cuối năm 2025, SCIC sở hữu hơn 96,5 triệu cổ phiếu FPT, tương ứng 5,67% vốn điều lệ doanh nghiệp.

Ảnh minh họa

Hiện, bà Trần Thị Hồng Lĩnh là thành viên HĐQT của FPT, đồng thời là người đại diện phần vốn góp của SCIC tại FPT. Bà Dương Thùy Dương- thành viên Ban Kiểm soát FPT, cũng là chuyên viên của SCIC.

Trong một diễn biến khác, ngày 29/5/2026 tới đây, FPT sẽ chốt danh sách cổ đông để thực hiện chi trả phần cổ tức còn lại của năm 2025 bằng tiền mặt với tỷ lệ 10%, tức cổ đông sở hữu 1 cổ phiếu sẽ được nhận 1.000 đồng. Ngày thực hiện chi trả 10/6/2026.

Với hơn 1,7 tỷ cổ phiếu đang lưu hành trên thị trường, FPT sẽ phải chi khoảng hơn 1.700 tỷ đồng cho đợt trả cổ tức cho cổ đông lần này.

Trước đó, hồi tháng 12/2025, FPT cũng đã chi hơn 1.700 tỷ đồng để tạm ứng cổ tức lần 1 năm 2025 cho cổ đông bằng tiền mặt với tỷ lệ 10%, tức cổ đông sở hữu 1 cổ phiếu sẽ được nhận 1.000 đồng.

Tại cuộc họp ĐHĐCĐ thường niên năm 2026, FPT đã thông qua kế hoạch chi trả cổ tức cả năm 2025 bằng tiền mặt với tổng tỷ lệ 20%. Như vậy, sau khi hoàn tất đợt chi trả cổ tức nêu trên, FPT sẽ hoàn thành phương án chia cổ tức đã đề ra.

Về tình hình kinh doanh, theo báo cáo tài chính hợp nhất quý I/2026, FPT ghi nhận doanh thu thuần gần 12.480 tỷ đồng, giảm 22,3% so với cùng kỳ năm ngoái; lợi nhuận sau thuế thu nhập doanh nghiệp đạt gần 2.476,8 tỷ đồng, giảm 4,6%.

Tính đến ngày 31/3/2026, tổng tài sản giảm 22,2% so với đầu năm, xuống còn hơn 68.586 tỷ đồng; tổng nợ phải trả hơn 28.464 tỷ đồng, giảm 35,9%.",2026-05-22T10:50:00+07:00,2026-05-22T10:50:00,2026-07-29T21:40:22.219434+07:00,CafeF,https://cafef.vn/thanh-vien-scic-khong-mua-het-luong-co-phieu-fpt-da-dang-ky-188260522095312617.chn,https://cafef.vn/thanh-vien-scic-khong-mua-het-luong-co-phieu-fpt-da-dang-ky-188260522095312617.chn,PV,Thị trường chứng khoán,https://cafefcdn.com/thumb_w/1200/203337114487263232/2026/5/22/avatar1779418348130-17794183485251952202496.jpg,vi,EARNINGS,"[""EARNINGS_REPORT""]","[""FPT"", ""Công ty Cổ phần FPT"", ""cổ phiếu FPT""]",14.0,"[""ticker_in_title:+1"", ""alias_in_title:+3"", ""ticker_in_summary:+1"", ""positive_entity:+2"", ""ticker_content:+3"", ""financial_terms:+2"", ""financial_metrics:+2""]",122de4faae0fbfc3e779a4b9a5ecef9cecb40238142a4956e97d57d4d746650b,504,accepted
cafef_fpt_20260520_c18786f0,"[""FPT""]",Công ty Cổ phần FPT,"Cổ phiếu FPT rơi về đáy 2 năm, vì sao giới phân tích khuyến nghị mua với kỳ vọng tăng 24%?","Sau giai đoạn “lao dốc” kéo dài, cổ phiếu của FPT vừa được giới phân tích khuyến nghị “MUA” với giá mục tiêu 90.600 đồng/cổ phiếu, cao hơn khoảng 24% so với thị giá đóng cửa ngày 18/5/2026","Đáng chú ý, động thái này xuất hiện trong bối cảnh cổ phiếu FPT của CTCP FPT đã trải qua chuỗi điều chỉnh mạnh suốt nhiều tháng, kéo thị giá về vùng thấp nhất trong hơn 2 năm. Áp lực bán ròng của khối ngoại, nỗi lo tăng trưởng ngành công nghệ chậm lại và tâm lý dè dặt với nhóm cổ phiếu công nghệ đã khiến FPT đánh mất vị thế “ngôi sao tăng trưởng” từng duy trì suốt giai đoạn 2021–2025.

Theo Chứng khoán BIDV (BSC), FPT hiện chỉ giao dịch quanh mức P/E forward 2026 khoảng 11,7 lần — thấp hơn đáng kể so với mức trung bình gần 20 lần trong 5 năm qua. Đây được xem là vùng định giá hấp dẫn đối với một doanh nghiệp công nghệ vẫn duy trì hiệu quả sinh lời cao với ROE khoảng 24%.

Công ty chứng khoán này cho rằng phần lớn yếu tố tiêu cực đã được phản ánh vào giá cổ phiếu. Trong đó bao gồm lo ngại AI có thể ảnh hưởng tới nhu cầu outsourcing truyền thống, tốc độ tăng trưởng không còn duy trì trên 20% như giai đoạn trước và triển vọng kinh tế toàn cầu còn nhiều bất ổn.

Dù vậy, BSC cũng trở nên thận trọng hơn khi hạ mức P/E mục tiêu từ 20 lần xuống còn 15 lần. Nguyên nhân là triển vọng tăng trưởng giai đoạn 2026–2027 được dự báo chỉ còn quanh 15–16%/năm, thấp hơn đáng kể so với thời kỳ bùng nổ trước đó.

Điểm sáng lớn nhất trong bức tranh hiện tại của FPT nằm ở sự phục hồi của các hợp đồng ký mới.

Riêng tháng 4/2026, giá trị hợp đồng ký mới đạt 6.143 tỷ đồng, tăng tới 58,4% so với cùng kỳ. Động lực chính đến từ thị trường Nhật Bản, khu vực đang tiếp tục duy trì nhu cầu chuyển đổi số mạnh mẽ.

Theo BSC, Nhật Bản và châu Âu sẽ là hai “đầu kéo” tăng trưởng chính của FPT trong năm nay khi doanh nghiệp đẩy mạnh mở rộng hiện diện quốc tế, gia tăng hoạt động marketing thương hiệu và nâng quy mô nhân sự công nghệ ở nước ngoài.

Ngược lại, thị trường Mỹ vẫn đối diện nhiều thách thức khi doanh nghiệp tiếp tục thắt chặt chi tiêu CNTT do ảnh hưởng từ bất ổn địa chính trị và rủi ro suy giảm kinh tế. Trong khi đó, khu vực APAC được kỳ vọng hồi phục rõ nét hơn từ quý II và quý III/2026 khi các hợp đồng ký cuối năm ngoái bắt đầu được ghi nhận doanh thu.

Trong quý I/2026, FPT ghi nhận doanh thu đạt 12.480 tỷ đồng, giảm 22% so với cùng kỳ. Tuy nhiên, nguyên nhân chủ yếu đến từ việc không còn hợp nhất doanh thu của FPT Telecom (FOX) sau khi đơn vị này được chuyển giao quản lý.

Nếu loại trừ yếu tố FOX, doanh thu cốt lõi của FPT thực tế vẫn tăng gần 9%, cho thấy hoạt động kinh doanh công nghệ vẫn duy trì đà tăng trưởng ổn định.

Đáng chú ý, lợi nhuận sau thuế thuộc cổ đông công ty mẹ đạt 2.487 tỷ đồng, tăng 14% so với cùng kỳ nhờ biên lợi nhuận cải thiện ở mảng CNTT trong nước cùng sự hồi phục từ các công ty liên kết như FPT Retail, FPT Telecom và FPT Synnex.

BSC đã điều chỉnh giảm dự báo doanh thu mảng giáo dục năm 2026 xuống còn 6.503 tỷ đồng, tương ứng mức tăng khoảng 6%. Áp lực tuyển sinh và cạnh tranh gay gắt từ hệ thống trường công được xem là nguyên nhân chính khiến triển vọng mảng này kém tích cực hơn kỳ vọng trước đây.

Theo dự phóng mới nhất của BSC, FPT có thể đạt doanh thu 57.285 tỷ đồng và lợi nhuận sau thuế thuộc cổ đông công ty mẹ khoảng 10.837 tỷ đồng trong năm 2026, tăng trưởng lợi nhuận khoảng 15,7%. EPS forward dự kiến đạt 6.042 đồng/cổ phiếu.

Trong bối cảnh định giá đã giảm sâu về vùng thấp lịch sử, giới phân tích cho rằng sự hồi phục của đơn hàng quốc tế, đặc biệt tại Nhật Bản có thể trở thành chất xúc tác giúp cổ phiếu FPT lấy lại đà tăng sau giai đoạn dài điều chỉnh.

Cổ phiếu FPT ghi nhận đà hồi phục mạnh ở những phiên gần đây sau khi rơi về vùng giá 70.000 đồng/cổ phiếu tại phiên 12/5.

Trên thị trường chứng khoán, sau khi rơi về đáy giá 2 năm qua ở mức 70.000 đồng/cổ phiếu tại phiên 12/05, cổ phiếu FPT đã trải qua đà hồi phục tích cực, với 4/6 phiên tăng điểm gần nhất.

Kết phiên 19/5, giá cổ phiếu FPT ở mức 74.500 đồng/cổ phiếu, giảm 0,53% so với phiên trước, khối lượng khớp lệnh đạt gần 11,3 triệu đơn vị. Vốn hóa thị trường của FPT hiện ở mức hơn 126.911 tỷ đồng.",2026-05-20T00:06:00+07:00,2026-05-20T00:06:00,2026-07-29T21:40:24.637667+07:00,CafeF,https://cafef.vn/co-phieu-fpt-roi-ve-day-2-nam-vi-sao-gioi-phan-tich-khuyen-nghi-mua-voi-ky-vong-tang-24-188260519234818902.chn,https://cafef.vn/co-phieu-fpt-roi-ve-day-2-nam-vi-sao-gioi-phan-tich-khuyen-nghi-mua-voi-ky-vong-tang-24-188260519234818902.chn,Theo Mạnh Đại,Thị trường chứng khoán,https://cafefcdn.com/thumb_w/1200/203337114487263232/2026/5/19/avatar1779209254636-17792092552191764182745.jpg,vi,BROKER_RECOMMENDATION,"[""BROKER_RECOMMENDATION""]","[""FPT"", ""cổ phiếu FPT""]",13.0,"[""ticker_in_title:+1"", ""alias_in_title:+3"", ""ticker_in_summary:+1"", ""positive_entity:+1"", ""ticker_content:+3"", ""financial_terms:+2"", ""financial_metrics:+2""]",aa9a550a59e0f69b429c0277cda65b3849e4c15293cfb91c61444b86ae812287,876,accepted
cafef_fpt_20260905_be56442f,"[""FPT""]",Công ty Cổ phần FPT,"Cổ phiếu FPT “thủng” đáy, vốn hóa bốc hơi hơn 40.000 tỷ đồng từ đầu năm",Một trong những áp lực lớn đè lên cổ phiếu FPT thời gian gần đây đến từ động thái bán ròng quyết liệt của khối ngoại.,"FPT:

Cổ phiếu FPT của Tập đoàn FPT tiếp tục trở thành tâm điểm chú ý trên thị trường khi nối dài chuỗi giảm mạnh sang phiên thứ ba liên tiếp. Kết phiên 8/5, thị giá FPT lùi về 71.900 đồng/cp, qua đó rơi xuống vùng thấp nhất trong khoảng 27 tháng, kể từ tháng 2/2024.

Tính từ đầu năm đến nay, FPT đã “bốc hơi” khoảng 25% giá trị. Đây cũng là một trong những nhịp điều chỉnh sâu hiếm thấy của cổ phiếu công nghệ đầu ngành này trong vài năm trở lại đây. Đà giảm kéo vốn hóa thị trường của doanh nghiệp mất tương ứng hơn 40.700 tỷ đồng, lùi về còn chưa đầy 122.500 tỷ đồng.

Một trong những áp lực lớn đè lên cổ phiếu FPT thời gian gần đây đến từ động thái bán ròng quyết liệt của khối ngoại. Riêng trong phiên 8/5, nhà đầu tư nước ngoài bán ròng gần 445 tỷ đồng cổ phiếu FPT, nâng giá trị bán ròng lũy kế từ đầu năm lên gần 13.900 tỷ đồng.

Diễn biến này càng gây chú ý khi FPT từng là một trong những cổ phiếu được khối ngoại săn đón mạnh mẽ nhất trên thị trường. Trong nhiều giai đoạn trước, room ngoại của FPT luôn ở trạng thái kín, nhà đầu tư nước ngoài thậm chí phải chấp nhận trả mức premium cao để sở hữu cổ phiếu. Tuy nhiên, ở thời điểm hiện tại, cổ phiếu công nghệ đầu ngành này lại ghi nhận lượng room ngoại còn trống lên tới gần 323 triệu đơn vị.

Ngoài yếu tố dòng vốn ngoại, cổ phiếu FPT còn chịu tác động tâm lý từ lo ngại về làn sóng AI mới. Các mô hình AI ngày càng phát triển nhanh, chi phí thấp hơn và khả năng tự động hóa cao hơn khiến nhà đầu tư thận trọng hơn với triển vọng tăng trưởng và biên lợi nhuận của nhóm doanh nghiệp công nghệ.

Trong khi thị trường còn dè dặt trước những biến động quá nhanh của làn sóng AI, ban lãnh đạo FPT lại cho thấy quan điểm khá rõ ràng: AI không phải rủi ro để né tránh, mà là trục chiến lược để bứt phá trong giai đoạn tới.

Tại ĐHĐCĐ thường niên 2026, Chủ tịch FPT Trương Gia Bình tiếp tục thể hiện quan điểm kiên định với chiến lược AI-First. Ông cho biết trong vòng 5–10 năm tới, FPT đặt mục tiêu từng bước làm chủ các công nghệ lõi của quốc gia, đồng thời hướng tới vị thế ngang tầm với các tập đoàn chuyển đổi số và AI hàng đầu thế giới. Không chỉ phát triển trong nội bộ hệ sinh thái, FPT còn xây dựng liên minh với các tập đoàn công nghệ lớn như Microsoft để triển khai các dự án công nghệ cao, đòi hỏi năng lực tích hợp sâu về hệ thống và đa lĩnh vực.

Với FPT, năm 2026 được xem là mốc khởi đầu cho việc phát triển các “nhà máy công nghiệp tự động hóa” dựa trên AI, hướng tới mô hình tổ chức vận hành chủ yếu bằng AI trong khoảng 10 năm tới.

Về kế hoạch kinh doanh năm 2026, Tập đoàn đặt kế hoạch doanh thu 58.580 tỷ đồng và lợi nhuận trước thuế 11.629 tỷ đồng, tương ứng mức tăng trưởng lần lượt 15,8% và 15% (theo phương pháp hợp nhất mới đối với FPT Telecom).

Khối công nghệ tiếp tục đóng vai trò chủ lực với doanh thu dự kiến 52.650 tỷ đồng và lãi trước thuế 7.350 tỷ đồng, lần lượt tăng 18% và 25% so với năm trước. Khối Giáo dục, Đầu tư và Khác dự kiến ghi nhận doanh thu 5.930 tỷ đồng, giảm nhẹ 3,3%, trong khi lãi trước thuế tăng 1,3% lên 4.279 tỷ đồng.﻿

Trong quý 1/2026, FPT ghi nhận doanh thu đạt 12.480 tỷ đồng, lợi nhuận trước thuế 2.804 tỷ đồng, lần lượt tăng 8,7% và 16,3% so với cùng kỳ năm ngoái.﻿

Lợi nhuận sau thuế cho cổ đông công ty mẹ đạt 2.487 tỷ đồng, tăng trưởng 14,4%, EPS (Earning Per Share) đạt 1.460 đồng/cổ phiếu, tăng trưởng 13,7% so với năm trước.

Như vậy, sau quý đầu năm, FPT đã hoàn thành được 21% kế hoạch doanh thu và 24% kế hoạch lợi nhuận.",2026-09-05T00:03:00+07:00,2026-05-09T00:03:00,2026-07-29T21:40:27.133864+07:00,CafeF,https://cafef.vn/co-phieu-fpt-thung-day-von-hoa-boc-hoi-hon-40000-ty-dong-tu-dau-nam-18826050823075753.chn,https://cafef.vn/co-phieu-fpt-thung-day-von-hoa-boc-hoi-hon-40000-ty-dong-tu-dau-nam-18826050823075753.chn,Ngọc Ly,Thị trường chứng khoán,https://cafefcdn.com/thumb_w/1200/203337114487263232/2026/5/8/avatar1778256439693-17782564401001721856065.jpg,vi,EARNINGS,"[""EARNINGS_REPORT""]","[""FPT"", ""Tập đoàn FPT"", ""cổ phiếu FPT""]",14.0,"[""ticker_in_title:+1"", ""alias_in_title:+3"", ""ticker_in_summary:+1"", ""positive_entity:+2"", ""ticker_content:+3"", ""financial_terms:+2"", ""financial_metrics:+2""]",b10e0198142f37abc1329b3556f704ec8b38758169ce8d542fbe17f2e9809b16,765,accepted
cafef_fpt_20260329_00c954fa,"[""FPT""]",Công ty Cổ phần FPT,"Thành viên SCIC chỉ mua vào 12,5% lượng cổ phiếu FPT đã đăng ký","SIC- thành viên của SCIC vừa mua thành công 250.000 cổ phiếu FPT trong tổng số 2 triệu cổ phiếu đã đăng ký, (tương ứng 12,5%); qua đó sở hữu 0,015% vốn điều lệ của FPT.","FPT:

Mới đây, Công ty TNHH MTV Đầu tư SCIC (SIC) vừa có văn bản báo cáo về kết quả giao dịch cổ phiếu tại Công ty Cổ phần FPT (MCK: FPT, sàn HoSE).

Theo đó, kết thúc khoảng thời gian từ ngày 25/2/2026 đến ngày 26/3/2026, SIC chỉ mua vào thành công 250.000 cổ phiếu FPT trong tổng số 2 triệu cổ phiếu đã đăng ký, tương ứng 12,5%. Lý do không hoàn tất giao dịch là vì biến động thị trường.

Sau giao dịch nêu trên, SIC đã tăng tỷ lệ sở hữu vốn tại FPT từ 0% lên 0,015% và chính thức trở thành cổ đông của doanh nghiệp này.

Trước đó, SIC cũng đăng ký mua vào 2 triệu cổ phiếu FPT trong giai đoạn từ ngày 10/12/2025 đến ngày 8/1/2026 nhưng không thành công với lý do biến động thị trường.

Được biết, SIC là thành viên thuộc Tổng Công ty Đầu tư và Kinh doanh vốn Nhà nước (SCIC). Tính đến cuối năm 2025, SCIC đang nắm giữ 96,5 triệu cổ phiếu, tương đương 5,67% vốn FPT.

Bên cạnh đó, bà Trần Thị Hồng Lĩnh - Thành viên HĐQT FPT là người đại diện phần vốn do SCIC sở hữu tại FPT. Bên cạnh đó, bà Dương Thùy Dương - Thành viên Ban kiểm soát FPT là Chuyên viên Ban đầu tư 3 của SCIC.

Ảnh minh họa

Trong một diễn biến khác, mới đây FPT đã công bố tài liệu họp Đại hội đồng cổ đông (ĐHĐCĐ) thường niên năm 2026 dự kiến diễn ra vào ngày 16/4/2026 tới đây.

Tại đại hội, FPT sẽ trình cổ đông kế hoạch kinh doanh năm 2026 với tổng doanh thu dự kiến đạt 58.580 tỷ đồng, tăng 15,8% so với kết quả đã thực hiện được trong năm 2025; lợi nhuận sau thuế ước đạt 11.629 tỷ đồng, tăng 15%.

Trong đó, khối công nghệ dự kiến mang về 52.650 tỷ đồng doanh thu và 7.350 tỷ đồng lợi nhuận sau thuế; doanh thu của khối giáo dục, đầu tư và khác đạt 5.930 tỷ đồng, lợi nhuận sau thuế 4.279 tỷ đồng.

Ngoài kế hoạch kinh doanh, FPT còn trình cổ đông thông qua phương án phát hành cổ phiếu để tăng vốn cổ phần từ nguồn vốn chủ sở hữu.

Cụ thể, số lượng cổ phiếu phát hành căn cứ theo số lượng cổ phiếu đang lưu hành tại thời điểm phát hành. Đối tượng phát hành là cổ đông sở hữu cổ phiếu FPT, tỷ lệ thực hiện là 10:1, tức cổ đông sở hữu 10 cổ phiếu sẽ được nhận 1 cổ phiếu mới.

Nguồn vốn phát hành được lấy từ lợi nhuận sau thuế chưa phân phối thuộc nguồn vốn chủ sở hữu trên Báo cáo tài chính của công ty mẹ kỳ gần nhất được kiểm toán.

Thời gian dự kiến thực hiện sau khi được ĐHĐCĐ phê duyệt nhưng không muộn hơn quý III/2026.

Trong năm 2026, FPT dự kiến sẽ chi trả cổ tức bằng tiền mặt với tỷ lệ tối đa 20%, tức cổ đông sở hữu 1 cổ phiếu sẽ được nhận 2.000 đồng.

Bên cạnh đó, FPT cũng trình cổ đông phương án phát hành cổ phiếu theo chương trình lựa chọn cho người lao động (ESOP) có thành tích đóng góp trong giai đoạn 2026-2028, số lượng phát hành không quá 0,5% tổng số cổ phiếu lưu hành tại thời điểm phát hành.

Đối tượng phát hành gồm cán bộ nòng cốt từ Level 3 trở lên, có thành tích đóng góp quan trọng cho sự phát triển của công ty.

Mục đích phát hành nhằm hài hòa lợi ích dài hạn của cổ đông với lợi ích của cán bộ nhân viên bằng việc gắn một phần thu nhập của cán bộ nhân viên theo hình thức mua cổ phần.

Cổ phiếu ESOP sẽ được phát hành làm 3 đợt vào các năm 2027, 2028 và 2029. Thời điểm phát hành là sau khi có báo cáo kiểm toán năm liền trước.",2026-03-29T14:16:00+07:00,2026-03-29T14:16:00,2026-07-29T21:40:43.842051+07:00,CafeF,https://cafef.vn/thanh-vien-scic-chi-mua-vao-125-luong-co-phieu-fpt-da-dang-ky-188260329131652249.chn,https://cafef.vn/thanh-vien-scic-chi-mua-vao-125-luong-co-phieu-fpt-da-dang-ky-188260329131652249.chn,Theo PV,Doanh nghiệp,https://cafefcdn.com/thumb_w/1200/203337114487263232/2026/3/29/avatar1774764940332-17747649406671978668474.png,vi,EARNINGS,"[""EARNINGS_REPORT""]","[""FPT"", ""Công ty Cổ phần FPT"", ""cổ phiếu FPT""]",14.0,"[""ticker_in_title:+1"", ""alias_in_title:+3"", ""ticker_in_summary:+1"", ""positive_entity:+2"", ""ticker_content:+3"", ""financial_terms:+2"", ""financial_metrics:+2""]",ca0d870a32f52b4e92bad0b50a76ef7b8b2e9d2a9b77b93aa38741cc57ccb35a,705,accepted
cafef_fpt_20250612_a793190c,"[""FPT""]",Công ty Cổ phần FPT,Thành viên SCIC đăng ký mua 2 triệu cổ phiếu FPT,"SCIC Investment, một thành viên thuộc Tổng Công ty Đầu tư và Kinh doanh vốn Nhà nước, đăng ký mua 2 triệu cổ phiếu FPT.","Công ty TNHH Một thành viên Đầu tư SCIC (SCIC Investment) vừa có văn bản đăng ký mua vào 2 triệu cổ phiếu FPT của CTCP FPT trong giai đoạn từ 10/12/2025 - 8/1/2026. Mục đích thực hiện giao dịch là đầu tư tài chính, qua phương thức khớp lệnh và/hoặc thoả thuận.

Hiện SCIC Investment không sở hữu cổ phiếu FPT nào, nếu mua thành công số lượng đăng ký trên, tổ chức này sẽ sở hữu 0,11% vốn của tập đoàn công nghệ này.

SCIC Investment là thành viên do Tổng Công ty Đầu tư và Kinh doanh vốn Nhà nước (SCIC) năm 100% vốn. Trong khi đó, SCIC đang là cổ đông lớn của FPT với tỷ lệ sở hữu 5,67% (gần 84 triệu cổ phiếu).

Bà Trần Thị Hồng Lĩnh - thành viên HĐQT FPT là người đại diện phần vốn này. Bà Dương Thuỳ Dương - chuyên viên Ban đầu tư 3 của SCIC là thành viên Ban Kiểm soát của FPT.

Tòa nhà trụ sở FPT

Trong diễn biến khác, ngày 2/12 vừa qua, FPT đã chốt danh sách cổ đông để tạm ứng cổ tức tiền mặt đợt 1 năm 2025. Tỷ lệ chi trả là 10%, tức một cổ phiếu nhận 1.000 đồng. Ngày chi trả là 12/12/2025. Với hơn 1,7 tỷ cổ phiếu đang lưu hành, FPT sẽ chi hơn 1.700 tỷ đồng để thanh toán cổ tức đợt này.

Năm 2025, FPT có kế hoạch trả cổ tức tiền mặt tỷ lệ 20%. Với cổ tức năm 2024, FPT đã hoàn thành chi trả cho cổ đông với tỷ lệ 35%, bao gồm 20% cổ tức tiền mặt và 15% cổ phiếu thưởng.

Tính tới 30/9/2025, FPT nắm giữ gần 37.000 tỷ đồng tiền gửi, tăng gần 5.900 tỷ đồng so với đầu năm, tương đương mức tăng 19%. Khoản tiền gửi lớn giúp Doanh nghiệp thu về 1.235 tỷ đồng lãi trong 9 tháng, chiếm hơn 51% tổng doanh thu tài chính.

Vốn chủ sở hữu của công ty đạt 42.831 tỷ đồng, gồm 17.035 tỷ đồng vốn cổ phần, 13.905 tỷ đồng lợi nhuận sau thuế chưa phân phối.

Về hoạt động kinh doanh, trong 9 tháng đầu năm, FPT ghi nhận 49.887 tỷ đồng doanh thu và lợi nhuận trước thuế 6.540 tỷ đồng, lần lượt tăng 10,3 và 17,6% so với cùng kỳ. Lợi nhuận sau thuế thuộc về cổ đông công ty mẹ ghi nhận 6.867 tỷ đồng, tăng 19,2% cùng kỳ. Doanh nghiệp đã thực hiện 66% kế hoạch doanh thu và 71% mục tiêu lợi nhuận năm, đồng thời thiết lập mức doanh thu - lợi nhuận cao nhất trong chu kỳ 9 tháng.

Trong đó, khối Công nghệ (bao gồm Dịch vụ CNTT trong nước và Dịch vụ CNTT nước ngoài) tiếp tục giữ vai trò chủ chốt, đóng góp 62% doanh thu và 45% lợi nhuận trước thuế của toàn Tập đoàn, tương đương 30.949 tỷ đồng và 4.333 tỷ đồng, tăng trưởng lần lượt 10,7% và 13,7% so với cùng kỳ năm trước.

Dịch vụ Viễn thông ghi nhận doanh thu đạt 13.738 tỷ đồng, tăng trưởng 11,5% và LNTT đạt 3.091 tỷ đồng, tăng 21,3%. Khối Giáo dục của FPT ghi nhận doanh thu tăng trưởng 1% so với cùng kỳ năm ngoái, đạt 5.195 tỷ đồng.",2025-06-12T00:07:00+07:00,2025-12-06T00:07:00,2026-07-29T21:40:49.864214+07:00,CafeF,https://cafef.vn/thanh-vien-scic-dang-ky-mua-2-trieu-co-phieu-fpt-188251205205146737.chn,https://cafef.vn/thanh-vien-scic-dang-ky-mua-2-trieu-co-phieu-fpt-188251205205146737.chn,Theo Hà Ly,Thị trường chứng khoán,https://cafefcdn.com/thumb_w/1200/203337114487263232/2025/12/5/avatar1764942641169-17649426416521213349944.jpg,vi,EARNINGS,"[""EARNINGS_REPORT""]","[""FPT"", ""cổ phiếu FPT""]",13.0,"[""ticker_in_title:+1"", ""alias_in_title:+3"", ""ticker_in_summary:+1"", ""positive_entity:+1"", ""ticker_content:+3"", ""financial_terms:+2"", ""financial_metrics:+2""]",ae4a25a070173e7dc3d9c04e5c240b1389b6e53850ea568f41af6ea1d6a64d1d,590,accepted
cafef_fpt_20251027_ab54272d,"[""FPT""]",Công ty Cổ phần FPT,"Cổ phiếu FPT và một mã ngân hàng có thể được loạt cá mập tổng quy mô 14.000 tỷ ""săn lùng"" trong kỳ cơ cấu quý 4",Ngày hoàn thành cơ cấu danh mục của các ETF tham chiếu theo những chỉ số này là 31/10/2025.,"Ngày 20/10/2025, chỉ số VNDiamond và VNFinSelect đã công bố thông tin thay đổi danh mục cổ phiếu thành phần. Cùng ngày, chỉ số VNFinlead cũng cập nhật số liệu và tính toán lại tỷ trọng.

Ngày hoàn thành cơ cấu danh mục của các ETF tham chiếu theo những chỉ số trên là 31/10/2025, danh mục mới sẽ có hiệu lực từ ngày 3/11.

Theo báo cáo mới nhất của Chứng khoán BIDV (BSC) , với chỉ số VNDiamond, cổ phiếu CTD được chuyển sang rổ cổ phiếu duy tì do đã thỏa mãn các tiêu chí điều kiện. Ngược lại, VIB bị loại khỏi danh mục.

Hiện có 6 ETF mô phỏng chỉ số này, bao gồm FUEVFVND, FUEMAVND, FUEBFVND, FUEKIVND, FUEABVND, VFCVN DIAMOND. Tổng tài sản ròng của nhóm quỹ này đạt khoảng 14.000 tỷ đồng tính đến ngày 21/10, trong đó FUEVFVND chiếm tỷ trọng lớn nhất với khoảng 13.400 tỷ đồng.

Rổ chỉ số VNFinlead và VN30 không có sự thay đổi về danh mục, chỉ cập nhật số liệu và tỷ trọng.

Với rổ VNFin Lead, thị trường đang có 1 chứng chỉ quỹ ETF là quỹ ETF SSIAM VNFIN LEAD (FUESSVFL) tham chiếu chỉ số VN-Finlead với quy mô trên 530 tỷ đồng.

Tổng hợp giao dịch của các quỹ ETF nội quý 4/2025, CTCK ước tính các quỹ ETF sẽ thực hiện mua ròng mạnh nhất cổ phiếu FPT (8,2 triệu cổ phiếu) và ACB (8,2 triệu cổ phiếu). Một số mã khác như CTD, REE, KDH,... có thể được mua ròng khoảng 1-2 triệu cổ phiếu.

Ngược chiều, các quỹ ETF nội sẽ bán ròng với một số mã như TPB (3,6 triệu cổ phiếu), MWG (3,7 triệu cổ phiếu) và HDB (3,8 triệu cổ phiếu). VIB do bị loại khỏi VNDiamond cũng bị bán ròng gần 1,6 triệu cổ phiếu.

Cũng theo ước tính của Chứng khoán SSI (SSI Research) , nếu xét đồng thời ba chỉ số VN30, VNFIN Lead và VNDiamond, CTCK này cho rằng lực mua tập trung nhiều ở các cổ phiếu lớn như FPT (10,2 triệu cổ phiếu), ACB (4,2 triệu), HPG (2,5 triệu) và NLG (2,1 triệu). Ngược lại, nhóm ngân hàng tiếp tục chịu áp lực bán mạnh, đặc biệt là MBB (6,4 triệu cổ phiếu), TPB và TCB (mỗi mã hơn 5 triệu).",2025-10-27T10:51:00+07:00,2025-10-27T10:51:00,2026-07-29T21:40:56.587245+07:00,CafeF,https://cafef.vn/co-phieu-fpt-va-mot-ma-ngan-hang-co-the-duoc-loat-ca-map-tong-quy-mo-14000-ty-san-lung-trong-ky-co-cau-quy-4-188251027105115572.chn,https://cafef.vn/co-phieu-fpt-va-mot-ma-ngan-hang-co-the-duoc-loat-ca-map-tong-quy-mo-14000-ty-san-lung-trong-ky-co-cau-quy-4-188251027105115572.chn,Dương Ngọc,Thị trường chứng khoán,https://cafefcdn.com/thumb_w/1200/203337114487263232/2025/10/27/avatar1761537010465-1761537011009728484316.png,vi,MULTI_COMPANY_NEWS,[],"[""FPT"", ""cổ phiếu FPT""]",5.0,"[""ticker_in_title:+1"", ""alias_in_title:+3"", ""positive_entity:+1"", ""ticker_content:+2"", ""financial_terms:+2"", ""financial_metrics:+2"", ""many_tickers:-3"", ""multi_company_news:-3""]",f2987f9becf10efe49548e55bb61dbf049e467fea3f06bf7c2029deda1038f73,411,accepted
cafef_fpt_20251021_a7b5fc1a,"[""FPT""]",Công ty Cổ phần FPT,Cổ phiếu FPT của ông Trương Gia Bình “tái sinh”,Cổ phiếu FPT tăng kịch trần “trắng bên bán” cùng sự trở lại của khối ngoại mang đến kỳ vọng “tái sinh” sau chuỗi ngày trượt dài dò đáy.,"FPT:

Thị trường chứng khoán hồi phục tích cực sau phiên giảm điểm kỷ lục, cổ phiếu FPT bất ngờ trở thành tâm điểm chú ý khi tăng kịch trần “trắng bên bán” lên mức 93.000 đồng/cp. Đây là lần đầu tiên cổ phiếu này tăng trần kể từ đáy thuế quan hồi trung tuần tháng 4.

Phiên tăng “bốc đầu” mang đến kỳ vọng “tái sinh” cho cổ phiếu của ông Trương Gia Bình sau chuỗi ngày trượt dài dò đáy. Trước đó, FPT đã giảm 35% từ đỉnh qua đó rơi xuống 87.000 đồng/cp, mức thấp nhất trong vòng 18 tháng. Cùng với đó là áp lực bán mạnh chưa từng thấy từ khối ngoại.

Tính từ đầu năm đến trước phiên 21/10, khối ngoại đã bán ròng hơn 17.000 tỷ đồng trên cổ phiếu công nghệ số 1 Việt Nam. Điều này khiến FPT hở room đến hơn 217 triệu cổ phiếu (khoảng 13% tổng lượng cổ phiếu lưu hành), tình trạng này hiếm khi xảy ra trước đây. Tuy nhiên, tín hiệu tích cực đã trở lại sau phiên vừa qua khi khối ngoại đã bất ngờ mua ròng gần 6 triệu cổ phiếu FPT.

FPT tăng bốc đầu sau khi công bố kết quả kinh doanh 9 tháng đầu năm với doanh thu gần 49.900 tỷ đồng và lợi nhuận trước thuế 9.540 tỷ đồng, lần lượt tăng 10% và gần 18% so với cùng kỳ năm ngoái. Lợi nhuận sau thuế cho cổ đông công ty mẹ đạt 6.867 tỷ đồng, tăng trưởng 19,2%, EPS đạt 4.043 đồng/cổ phiếu, tăng trưởng 18% so với năm trước.

Như vậy tính riêng trong quý 3/2025, LNTT của FPT đạt xấp xỉ 3.400 tỷ đồng, tăng trưởng 16% so với cùng kỳ năm trước. Lãi ròng tăng 16,5% so với cùng kỳ năm trước lên 2.435 tỷ đồng.

﻿Tại buổi gặp gỡ nhà đầu tư hồi tháng 8, cập nhật của Vietcap cho thấy ban lãnh đạo FPT đã điều chỉnh kế hoạch theo kịch bản cơ sở mới với tăng trưởng doanh thu là 15% so với cùng kỳ và tăng trưởng lợi nhuận là 18%-19% so với cùng kỳ. Những con số này thấp hơn so với mục tiêu tại ĐHĐCĐ là tăng trưởng doanh thu 20% và tăng trưởng LNTT 21%.

Tạm tính theo kế hoạch mới, FPT đặt mục tiêu doanh thu và LNTT năm 2025 lần lượt khoảng 73.000 tỷ đồng và 13.000 tỷ đồng. Với kết quả đạt được, FPT ước thực hiện 68% kế hoạch doanh thu và 73% mục tiêu lợi nhuận trong kế hoạch sau điều chỉnh.

Điểm tích cực là doanh thu ký mới của mảng Dịch vụ CNTT nước ngoài trong 9 tháng đầu năm đạt 29.363 tỷ đồng, tăng trưởng 14,4% so với cùng kỳ. Thời gian qua FPT liên tục thắng thầu 19 dự án lớn (trên 10 triệu USD mỗi dự án), gần gấp đôi so với cùng kỳ.

Trước bối cảnh kinh tế toàn cầu còn nhiều thách thức, doanh thu mảng Dịch vụ CNTT nước ngoài duy trì tăng trưởng 12,8%, đạt 25.574 tỷ đồng, lợi nhuận trước thuế đạt 4.073 tỷ đồng, tăng 12,7% so với cùng kỳ năm trước. Động lực tăng trưởng chính đến từ thị trường Nhật Bản với mức tăng trưởng đạt 26,3% so với cùng kỳ.",2025-10-21T14:19:00+07:00,2025-10-21T14:19:00,2026-07-29T21:41:07.202354+07:00,CafeF,https://cafef.vn/co-phieu-fpt-cua-ong-truong-gia-binh-tai-sinh-188251021141948351.chn,https://cafef.vn/co-phieu-fpt-cua-ong-truong-gia-binh-tai-sinh-188251021141948351.chn,Hà Linh,Thị trường chứng khoán,https://cafefcdn.com/thumb_w/1200/203337114487263232/2025/10/21/avatar1761031127274-17610311279962037120766.jpeg,vi,EARNINGS,"[""EARNINGS_REPORT""]","[""FPT"", ""cổ phiếu FPT""]",13.0,"[""ticker_in_title:+1"", ""alias_in_title:+3"", ""ticker_in_summary:+1"", ""positive_entity:+1"", ""ticker_content:+3"", ""financial_terms:+2"", ""financial_metrics:+2""]",ed6b5e5db8721ee3f5e0e5bd09e5adff337a4c909e2431362b0d8647f55087fe,587,accepted
cafef_fpt_20251017_777b2e9c,"[""FPT""]",Công ty Cổ phần FPT,"Vàng lên gần 160 triệu đồng/lượng, người đàn ông lỗ kép vì bán vàng để mua cổ phiếu FPT, VCB: 'Vàng thì tăng gấp đôi, còn tài khoản chứng khoán của tôi giảm 20%'","Anh Tùng (30 tuổi, Ninh Bình) bán 2 cây vàng cưới lúc giá hơn 80 triệu đồng/lượng để mua cổ phiếu FPT và VCB.","Dưới đây là chia sẻ của anh Tùng, 30 tuổi (Ninh Bình)

Chuyện bắt đầu từ cuối năm ngoái, khi giá vàng còn loanh quanh mức 80 triệu đồng/lượng. Tôi đọc được bài viết của nột chuyên gia chứng khoán rằng thị trường chứng khoán đang có nhiều tiềm năng, rằng cổ phiếu công nghệ và ngân hàng là cơ hội vàng để làm giàu. FPT được khen ngợi là ngôi sao sáng với tiềm năng tăng trưởng mạnh, còn VCB thì luôn được xem là ""ông lớn"" hàng đầu ngành ngân hàng. Trong khi đó, vàng, sau giai đoạn tăng nóng năm 2024, bị nhiều người nhận định là đã đạt đỉnh và sẽ sớm điều chỉnh. Tôi nghĩ, mình còn trẻ, vợ chồng còn cả tương lai phía trước, sao không thử mạo hiểm một lần?

Sau khi bàn bạc với vợ, tôi thuyết phục cô ấy rằng bán 2 cây vàng cưới của gia đình để mua cổ phiếu. ""Nếu mình giữ vàng, nó chỉ nằm đó, có khi còn bị giảm giá. Đầu tư vào chứng khoán, biết đâu vài năm nữa mình có cả tỷ đồng. Nhất là khi mình chỉ đầu tư vào cổ phiếu cơ bản, có năng lực kinh doanh tốt"" – tôi hào hứng nói. Vợ tôi, dù hơi do dự, cuối cùng cũng gật đầu. Thế là 2 cây vàng cưới – kỷ vật thiêng liêng của ngày trọng đại – được mang đi bán. Số tiền thu được, tôi chia ra để mua cổ phiếu FPT và VCB, lòng đầy hy vọng về những ngày tài khoản chứng khoán sẽ ""xanh mướt"".

Nhưng đời không như mơ. Từ đầu năm đến nay, giá vàng tăng chóng mặt, gần gấp đôi, lên tới gần 160 triệu đồng/lượng. Nếu giữ hai cây vàng, giờ đây chúng đã trị giá gần 320 triệu đồng – một con số đủ để vợ chồng tôi trả nợ tiền xây nhà hoặc đầu tư một cửa hàng tạp hóa nhỏ. Còn cổ phiếu thì sao? FPT giảm hơn 30%, mỗi lần mở ứng dụng chứng khoán là một lần tim tôi thắt lại. VCB may mắn hơn, chỉ giảm 1 - 2% so với giá vốn. Tổng cộng, số tiền trong tài khoản của tôi giờ chỉ còn chưa tới 80% so với vốn ban đầu.

Mỗi đêm, tôi nằm trằn trọc, không chỉ tiếc tiền, mà còn thấy có lỗi với gia đình, với chính niềm tin mà vợ đã đặt vào tôi. ""Nếu mình không bán vàng, giờ đã có một khoản tiền kha khá"", tôi tự nhủ, rồi lại tự trách mình vì đã quá vội vàng.

Dẫu biết, đầu tư tất nhiên có rủi ro và tôi phải chịu trách nhiệm về quyết định của mình. Tuy nhiên, đây sẽ là bài học để tôi thận trọng hơn trong các quyết định tài chính.

Giờ đây, tôi vẫn tiếp tục tìm hiểu về đầu tư, học cách phân tích thị trường, quản lý rủi ro và kỳ vọng giá cổ phiếu FPT và VCB sẽ tăng trở lại. Tôi không từ bỏ chứng khoán, nhưng chắc chắn sẽ thận trọng hơn. Vợ tôi, dù không một lời trách móc, vẫn nhẹ nhàng nhắc: ""Lần sau, mình giữ lại một ít vàng nhé, để làm kỷ niệm."" Câu nói ấy khiến tôi vừa ấm lòng, vừa thêm day dứt.",2025-10-17T16:47:00+07:00,2025-10-17T16:47:00,2026-07-29T21:41:11.048121+07:00,CafeF,https://cafef.vn/vang-len-gan-160-trieu-dong-luong-nguoi-dan-ong-lo-kep-vi-ban-vang-de-mua-co-phieu-fpt-vcb-vang-thi-tang-gap-doi-con-tai-khoan-chung-khoan-cua-toi-giam-20-188251017164836481.chn,https://cafef.vn/vang-len-gan-160-trieu-dong-luong-nguoi-dan-ong-lo-kep-vi-ban-vang-de-mua-co-phieu-fpt-vcb-vang-thi-tang-gap-doi-con-tai-khoan-chung-khoan-cua-toi-giam-20-188251017164836481.chn,Tin Vũ (ghi),Tài chính - ngân hàng,https://cafefcdn.com/thumb_w/1200/203337114487263232/2025/10/17/avatar1760694446629-1760694447040265173350.png,vi,COMPANY_ANALYSIS,[],"[""FPT"", ""cổ phiếu FPT""]",13.0,"[""ticker_in_title:+1"", ""alias_in_title:+3"", ""ticker_in_summary:+1"", ""positive_entity:+1"", ""ticker_content:+3"", ""financial_terms:+2"", ""financial_metrics:+2""]",d73dabe566e954b190e0fc8daec9a51fe61fad27f12bda6b7b96e2f5d9ae6809,564,accepted
cafef_fpt_20251016_9d99fbfd,"[""FPT""]",Công ty Cổ phần FPT,"9 tháng từ ngày ông Trương Gia Bình nói “thời tới cản không kịp”, cổ phiếu FPT “thủng” giá 9x","Cổ phiếu FPT đã giảm gần 33% từ khi ông Trương Gia Bình nói ""thời tới cản không kịp"" trong buổi khai xuân Ất Tỵ, vốn hóa tập đoàn cũng theo đó bị thổi bay hơn 88.000 tỷ đồng.","Bất chấp thị trường chứng khoán quanh vùng đỉnh, cổ phiếu FPT tiếp tục trượt dài dò đáy. Kết phiên 15/10, FPT mất thêm 3% thị giá, qua đó lùi xuống dưới 90.000 đồng/cp. Đây là mức thấp nhất trong khoảng 18 tháng trở lại đây. Thậm chí, thị giá hiện tại của FPT còn thấp hơn cả vùng đáy thuế quan hồi giữa tháng 4 năm nay.

So với đỉnh lịch sử lập được vào những ngày cuối năm Giáp Thìn 2024 (23-24/1/2025), cổ phiếu FPT đã mất gần 33% thị giá. Vốn hóa thị trường cũng theo đó bị thổi bay hơn 88.000 tỷ đồng, xuống còn gần 153.000 tỷ đồng. Con số này không đủ để FPT nằm trong top 10 vốn hóa dù cuối năm ngoái công ty công nghệ này còn là tập đoàn tư nhân lớn nhất sàn chứng khoán.

Đáng chú ý, áp lực bán chủ yếu đến từ khối ngoại. Từ đầu năm 2025 đến nay, khối ngoại đã bán ròng hơn 17.000 tỷ đồng trên cổ phiếu công nghệ số 1 Việt Nam. Không có cổ phiếu nào bị bán mạnh hơn FPT giai đoạn vừa qua. Điều này khiến FPT hở room đến hơn 216 triệu cổ phiếu (tương đương gần 13% tổng lượng cổ phiếu lưu hành), tình trạng này hiếm khi xảy ra trước đây.

Như vậy, chỉ sau vài tháng, câu chuyện của cổ phiếu FPT đã thay đổi chóng mặt, trái ngược hoàn toàn so với thời điểm bước vào năm Ất Tỵ 2025. Còn nhớ, tại buổi khai xuân của FPT, Chủ tịch HĐQT Trương Gia Bình đã có những chia sẻ về mối liên hệ giữa Âm dương Ngũ hành với sự phát triển của tập đoàn, cho thấy nhiều điểm thuận lợi.

“Tất cả những yếu tố đều hài hòa với FPT, chúng ta sẽ bước vào năm Ất Tỵ 2025 với một vượng khí dồi dào. Nói cách khác, chúng ta không muốn nhận cũng không được vì thời tới cản không kịp” , Chủ tịch FPT chia sẻ. Ở thời điểm đó, không nhiều người nghĩ về một kịch bản “buồn” như hiện tại của cổ phiếu FPT.

Tuy nhiên, lãnh đạo tập đoàn đã nhận ra thách thức từ khá sớm. Tại ĐHĐCĐ thường niên hồi giữa tháng 4, ông Trương Gia Bình đã đánh giá 2025 là một năm khó khăn ngút trời. Nguyên nhân chính đến từ nhu cầu chi tiêu công nghệ giảm tốc ảnh hưởng đến doanh thu công nghệ thông tin (CNTT) nước ngoài – một trong những động lực tăng trưởng chính của FPT.

Mặt khác, Chủ tịch FPT đánh giá năm 2025 cũng là cơ hội không thể tưởng tượng được. Theo đó, cổ đông FPT vẫn thông qua kế hoạch kinh doanh năm 2025 cao kỷ lục với mục tiêu doanh thu đạt 75.400 tỷ đồng và lợi nhuận trước thuế 13.395 tỷ đồng, lần lượt tăng 20% và 21% so với thực hiện 2024. Tuy nhiên, tập đoàn để ngỏ khả năng điều chỉnh kế hoạch.

Ông Nguyễn Văn Khoa - Tổng Giám đốc FPT cho biết, kế hoạch đã được HĐQT thông qua từ đầu năm. Tuy nhiên, tình hình thế giới còn nhiều bất ổn, do đó, FPT cũng trình cổ đông uỷ quyền cho HĐQT điều chỉnh kế hoạch kinh doanh 2025 phù hợp với tình hình thế giới trong trường hợp cần thiết.

Đến giữa tháng 8, tại buổi gặp gỡ nhà đầu tư, cập nhật của Vietcap cho thấy ban lãnh đạo FPT đã điều chỉnh kế hoạch theo kịch bản cơ sở mới với tăng trưởng doanh thu là 15% so với cùng kỳ và tăng trưởng lợi nhuận là 18%-19% so với cùng kỳ. Những con số này thấp hơn so với mục tiêu tại ĐHĐCĐ là tăng trưởng doanh thu 20% và tăng trưởng LNTT 21%.

Ước tính theo kế hoạch mới, FPT đặt mục tiêu doanh thu và LNTT năm 2025 lần lượt khoảng 73.000 tỷ đồng và 13.000 tỷ đồng.

Về kết quả kinh doanh, 8 tháng đầu năm, FPT ghi nhận doanh thu đạt 43.818 tỷ đồng, tăng 10,5% so với cùng kỳ 2024. LNTT đạt 8.315 tỷ đồng, tăng 17,5% so với cùng kỳ năm ngoái. Có thể thấy, mức tăng trưởng kết quả kinh doanh trong 8 tháng vẫn thấp hơn so với kịch bản cơ sở mới sau điều chỉnh.",2025-10-16T00:01:00+07:00,2025-10-16T00:01:00,2026-07-29T21:41:20.705126+07:00,CafeF,https://cafef.vn/9-thang-tu-ngay-ong-truong-gia-binh-noi-thoi-toi-can-khong-kip-co-phieu-fpt-thung-gia-9x-188251015220916536.chn,https://cafef.vn/9-thang-tu-ngay-ong-truong-gia-binh-noi-thoi-toi-can-khong-kip-co-phieu-fpt-thung-gia-9x-188251015220916536.chn,Hà Linh,Thị trường chứng khoán,https://cafefcdn.com/thumb_w/1200/203337114487263232/2025/10/15/avatar1760540706294-17605407069802054321513.jpg,vi,EARNINGS,"[""EARNINGS_REPORT""]","[""FPT"", ""cổ phiếu FPT""]",13.0,"[""ticker_in_title:+1"", ""alias_in_title:+3"", ""ticker_in_summary:+1"", ""positive_entity:+1"", ""ticker_content:+3"", ""financial_terms:+2"", ""financial_metrics:+2""]",63715735383d9034b332a9afbb06127e7b4d8042ab27d1cf548d0f83bf38c447,758,accepted
cafef_fpt_20250826_75ab6cb2,"[""FPT""]",Công ty Cổ phần FPT,"Ông Trương Gia Bình nhận nhiệm vụ từ Thủ tướng, cổ phiếu FPT lấy lại mốc 100.000 đồng tròn trĩnh",Từ đầu năm đến nay cổ phiếu FPT đã giảm hơn 34%.,"FPT:

Ông Trương Gia Bình (Ảnh: Dương Giang)

Ngày 26/8, cổ phiếu FPT đã tăng 1,2% lên mức giá 100.000 đồng/cp, với hơn 5,8 triệu cổ phiếu được khớp lệnh. Vốn hóa của FPT tăng lên hơn 170.000 tỷ đồng.

Cổ phiếu FPT chạm mốc 100.000 đồng/cp sau thông tin Thủ tướng Phạm Minh Chính vừa giao ông Trương Gia Bình cùng Ban Nghiên cứu phát triển Kinh tế tư nhân (Ban IV) nghiên cứu thành lập Quỹ phát triển kinh tế tư nhân.﻿

Theo đó, để nâng cao hơn nữa vai trò của khu vực kinh tế tư nhân, người đứng đầu Chính phủ giao Ban IV cùng ông Trương Gia Bình - Chủ tịch FPT, và ông Don Lâm - nhà sáng lập VinaCapital, nghiên cứu thành lập Quỹ phát triển kinh tế tư nhân. Ban IV báo cáo Thủ tướng trong tháng 8 này.

Song song đó, Thủ tướng yêu cầu Ban IV phối hợp chặt chẽ với Bộ Tài chính để triển khai Chương trình Toàn cảnh kinh tế tư nhân Việt Nam. Chương trình cần xác định rõ chủ đề, mục tiêu từng năm, lựa chọn công cụ và phương thức tổ chức bảo đảm thành công, huy động sức mạnh tổng hợp.

Thủ tướng cũng giao Ban IV nghiên cứu, tìm kiếm các điển hình tốt, mô hình sản xuất kinh doanh hiệu quả; triển khai công tác truyền thông để tôn vinh, khuyến khích học tập, tạo sức lan tỏa; đồng thời đề nghị các cơ quan truyền thông khác phối hợp triển khai. Việc tôn vinh phải xứng đáng, công bằng và minh bạch, rà soát, thẩm định kỹ lưỡng, tránh tôn vinh mang tính hình thức.

Một nhiệm vụ khác được Thủ tướng giao là xây dựng Bộ chỉ số đánh giá hiệu quả triển khai Nghị quyết 68 và môi trường kinh doanh. Bộ Tài chính có trách nhiệm xây dựng bộ chỉ số để đo lường, giám sát việc thực hiện các nhiệm vụ và đánh giá sự phát triển của doanh nghiệp, hộ kinh doanh.

Trong khi đó Ban IV phải xây dựng bộ chỉ số theo dõi, đánh giá, xác định mức độ thông thoáng môi trường kinh doanh của Việt Nam; xác định các vướng mắc, hạn chế của doanh nghiệp; đảm bảo tính độc lập, khách quan.

Các nhiệm vụ này cần được xem xét, báo cáo Thủ tướng trong tháng 8.",2025-08-26T15:53:00+07:00,2025-08-26T15:53:00,2026-07-29T21:41:24.692850+07:00,CafeF,https://cafef.vn/ong-truong-gia-binh-nhan-nhiem-vu-tu-thu-tuong-co-phieu-fpt-lay-lai-moc-100000-dong-tron-trinh-1882508261534441.chn,https://cafef.vn/ong-truong-gia-binh-nhan-nhiem-vu-tu-thu-tuong-co-phieu-fpt-lay-lai-moc-100000-dong-tron-trinh-1882508261534441.chn,Lịch Thiệp,Doanh nghiệp,https://cafefcdn.com/thumb_w/1200/203337114487263232/2025/8/26/avatar1756197102124-1756197102506821010915.jpg,vi,COMPANY_ANALYSIS,[],"[""FPT"", ""cổ phiếu FPT""]",13.0,"[""ticker_in_title:+1"", ""alias_in_title:+3"", ""ticker_in_summary:+1"", ""positive_entity:+1"", ""ticker_content:+3"", ""financial_terms:+2"", ""financial_metrics:+2""]",0eac6230b1100566e7326c6a88781674057deb71b81053c7733ffe6ebc7231bd,413,accepted
cafef_fpt_20250617_2ac6f4fd,"[""FPT""]",Công ty Cổ phần FPT,"Cổ phiếu FPT ""bứt tốc"" mạnh nhất trong 1 tháng","Đáng chú ý, FPT cũng ghi nhận dòng vốn ngoại mua ròng mạnh nhất toàn thị trường trong ngày.","FPT:

Thị trường chứng khoán Việt Nam bứt phá mạnh trong phiên giao dịch đầu tuần. Một trong số những ""công thần"" đưa chỉ số VN-Index lên cao phải kể tới cổ phiếu FPT với mức tăng 3,12%, mạnh nhất trong vòng 1 tháng trở lại đây. Kết phiên 16/6, FPT leo lên mốc 119.000 đồng/cp, vốn hóa thị trường tăng thêm hơn 5.300 tỷ đồng chỉ sau 1 phiên.

Đáng chú ý, FPT cũng ghi nhận dòng vốn ngoại mua ròng hơn 300 tỷ đồng, mức mua ròng mạnh nhất toàn thị trường cùng ngày. Dù chưa thể khẳng định xu hướng bán ròng trước đó đã hoàn toàn chấm dứt, động thái này vẫn được đánh giá là tín hiệu tích cực, góp phần củng cố đà tăng giá.

Ở một diễn biến khác, FPT đã chốt danh sách cổ đông nhận phần cổ tức còn lại của năm 2024 vào ngày 13/6. Với tỷ lệ chi trả 10%, doanh nghiệp sẽ chi khoảng 1.481 tỷ đồng để thực hiện thanh toán trong đợt này. Ngày thanh toán dự kiến vào 20/6 tới đây.

Giai đoạn vừa qua, nhóm cổ phiếu công nghệ, trong đó có FPT đã trải qua nhịp điều chỉnh mạnh dưới áp lực từ “làn sóng AI giá rẻ” lan rộng toàn thị trường. Cộng thêm cú sốc thuế quan, thị giá FPT ""rơi"" từ đỉnh lịch sử hơn 150.000 đồng/cp (cuối tháng 1/2025) xuống còn hơn 104.000 đồng/cp trong vòng chưa đầy 2,5 tháng. Tính đến hiện tại, dù cổ phiếu đã phục hồi trở lại về thời điểm trước cú sốc thuế quan, song thị giá vẫn còn khoảng cách đáng kể so với đỉnh cũ.﻿

Thời điểm đó, mô hình AI giá rẻ làm dấy lên lo ngại của nhà đầu tư về sự suy giảm giá trị thị trường AI dù vẫn còn nhiều hoài nghi về chi phí phát triển.

Tuy nhiên, ban lãnh đạo FPT cho rằng sự ra đời của các mô hình AI giá rẻ như DeepSeek có thể không ảnh hưởng đáng kể đến hiệu quả FPT AI Factory. Thậm chí, sự xuất hiện của các mô hình AI chi phí thấp tương tự như DeepSeek có thể thúc đẩy việc ứng dụng AI hơn trong các doanh nghiệp/tổ chức, cho thấy cơ hội của các công ty công nghệ, bao gồm lĩnh vực AI của FPT.

Mặc dù thị giá biến động mạnh trong thời gian qua, hoạt động kinh doanh của FPT vẫn ghi nhận nhiều điểm sáng, tiếp tục duy trì đà tăng trưởng ổn định.﻿

Trong quý 1/2025, FPT ghi nhận lợi nhuận trước thuế ước đạt 3.025 tỷ đồng, tăng 19,4% so với quý đầu năm ngoái. Đây là mức lợi nhuận cao nhất trong một quý FPT từng đạt được kể từ khi thành lập. Lợi nhuận sau thuế tăng 20% so với cùng kỳ 2024, đạt 2.596 tỷ đồng. Trong đó, lợi nhuận sau thuế thuộc về cổ đông công ty mẹ đạt 2.174 tỷ đồng, tăng 21% so với quý 1/2024.

Kể từ đầu năm 2023 đến nay, tập đoàn công nghệ này đã liên tục phá kỷ lục lợi nhuận mỗi quý, lợi nhuận quý sau cao hơn quý trước và tăng đều đặn khoảng 20% so với cùng kỳ năm trước. Nhờ đó, lợi nhuận hàng năm của FPT cũng duy trì mức tăng trưởng “đều như vắt tranh” ở mức quanh 20%.

Được biết, Tập đoàn FPT đặt mục tiêu doanh thu năm 2025 đạt 75.400 tỷ đồng và lợi nhuận trước thuế 13.395 tỷ đồng, lần lượt tăng 20% và 21% so với thực hiện 2024. Nếu hoàn thành, đây sẽ tiếp tục là mức doanh thu và lợi nhuận kỷ lục mới của doanh nghiệp đầu ngành công nghệ Việt Nam và sẽ là năm thứ 5 liên tiếp tăng trưởng trên 20%/năm.﻿

Theo báo cáo phân tích mới đây của KBSV, xu hướng sử dụng AI tạo sinh trong các doanh nghiệp và tổ chức sẽ diễn ra mạnh mẽ nhằm cải thiện hiệu quả hoạt động kinh doanh sẽ thúc đẩy chi tiêu toàn cầu cho phần mềm và dịch vụ CNTT. Bộ phận phân tích kỳ vọng FPT sẽ tiếp tục bắt kịp các xu hướng mới nhằm đẩy mạnh hoạt động đầu tư tại các thị trường trọng điểm.

KBSV dự phóng doanh thu mảng CNTT năm 2025 của FPT tăng trưởng 24,7% svck, đạt 38.597 tỷ đồng dựa trên(1) AI Factory hoàn thiện hệ sinh thái sản phẩm và giúp FPT tiếp cận sâu rộng hơn tới khách hàng; (2) Hợp đồng quy mô lớn tiếp tục được kí kết giúp bảo đảm khối lượng công việc trong thời gian dài.

Sang năm 2026, KBSV dự phóng tổng doanh thu mảng CNTT nước ngoài của FPT dự kiến đạt 47.585 tỷ đồng, tăng 23% svck và tiếp tục là động lực đóng góp tăng trưởng chính cho doanh thu cả mảng CNTT đạt 56.578 tỷ đồng, tăng 20% svck 2025.",2025-06-17T00:01:00+07:00,2025-06-17T00:01:00,2026-07-29T21:41:37.853326+07:00,CafeF,https://cafef.vn/co-phieu-fpt-but-toc-manh-nhat-trong-1-thang-188250616220235428.chn,https://cafef.vn/co-phieu-fpt-but-toc-manh-nhat-trong-1-thang-188250616220235428.chn,Ngọc Ly,Thị trường chứng khoán,https://cafefcdn.com/thumb_w/1200/203337114487263232/2025/6/16/avatar1750086114229-17500861151181067029940.jpg,vi,EARNINGS,"[""EARNINGS_REPORT""]","[""FPT"", ""Tập đoàn FPT"", ""cổ phiếu FPT""]",14.0,"[""ticker_in_title:+1"", ""alias_in_title:+3"", ""ticker_in_summary:+1"", ""positive_entity:+2"", ""ticker_content:+3"", ""financial_terms:+2"", ""financial_metrics:+2""]",89b3e202b4ef6516ea038e18ca1ca4f6dddeecc4b16515d21f906daa371d10b1,873,accepted
cafef_fpt_20250416_b05fc2b8,"[""FPT""]",Công ty Cổ phần FPT,Giá vàng lên 114 triệu đồng/lượng: 'Hối hận vì lỡ bán 5 lượng vàng bố mẹ gửi để đu đỉnh cổ phiếu FPT',"Giá vàng chạm mốc cao kỷ lục 114 triệu đồng/lượng, khiến nhiều người tiếc nuối vì đã bán vàng tích trữ của gia đình để đầu tư chứng khoán.","Ngày 16/4/2025, giá vàng trong nước tăng mạnh và tiếp tục lập kỷ lục mới, chạm mốc 113,9 triệu đồng/lượng đối với vàng miếng SJC và 113,2 – 113,9 triệu đồng/lượng đối với vàng nhẫn. So với cuối phiên hôm qua, giá vàng trong nước đã tăng 6 - 6,5 triệu đồng/lương, tương đương 5,5%.

Đà tăng của giá vàng được thúc đẩy bởi nhu cầu trú ẩn an toàn gia tăng trong bối cảnh kế hoạch thuế quan không chắc chắn của Tổng thống Mỹ Donald Trump khiến các nhà đầu tư lo ngại. Tính từ đầu năm đến nay, giá vàng trong nước đã tăng gần 30 triệu đồng/lượng, tương đương 35%.

Nguồn: Bảo Tín Minh Châu

Giá vàng tăng nóng đã khiến không ít người rơi vào tâm trạng tiếc nuối và lo lắng, đặc biệt là những ai đã bán vàng tích trữ để đầu tư vào các kênh khác như chứng khoán, bất động sản.

Anh Nguyễn Văn Hùng (32 tuổi, Hà Nội) là một trong những người đang cảm thấy hối hận vì quyết định bán vàng cách đây vài tháng. Anh kể: ""Bố mẹ tôi gửi 5 lượng vàng SJC từ hồi cuối năm ngoái để dành phòng khi cần. Hồi đầu năm nay, thấy giá vàng khoảng 84 triệu đồng/lượng và thị trường chứng khoán đang tăng nóng, tôi quyết định bán hết để mua cổ phiếu. Lúc đó, tôi nghĩ chứng khoán sẽ sinh lời nhanh hơn và mình cũng mua những cổ phiếu thuộc hàng cơ bản như VCB hay FPT nên cũng không ngại rủi ro"".

Tuy nhiên, thị trường chứng khoán Việt Nam trong thời gian gần đây đã trải qua nhiều biến động mạnh, phần lớn do tác động từ chính sách thuế quan toàn cầu. Danh mục đầu tư của anh Hùng hiện giảm hơn 10%, trong khi giá vàng đã tăng 35% so với thời điểm anh bán. ""Giờ nhìn giá vàng lên 114 triệu, tôi chỉ muốn quay ngược thời gian. Không chỉ mất cơ hội lãi lớn, tôi còn cảm thấy có lỗi với bố mẹ vì đã làm hao hụt số tài sản mà họ gửi,"" anh Hùng chia sẻ.

Chị Trần Thị Lan (28 tuổi, TP.HCM) cũng rơi vào tình cảnh tương tự. Là một nhà đầu tư cá nhân mới tham gia thị trường chứng khoán, chị Lan từng bán 2 lượng vàng nhẫn được gia đình hai bên mừng cưới để ""lướt sóng"" cổ phiếu. ""Lúc đó, tôi thấy nhiều người trên mạng xã hội khoe lãi lớn từ chứng khoán, nên nghĩ mình cũng thử và dùng đòn bẩy tối đa. Ai ngờ thị trường đảo chiều, tôi lỗ gần 20% tiền vốn sau nhịp điều chỉnh đầu tháng 4, còn vàng thì tăng vùn vụt,"" chị kể.

Chị Lan cho biết hiện không dám chia sẻ chuyện này với gia đình vì sợ bị trách. ""Mẹ tôi hay nói vàng là tài sản an toàn, nhưng tôi lại muốn kiếm lời nhanh. Giờ tôi chỉ hy vọng chứng khoán sẽ phục hồi để gỡ gạc phần nào,"" chị nói với vẻ tiếc nuối.

Diễn biến chỉ số Vn-Index

Không phải ai cũng tiếc nuối như anh Hùng hay chị Lan. Ông Hoàng Văn Tâm (Hà Nội) là một trong những người đã chốt lời thành công từ vàng. Ông kể rằng đã bán 30 lượng vàng nhẫn mua từ tháng 3/2024 với giá 68 triệu đồng/lượng khi giá vàng chạm 110 triệu đồng/lượng vào sáng 16/4/2025, thu về gần 1,3 tỷ đồng tiền lãi. Tuy nhiên, ông Tâm cũng thừa nhận rằng ông không dám mạo hiểm đầu tư hết vào vàng mà chọn gửi tiết kiệm một phần và giữ tiền mặt để chờ cơ hội và dự phòng rủi ro.

""Thị trường giờ rất khó đoán. Giá vàng có thể tăng tiếp, nhưng cũng dễ lao dốc nếu kinh tế toàn cầu thay đổi. Tôi đã đạt mục tiêu lợi nhuận nên chốt lời dù cũng có một chút tiếc nuối,"" ông Tâm chia sẻ.

Chuyên gia tài chính, Tiến sĩ Nguyễn Trí Hiếu phân tích giá vàng không những vượt ra khỏi mọi dự báo mà còn làm bất ngờ tất cả mọi giới đầu tư, nhà kinh doanh và cả giới tài chính. Nguyên nhân khiến giá vàng tăng một cách ""không có tiền lệ"" xuất phát từ căng thẳng từ cuộc chiến thương mại giữa Mỹ và Trung Quốc, sau thông tin 2 cường quốc kinh tế của thế giới liên tục công bố áp những mức thuế đối ứng rất cao.

Đặc biệt, căng thẳng trong chính sách thuế quan giữa Mỹ và Trung Quốc đã khiến thị trường tài chính lo ngại, nhà đầu tư đổ xô vào vàng để tìm kênh trú ẩn khi lo ngại khủng hoảng thương mại toàn cầu.

Tuy nhiên, chuyên gia cũng đưa ra những yếu tố khiến giá vàng có thể đảo chiều. Đầu tiên là trường hợp Mỹ và Trung Quốc có thể ngồi lại đàm phán về các mức thuế quan.

""Nếu việc đàm phán có tín hiệu tích cực, giá vàng có thể đảo chiều. Đồng thời, các nhà kinh doanh vàng sẽ đến giai đoạn chốt lời sau chuỗi tăng nóng cũng khiến giá vàng đi xuống vì áp lực chốt lời là rất lớn"", ông Hiếu cho hay.

Tiến sĩ Nguyễn Trí Hiếu cho rằng ""Giá vàng tăng mạnh là hệ quả của bất ổn kinh tế toàn cầu, nhưng không phải lúc nào cũng tăng mãi. Nhà đầu tư cần cân nhắc kỹ mục tiêu tài chính của mình, tránh chạy theo tâm lý đám đông."" Ông cũng khuyến cáo rằng việc phân bổ tài sản vào nhiều kênh đầu tư để giảm thiểu rủi ro.",2025-04-16T15:04:00+07:00,2025-04-16T15:04:00,2026-07-29T21:41:46.144216+07:00,CafeF,https://cafef.vn/gia-vang-len-114-trieu-dong-luong-hoi-han-vi-lo-ban-5-luong-vang-bo-me-gui-de-du-dinh-co-phieu-fpt-188250416150552132.chn,https://cafef.vn/gia-vang-len-114-trieu-dong-luong-hoi-han-vi-lo-ban-5-luong-vang-bo-me-gui-de-du-dinh-co-phieu-fpt-188250416150552132.chn,Mạnh Đức,Tài chính - ngân hàng,https://cafefcdn.com/thumb_w/1200/203337114487263232/2025/4/16/avatar1744790676228-17447906767021171869299.png,vi,EARNINGS,"[""EARNINGS_REPORT""]","[""FPT"", ""cổ phiếu FPT""]",10.0,"[""ticker_in_title:+1"", ""alias_in_title:+3"", ""positive_entity:+1"", ""ticker_content:+1"", ""financial_terms:+2"", ""financial_metrics:+2""]",ff32260c65fb436158fb0b9e09190c0db62ed0a0306e403e7234e8f9f9a64fba,987,accepted
cafef_fpt_20250416_60a8b949,"[""FPT""]",Công ty Cổ phần FPT,"Cổ phiếu FPT bất ngờ giảm sàn, FPT Telecom ngược dòng tăng mạnh",Cổ phiếu FPT đang tiến gần về vùng đáy một năm trong khi thị giá FOX còn kém khoảng 14% so với đỉnh lịch sử thiết lập hồi giữa tháng 6 năm ngoái.,"FPT&FOX:

Thị trường chứng khoán phiên 16/4 bất ngờ chứng kiến giao dịch trái chiều của bộ đôi cổ phiếu FPT và FPT Telecom (mã FOX ). Cổ phiếu FPT chịu áp lực bán mạnh đến giảm sàn ""trắng bên mua"", còn FOX ngược chiều tăng mạnh 4%. FPT đang tiến gần về vùng đáy một năm trong khi FOX còn kém khoảng 14% so với đỉnh lịch sử thiết lập hồi giữa tháng 6 năm ngoái.

Đáng chú ý, trong cơ cấu cổ đông của FPT Telecom, Tổng công ty Kinh doanh vốn Nhà nước (SCIC) là cổ đông lớn nhất nắm hơn 50% vốn. FPT là cổ đông lớn thứ 2 với tỷ lệ sở hữu 45,66% nhưng đang hạch toán FPT Telecom là công ty con theo thuyết minh trên BCTC hợp nhất kiểm toán năm 2024.

Cổ phiếu FPT giảm sâu sau khi tổ chức Đại hội cổ đông thường niên 2025 ngày 15/4 vừa qua. Tại Đại hội, cổ đông FPT đã thông qua kế hoạch kinh doanh cao kỷ lục với mục tiêu doanh thu đạt 75.400 tỷ đồng và lợi nhuận trước thuế 13.395 tỷ đồng, lần lượt tăng 20% và 21% so với thực hiện 2024.

Ông Nguyễn Văn Khoa - Tổng Giám đốc FPT cho biết, kế hoạch này đã được HĐQT thông qua từ đầu năm. Tuy nhiên, tình hình thế giới còn nhiều bất ổn, do đó, FPT trình cổ đông uỷ quyền cho HĐQT điều chỉnh kế hoạch kinh doanh 2025 phù hợp với tình hình thế giới trong trường hợp cần thiết và được thông qua.

Trong khi đó, FPT Telecom vừa công bố về việc trả cổ tức đợt 2 bằng tiền mặt năm 2024 ở mức 3.000 đồng/cổ phiếu. Theo đó, thời gian chốt danh sách cổ đông nhận cổ tức là ngày 28/4/2025. Dự kiến thời gian chi trả cổ tức là ngày 6/6. Với hơn 492,5 triệu cổ phiếu lưu hành, FPT Telecom dự kiến chi gần tiếp gần 1.500 tỷ đồng cổ tức cho đợt này

Bên cạnh việc thanh toán cổ tức tiền mặt, FPT Telecom cũng lên kế hoạch phát hành cổ phiếu để tăng vốn cổ phần với tỷ lệ 50% (10 cổ phiếu sẽ được nhận thêm 5 cổ phiếu mới). Nếu thành công, sau đợt phát hành, vốn điều lệ của FPT Telecom sẽ tăng từ 4.925 tỷ đồng lên gần 7.388 tỷ đồng. Thời gian thực hiện dự kiến thực hiện trong năm 2025.﻿

Về kế hoạch kinh doanh năm 2025, FPT Telecom đặt mục tiêu doanh thu 19.900 tỷ đồng, tăng 13% so với năm 2024, trong đó doanh thu mảng viễn thông dự kiến 19.100 tỷ đồng, phần còn lại đến từ doanh thu nội dung số. Lãi trước thuế kỳ vọng đạt 4.200 tỷ đồng, tăng 17%, nếu hoàn thành sẽ thiết lập mức kỷ lục mới về doanh thu và lợi nhuận.﻿

Đánh giá chung về tình hình kinh doanh, ông Trương Gia Bình - Chủ tịch HĐQT FPT đánh giá 2025 là một năm khó khăn ngút trời và cơ hội không thể tưởng tượng được. Theo ông Bình, khó khăn đến từ các chính sách thuế quan có thể ảnh hưởng đến chuỗi cung ứng toàn cầu. Sự thay đổi chính sách chóng mặt khiến doanh nghiệp không kịp xoay sở, thích ứng. Ngược lại, cơ hội đến từ những thay đổi mang tính cách mạng trong nội tại quốc gia hướng tới kỷ nguyên vươn mình.

“Trong quá khứ, chúng ta đã phải đối mặt với những thế lực mạnh không tưởng được và vượt qua. Lần này tôi cảm nhận cũng vậy, chúng ta sẽ vượt qua và vươn lên sánh ngang cùng các nước tiên tiến, phát triển. Chúng ta đi lên bằng con đường nào. Khoa học - Công nghệ - Đổi mới sáng tạo - Chuyển đổi số. Với sức mạnh công nghệ như vậy chúng ta có thể thành những tổ chức cạnh tranh nhất”, Chủ tịch FPT nhấn mạnh.",2025-04-16T15:01:00+07:00,2025-04-16T15:01:00,2026-07-29T21:41:50.267899+07:00,CafeF,https://cafef.vn/co-phieu-fpt-bat-ngo-giam-san-fpt-telecom-nguoc-dong-tang-manh-188250416145047196.chn,https://cafef.vn/co-phieu-fpt-bat-ngo-giam-san-fpt-telecom-nguoc-dong-tang-manh-188250416145047196.chn,Hà Linh,Thị trường chứng khoán,https://cafefcdn.com/thumb_w/1200/203337114487263232/2025/4/16/avatar1744789748163-17447897486371641184675.jpg,vi,EARNINGS,"[""EARNINGS_REPORT""]","[""FPT"", ""cổ phiếu FPT""]",13.0,"[""ticker_in_title:+1"", ""alias_in_title:+3"", ""ticker_in_summary:+1"", ""positive_entity:+1"", ""ticker_content:+3"", ""financial_terms:+2"", ""financial_metrics:+2""]",26412e2ff8cbbebfebe79bd32306a35cfcc6e23842eaf9edae3ddce6abf344ea,688,accepted
cafef_fpt_20250304_903ffe3f,"[""FPT""]",Công ty Cổ phần FPT,Quỹ ngoại lớn nhất Việt Nam nói gì về cổ phiếu FPT?,"Với quan điểm cổ phiếu FPT chưa thể tăng mạnh trong ngắn hạn, các quỹ Dragon Capital đã hạ bớt tỷ trọng mã này, từ mức 12% xuống còn 5-6%.","Tại sự kiện “Investor Day: Chiến lược đầu tư với chính sách mới” do Dragon Capital tổ chức, Giám đốc Nghiệp vụ cấp cao lĩnh vực chứng khoán Võ Nguyễn Khoa Tuấn cho rằng chính sách áp thuế mà Tổng thống Mỹ đưa ra vẫn là để các quốc gia thương lượng. Tuy chưa thể rõ kết quả sẽ thế nào, song chuyên gia tự tin Chính phủ Việt Nam sẽ có nhiều biện pháp khác nhau để thúc đẩy tiêu dùng trong nước. Đây được xem là động lực chính cho tăng trưởng nền kinh tế Việt Nam 5-10 năm tới thay vì xuất khẩu.

""Thương mại chỉ chiếm dưới 10% GDP, trong khi tiêu dùng cá nhân và đầu tư công chiếm đến 90%. Đây sẽ là độc lực để bù đắp sự suy giảm từ mặt xuất khẩu"", ông Tuấn cho biết.

Trả lời câu hỏi nhà đầu tư về triển vọng cổ phiếu FPT trong bối cảnh giá giảm mạnh trong giai đoạn vừa qua, chuyên gia Dragon Capital nhận định FPT là một trong những cổ phiếu đóng góp sự tăng trưởng rất nhiều cho các quỹ đầu tư trong vòng 5 năm qua. Đây được xem là cổ phiếu tăng trưởng tốt nhất giai đoạn này trên thị trường chứng khoán. Mức tăng mạnh cũng đưa tỷ trọng FPT trở nên tương đối lớn trong danh mục các quỹ.

Tuy nhiên gần đây, trong bối cảnh ngành công nghệ thế giới có nhiều thông tin không thực sự thuận lợi, nhiều quỹ đầu tư đã có xu hướng thực hiện bán ra chốt lời, giảm tỷ trọng FPT, từ đó gây ảnh hưởng đến giá cổ phiếu trong ngắn hạn.

""Với quan điểm cổ phiếu FPT chưa thể tăng mạnh trong ngắn hạn, các quỹ Dragon Capital đã hạ bớt tỷ trọng mã này, từ mức 12% xuống còn 5-6%. Nhưng chúng tôi vẫn giữ quan điểm tích cực về triển vọng trong trung và dài hạn của FPT. Đó là lý do các quỹ vẫn giữ lại cổ phiếu này trong danh mục thay vì bán ra toàn bộ"", ông Võ Nguyễn Khoa Tuấn cho biết.

Liên quan tới ngành và cổ phiếu chiến lược để đầu tư cho giai đoạn tới, ông Tuấn cho rằng kể cả sau thông tin Tổng thống Mỹ Donald Trump công bố áp thuế đối ứng tới 46% với Việt Nam, thị trường vẫn có nhiều cơ hội tới gần. Những ngành không bị ảnh hưởng bởi chính sách áp thuế như ngân hàng, tiêu dùng, cũng như một số lĩnh vực có thể hưởng lợi từ sự dịch chuyển thị trường lao động và đẩy mạnh đầu tư công là doanh nghiệp xây dựng, vật liệu sẽ cần được chú ý.

Về cổ phiếu, các quỹ Dragon Capital đã giảm bớt cổ phiếu thuộc ngành bất động sản khu công nghiệp trong danh mục, vì đây sẽ là nhóm bị ảnh hưởng trực tiếp chính sách áp thuế. Trong khi đó, nhiều cổ phiếu ngân hàng đang có mức định giá hợp lý, triển vọng tăng trưởng trong năm 2025 - 2026 khả quan như TCB; CTG. Đồng thời, tại nhóm thép, HPG là doanh nghiệp đầu ngành, có thể hưởng lợi cả về sự phục hồi của bất động sản cũng như thúc đẩy đầu tư công. Tỷ trọng xuất khẩu thép vào Mỹ của Hoà Phát chỉ chiếm dưới 8% doanh thu và dưới 5% lợi nhuận năm 2024.

""Đôi khi việc sắp xếp lại dòng tiền giữa các nhóm ngành lại là cơ hội tốt, khi đó nhà đầu tư sẽ sễ đưa ra sự lựa chọn cổ phiếu. Nhà đầu tư đang phản ứng quá mức về chính sách áp thuế"", chuyên gia Dragon Capital chia sẻ.",2025-03-04T16:15:00+07:00,2025-04-03T16:15:00,2026-07-29T21:41:53.173161+07:00,CafeF,https://cafef.vn/quy-ngoai-lon-nhat-viet-nam-noi-gi-ve-co-phieu-fpt-188250403161515321.chn,https://cafef.vn/quy-ngoai-lon-nhat-viet-nam-noi-gi-ve-co-phieu-fpt-188250403161515321.chn,Tuệ Giang,Thị trường chứng khoán,https://cafefcdn.com/thumb_w/1200/203337114487263232/2025/4/3/avatar1743671685048-17436716857181237306983.png,vi,EARNINGS,"[""EARNINGS_REPORT""]","[""FPT"", ""cổ phiếu FPT""]",13.0,"[""ticker_in_title:+1"", ""alias_in_title:+3"", ""ticker_in_summary:+1"", ""positive_entity:+1"", ""ticker_content:+3"", ""financial_terms:+2"", ""financial_metrics:+2""]",8c92ccc2fffcb545eb461f3cf31ec881ef52e23d60d54853d11796c434b799d6,636,accepted
cafef_fpt_20250331_d326ff12,"[""FPT""]",Công ty Cổ phần FPT,"Cổ phiếu FPT, MWG, PNJ mất phong độ, bộ chỉ số kim cương thua xa VN-Index","Hiệu suất của VNDiamond thua xa VN-Index chủ yếu do các ""viên kim cương"" cỡ lớn như FPT, MWG, PNJ đánh mất phong độ thời gian qua.","FPT&MWG&PNJ:

Thị trường chứng khoán từ đầu năm 2025 có nhiều tín hiệu khởi sắc khi dòng tiền luân phiên kéo các nhóm cổ phiếu đưa VN-Index vượt 1.300 điểm. Mặc dù chững lại trong 2 tuần gần đây nhưng chỉ số vẫn ghi nhận mức tăng khoảng 4% từ đầu năm. Ở tình thế trái ngược, VNDiamond lại giảm hơn 5% từ đầu năm, chủ yếu do ảnh hưởng từ nhịp điều chỉnh 2 tuần qua.

VNDiamond hay còn được biết đến với tên gọi bộ chỉ số “kim cương”, là một trong những chỉ số chứng khoán đáng chú ý nhất thị trường. Chỉ số này từng có nhiều giai đoạn cho thấy sự vượt trội so với VN-Index. Thực tế, VNDiamond vẫn đang neo gần vùng đỉnh lịch sử trong khi VN-Index còn cách rất xa mức cao nhất từng chạm đến.

Trong cấu phần của bộ chỉ số VNDiamond, cổ phiếu ngân hàng là nhóm chiếm tỷ trọng lớn nhất khảng 40%. Con số này cũng tương đương với VN-Index. Vì thế, sự khác biệt về mặt hiệu suất phụ thuộc rất nhiều vào các cổ phiếu như FPT, MWG hay PNJ . Đây là những viên kim cương cơ lớn trong VNDiamond nhưng tỷ trọng khiêm tốn trong VN-Index.

Hiệu suất của VNDiamond thua xa VN-Index chủ yếu do FPT, MWG , PNJ đánh mất phong độ thời gian qua. Trong đó, FPT đang làm tâm điểm chú ý thời gian gần đây khi liên tục giảm mạnh trước áp lực từ cả khối ngoại và nhà đầu tư trong nước. Từ đỉnh lịch sử hồi trung tuần tháng 1, thị giá FPT đã mất 20% và đang ở vùng thấp nhất kể từ tháng 8/2024.

PNJ thậm chí còn đang ở đáy 1 năm sau khi giảm gần 16% từ đầu 2025. Sự thiếu hụt nguồn cung, những vấn đề của thị trường vàng, nhu cầu các mặt hàng không thiết yếu hồi phục chậm ảnh hưởng đến “đại gia” bán vàng, trang sức này. Trong khi đó, MWG lại trồi sụt thất thường từ đầu năm, với hiệu suất gần như đi ngang.

﻿VNDiamond sẽ cơ cấu ra sao trong kỳ quý 2/2025?

Ngày 21/4 tới đây, VNDiamond sẽ thực hiện tái cơ cấu danh mục cho kỳ quý 2/2025. Đến ngày 2/5, các quỹ ETF tham chiếu những bộ chỉ số trên hoàn thành cơ cấu danh mục. Theo báo cáo mới đây (dư liệu tính đến 20/3), Chứng khoán BIDV (BSC) dự phóng cổ phiếu CTD có thể vào rổ lần đầu do đã thỏa mãn các điều kiện của bộ chỉ số; chiều ngược lại mã VRE có thể bị loại khỏi bộ chỉ số do không thỏa mãn điều kiện FOL.

BSC cũng lưu ý cổ phiếu VIB có thể vào rổ chờ loại ra do không đáp ứng tiêu chí về FOL. Hệ số FOL – tính bình quân của 12 tháng của cổ phiếu ngân hàng này nhỏ hơn ngưỡng quy định 65% do VIB đã áp dụng room ngoại tối đa là 4,99% kể từ ngày 01/07/2024 sau khi cổ đông Commonwealth Bank of Australia thôi làm cổ đông lớn.

VNDiamond được HoSE công bố lần đầu tiên vào ngày 18/11/2019. Theo quy tắc, bộ chỉ số sẽ có khoảng từ 10 - 20 cổ phiếu thành phần và hiện đang phản ánh biến động 18 mã. Các cổ phiếu trong VNDiamond sẽ không giữ nguyên theo thời gian mà sẽ biến động liên tục, những cổ phiếu nào không thoả mãn điều kiện đều có thể bị loại, dù đó có là cổ phiếu của công ty lớn.

Điểm khác biệt lớn nhất giữa VNDiamond và các chỉ số khác đến từ yếu tố hệ số FOL (Foreign Ownership Limit). Đây là hệ số phản ánh tỷ lệ nắm giữ cổ phiếu của nhà đầu tư nước ngoài so với tỷ lệ giới hạn nắm giữ cổ phiếu của họ. Cổ phiếu có hệ số FOL đạt tối thiểu 95% sẽ được xem xét để đưa vào rổ VNDiamond.

Điều này đặc biệt có ý nghĩa với nhà đầu tư nước ngoài bởi thị trường chứng khoán Việt Nam có không ít cổ phiếu chất lượng nhưng khó tiếp cận bởi giới hạn room ngoại. Thay vì buộc lòng phải thỏa thuận ngoài sàn kèm khoản premium lớn đến hàng chục %, khối ngoại hoàn toàn có thể sở hữu gián tiếp các cổ phiếu “kín room” thông qua mua vào chứng chỉ quỹ ETF tham chiếu theo rổ chỉ số VNDiamond.

Thị trường chứng khoán Việt Nam hiện có 4 quỹ ETF với quy mô hơn 12.000 tỷ đồng, đang sử dụng VNDiamond làm chỉ số tham chiếu, gồm DCVFM VNDIAMOND ETF (11.500 tỷ), MAFM VNDIAMOND ETF (500 tỷ), ETF BVFVN DIAMOND (51 tỷ) và ETF KIM GROWTH VN DIAMOND (100 tỷ).",2025-03-31T00:01:00+07:00,2025-03-31T00:01:00,2026-07-29T21:41:56.101935+07:00,CafeF,https://cafef.vn/co-phieu-fpt-mwg-pnj-mat-phong-do-bo-chi-so-kim-cuong-thua-xa-vn-index-188250330220408206.chn,https://cafef.vn/co-phieu-fpt-mwg-pnj-mat-phong-do-bo-chi-so-kim-cuong-thua-xa-vn-index-188250330220408206.chn,Hà Linh,Thị trường chứng khoán,https://cafefcdn.com/thumb_w/1200/203337114487263232/2025/3/30/avatar1743346861376-1743346862111687538108.jpg,vi,MULTI_COMPANY_NEWS,[],"[""FPT"", ""cổ phiếu FPT""]",7.0,"[""ticker_in_title:+1"", ""alias_in_title:+3"", ""ticker_in_summary:+1"", ""positive_entity:+1"", ""ticker_content:+3"", ""financial_terms:+2"", ""financial_metrics:+2"", ""many_tickers:-3"", ""multi_company_news:-3""]",c8c0e7899fe3b773407b269efb35ce8a6bc507b81f99fb3002fd2ed0e1cb62af,835,accepted
cafef_fpt_20250324_f02806ec,"[""FPT""]",Công ty Cổ phần FPT,"Cổ phiếu FPT vừa “tái sinh”, công ty chứng khoán bất ngờ chỉ ra lo ngại","Với thông tin tích cực từ kết quả kinh doanh, cổ phiếu FPT vừa tăng trở lại sau nhịp giảm sâu từ đỉnh.","FPT:

Sau khi giảm hơn 19% từ đỉnh, vốn hóa thị trường ""bốc hơi"" 44.000 tỷ, cổ phiếu FPT đang có dấu hiệu ""tái sinh"" trở lại khi 2 phiên tăng liên tiếp cuối tuần qua. Mặc dù vẫn còn quá sớm để nhận định xu hướng trên cổ phiếu công nghệ số 1 Việt Nam đã đảo chiều nhưng không thể phủ nhận đây là tín hiệu tích cực giúp ổn định tâm lý nhà đầu tư, góp phần thu hút dòng tiền mới.

Diễn biến khởi sắc sau khi FPT công bố kết quả kinh doanh 2 tháng đầu năm 2025 với tăng trưởng khả quan. Cụ thể, doanh thu 2 tháng đầu năm của FPT đạt 10.438 tỷ đồng và lợi nhuận trước thuế (LNTT) đạt 1.885 tỷ đồng, lần lượt tăng 16,4% và 20,3% so với cùng kỳ. Lợi nhuận sau thuế thuộc về cổ đông công ty mẹ (lãi ròng) tăng 21,1% lên 1.378 tỷ đồng, tương ứng EPS ở mức 936 đồng/cổ phiếu.

Tuy nhiên, báo cáo cập nhật mới nhất từ SSI Research lại chỉ ra một số vấn đề lo ngại. Doanh thu công nghệ thông tin (CNTT) nước ngoài, tăng 21% svck, thấp hơn dự báo. Nguyên nhân chủ yếu do khu vực châu Mỹ tăng trưởng chậm 8% svck, so với ước tính trước đây là 15%-16% cho năm 2025. SSI Resesrch lưu ý rằng doanh thu đã ghi nhận mức tăng trưởng ấn tượng 30% svck trong 2T2024 và 27% svck trong năm 2024.

Trong năm ngoái, thị trường châu Mỹ chỉ ghi nhận mức tăng trưởng doanh thu dưới 10% trong năm ngoái, chủ yếu do căng thẳng địa chính trị và điều kiện vĩ mô kém thuận lợi tại Hoa Kỳ, khiến các doanh nghiệp nước này cắt giảm chi tiêu cho CNTT.

SSI Research từng kỳ vọng tình hình sẽ cải thiện dưới thời chính quyền Trump, giúp các doanh nghiệp Hoa Kỳ hưởng lợi từ năm 2025. Tuy nhiên, 2 tháng đầu năm nay vẫn chưa cho thấy sự thay đổi đáng kể nào, khi các doanh nghiệp Hoa Kỳ tiếp tục duy trì quan điểm thận trọng trong việc chi tiêu CNTT.

Theo SSI Research, từ năm 2024, giá trị hợp đồng ký mới/doanh thu ký mới của FPT đã có dấu hiệu tăng trưởng chậm lại, chỉ đạt khoảng 13%-14% mỗi năm (so với mức 30%-40% mỗi năm trong giai đoạn 2022-2023). Tuy nhiên, bộ phận phân tích này tin rằng triển vọng tăng trưởng lợi nhuận trong năm 2025 vẫn sẽ tích cực.

Về phía FPT, tập đoàn lên kế hoạch kinh doanh tham vọng với mục tiêu doanh thu đạt 75.400 tỷ và lợi nhuận trước thuế 13.395 tỷ đồng, lần lượt tăng 20% và 21% so với thực hiện 2024. Nếu hoàn thành, đây sẽ tiếp tục là mức doanh thu và lợi nhuận kỷ lục mới của doanh nghiệp đầu ngành công nghệ Việt Nam và sẽ là năm thứ 5 liên tiếp tăng trưởng trên 20%/năm.﻿

Về phương án phân phối lợi nhuận năm 2024, FPT dự kiến chia cổ tức cho năm 2024 tỷ lệ 20% bằng tiền mặt (2.000 đồng/cp). Doanh nghiệp đã tạm ứng 10% trong năm 2024, còn lại 10% sẽ chi trả sau khi ĐHĐCĐ phê duyệt, dự kiến trong quý 2/2025. Với 1,47 tỷ cổ phiếu lưu hành, FPT dự kiến sẽ chi gần 1.500 tỷ cho đợt cổ tức tới đây. Cổ tức 2025 dự kiến 20% bằng tiền.

Về kế hoạch tăng vốn cổ phần từ nguồn vốn chủ sở hữu, FPT dự kiến sẽ phát hành thêm 222,2 triệu cổ phiếu (tỷ lệ 15%). Thời gian thực hiện sau khi ĐHĐCĐ phê duyệt và hoàn tất các đợt phát hành cổ phiếu theo chương trình lựa chọn người lao động (ESOP) nhưng không muộn hơn quý 3/2025. Sau phát hành, FPT sẽ nâng vốn điều lệ từ 14.711 tỷ lên mức 16.933 tỷ đồng.",2025-03-24T10:19:00+07:00,2025-03-24T10:19:00,2026-07-29T21:42:00.784466+07:00,CafeF,https://cafef.vn/co-phieu-fpt-vua-tai-sinh-cong-ty-chung-khoan-bat-ngo-chi-ra-lo-ngai-18825032410192885.chn,https://cafef.vn/co-phieu-fpt-vua-tai-sinh-cong-ty-chung-khoan-bat-ngo-chi-ra-lo-ngai-18825032410192885.chn,Hà Linh,Thị trường chứng khoán,https://cafefcdn.com/thumb_w/1200/203337114487263232/2025/3/24/avatar1742786299171-17427862994081238606332.jpg,vi,EARNINGS,"[""EARNINGS_REPORT""]","[""FPT"", ""cổ phiếu FPT""]",13.0,"[""ticker_in_title:+1"", ""alias_in_title:+3"", ""ticker_in_summary:+1"", ""positive_entity:+1"", ""ticker_content:+3"", ""financial_terms:+2"", ""financial_metrics:+2""]",46e05458f2d898b1d062db6a103bedf3fe92ba3350f6c917db050dc32a40c487,690,accepted
cafef_fpt_20250324_c708845f,"[""FPT""]",Công ty Cổ phần FPT,Khối ngoại bán ròng cổ phiếu FPT hơn 6.000 tỷ đồng: Đâu ai chung tình được mãi,"Như câu hát “đâu ai chung tình được mãi”, đến một thời điểm nhà đầu tư ngoại đã không còn giữ mãi “tình yêu” với FPT, tiến hành chốt lãi sau quãng thời gian dài kiên trì nắm giữ.",""" Ai chung tình được mãi"" là câu trong bài hát cùng tên đã tạo nên cơn sốt và trở thành một ca khúc quốc dân được người người nhà nhà cover. Đặc biệt, bản thu âm của ca sĩ Tùng Dương đã đưa ca khúc này phổ biến hơn với khán giả trung niên, thậm chí từng được ông Trương Gia Bình - Chủ tịch FPT không ngần ngại thể hiện nhiều lần. Trùng hợp thay, câu hát này phần nào đúng với bối cảnh của nhà đầu tư nước ngoài tại Tập đoàn FPT, khi mà sự “chung tình” của khối ngoại đã có sự thay đổi rõ rệt.

Ai chung tình được mãi - Chủ tịch FPT Trương Gia Bình song ca cùng Ca sĩ Tùng Dương (Nguồn: YT Hà Thanh Tùng)

Giai đoạn trước, cổ phiếu FPT được ví như thỏi nam châm thu hút nhà đầu tư nước ngoài. Room ngoại thường xuyên được phủ kín mức tối đa 49%. Khi đó, để có thể sở hữu, nhà đầu tư nước ngoài thậm chí phải chấp nhận trả một mức giá chênh (premium) lên đến 40% so với thị giá để sở hữu FPT. Ba chữ cái này cũng được nhiều quỹ đầu tư ngoại nắm giữ dài hạn trong danh mục.

Với đà tăng bền bỉ hàng đầu thị trường, FPT là cái tên đem lại niềm vui cho hầu hết các nhà đầu tư nắm giữ, ""gánh"" hiệu suất cho loạt các cá mập. Giá cổ phiếu liên tục phá mang lại hiệu suất vượt trội suốt nhiều năm cho các quỹ, khẳng định vị thế FPT như một điểm sáng trong danh mục đầu tư.

Thế nhưng, như câu hát ""đâu ai chung tình được mãi"", đến một thời điểm nhà đầu tư ngoại đã không còn giữ mãi ""tình yêu"" với FPT, đẩy mạnh chốt lãi sau quãng thời gian dài kiên trì nắm giữ.

FPT trở thành tâm điểm bán ra của khối ngoại trên thị trường chứng khoán Việt Nam. Chỉ sau chưa đầy 3 tháng đầu năm 2025 nhưng giá trị bán ròng đã xấp xỉ 6.200 tỷ đồng. Động thái này đẩy FPT ""hở"" hơn 90 triệu đơn vị, tương ứng 6,15%. Tỷ lệ sở hữu của nhà đầu tư nước ngoài tại cổ phiếu công nghệ này theo đó giảm xuống 42,85%, thấp nhất trong nhiều năm qua. Đây cũng là quãng ""hở"" room dài nhất trong nhiều năm trở lại đây của cổ phiếu ông lớn ngành công nghệ này, cho phép khối ngoại có thể dễ mua được FPT thông qua giao dịch trên sàn.

Trên thực tế, khối ngoại đã bắt đầu ""xả hàng"" FPT từ khoảng nửa cuối năm ngoái. Đà bán ban đầu không khiến cổ phiếu hụt hơi, thị giá vẫn liên tục tăng nóng, phá đỉnh hàng chục lần hoà cùng “trend” công nghệ toàn cầu. Phải tới đầu tháng 2/2025 (bắt đầu năm mới Ất Tỵ), giá cổ phiếu FPT quay đầu trượt dài, hiện đã về mức 128.000 đồng/cp tương ứng mất hơn 17% từ mức đỉnh thiết lập cuối tháng 1. Vốn hóa thị trường của FPT cũng theo đó “bốc hơi” hơn 40.000 tỷ đồng trong chưa đầy 2 tháng, còn khoảng 188.300 tỷ đồng, qua đó tạm mất đi vị trí doanh nghiệp tư nhân lớn nhất sàn chứng khoán.

Với cổ đông lâu năm đã nắm giữ thời gian dài, mức giảm 17% từ đỉnh có thể không phải vấn đề quá lớn. Tuy nhiên, không thể phủ nhận, nhịp giảm thời gian qua của FPT cũng ít nhiều ảnh hưởng đến tâm lý nhà đầu tư, đặc biệt là những người mua đuổi vùng giá cao, hoặc bắt đáy sớm, khiến họ không khỏi lo lắng về triển vọng ngắn hạn.

Dù biến động ngắn hạn của cổ phiếu không thực sự tích cực, song không thể phủ nhận FPT vẫn là một trong những lựa chọn hàng đầu của khối ngoại tại thị trường chứng khoán Việt Nam với tính khan hiếm của ngành công nghệ. Bên cạnh đó, mức tăng trưởng khoảng 20% đều đặn từng tháng, quý, năm được duy trì trong thời gian dài cũng “của hiếm” trên thị trường.

Mới nhất, Tập đoàn FPT vừa công bố tài liệu Đại hội đồng cổ đông (ĐHĐCĐ) thường niên 2025, trogn đó dự kiến trình cổ đông thông qua mục tiêu doanh thu đạt 75.400 tỷ đồng và lợi nhuận trước thuế 13.395 tỷ đồng, lần lượt tăng 20% và 21% so với thực hiện 2024. Nếu hoàn thành kế hoạch, FPT sẽ phá kỷ lục doanh thu và lợi nhuận lạo được vào năm 2024. Cùng với đó, doanh nghiệp công nghệ hàng đầu Việt Nam sẽ có năm thứ 5 liên tiếp tăng trưởng lợi nhuận trên 20%/năm.﻿

Về phương án phân phối lợi nhuận năm 2024, FPT dự kiến chia cổ tức cho năm 2024 tỷ lệ 20% bằng tiền mặt (2.000 đồng/cp). Doanh nghiệp đã tạm ứng 10% trong năm 2024, còn lại 10% sẽ chi trả sau khi ĐHĐCĐ phê duyệt, dự kiến trong quý 2/2025. Với 1,47 tỷ cổ phiếu lưu hành, FPT dự kiến sẽ chi gần 1.500 tỷ cho đợt cổ tức tới đây. Cổ tức 2025 dự kiến 20% bằng tiền. Song song với đó, FPT dự kiến sẽ phát hành thêm 222,2 triệu cổ phiếu (tỷ lệ 15%), nếu thành công sẽ nâng vốn điều lệ lên mức 16.933 tỷ đồng.

FPT xây dựng chiến lược phát triển giai đoạn 2025-2027 dựa trên cơ sở 5 định hướng đưa ra từ năm 2024 là Trí tuệ nhân tạo – Bán dẫn – Công nghệ ô tô số – Chuyển đổi số – Chuyển đổi xanh (AI – bán – Xe – Số – Xanh) với AI là trọng tâm dẫn dắt. Trong đó, ban lãnh đạo FPT nhận định sự bùng nổ những phát kiến đột phá trong các mô hình ngôn ngữ tự nhiên (LLM), thuật toán và ứng dụng sớm sẽ tạo ra lực lượng lao động thông minh mới – nhưng “Trợ lý AI” trong mọi hoạt động trên không gian số.

FPT dự kiến ngân sách đầu tư năm 2025 ở mức 11.000 tỷ đồng, trong đó 6.000 tỷ phân bổ cho khối công nghệ, 2.500 tỷ cho khối viễn thông và 2.500 tỷ cho khối giáo dục.

Sau 2 tháng đầu năm, doanh thu FPT đạt 10.438 tỷ đồng và LNTT đạt 1.885 tỷ đồng, lần lượt tăng 16,4% và 20,3% so với cùng kỳ. Lợi nhuận sau thuế cho cổ đông công ty mẹ (lãi ròng) tăng 21,1% lên 1.378 tỷ đồng, tương ứng EPS ở mức 936 đồng/cổ phiếu. FPT cho biết đã thắng thầu 5 dự án lớn với quy mô trên 10 triệu USD, khẳng định năng lực cung ứng công nghệ của FPT. Với kết quả đạt được sau 2 tháng, tập đoàn đã thực hiện 14% các kế hoạch đề ra.",2025-03-24T00:01:00+07:00,2025-03-24T00:01:00,2026-07-29T21:42:03.764050+07:00,CafeF,https://cafef.vn/khoi-ngoai-ban-rong-co-phieu-fpt-hon-6000-ty-dong-dau-ai-chung-tinh-duoc-mai-188250323231602919.chn,https://cafef.vn/khoi-ngoai-ban-rong-co-phieu-fpt-hon-6000-ty-dong-dau-ai-chung-tinh-duoc-mai-188250323231602919.chn,Tuệ Giang,Thị trường chứng khoán,https://cafefcdn.com/thumb_w/1200/203337114487263232/2025/3/23/avatar1742746357168-17427463575681355727077.png,vi,EARNINGS,"[""EARNINGS_REPORT""]","[""FPT"", ""Tập đoàn FPT"", ""cổ phiếu FPT""]",14.0,"[""ticker_in_title:+1"", ""alias_in_title:+3"", ""ticker_in_summary:+1"", ""positive_entity:+2"", ""ticker_content:+3"", ""financial_terms:+2"", ""financial_metrics:+2""]",3ce8fe4ab2b764f8e91292a5d6418d1f565ce97f1b9c8410a2cc3422c82b61ba,1191,accepted
cafef_fpt_20250320_e1fa2e42,"[""FPT""]",Công ty Cổ phần FPT,"Từ đầu năm, mặt hàng này đang giảm mạnh hơn cả cổ phiếu FPT - chính là loại nguyên liệu Việt Nam được đánh giá có chất lượng cao nhất thế giới",Giá mặt hàng này vừa chạm đáy trong vòng 4 tháng vừa qua.,"Trong phiên giao dịch ngày 15/3, giá ca cao đã chính thức chạm đáy trong vòng 4 tháng khi giao dịch dưới ngưỡng 8.000 USD/tấn. Tổ chức Ca cao Quốc tế (ICCO) đã dự báo thặng dư ca cao toàn cầu là 142.000 tấn trong năm 2024/25, mức thặng dư đầu tiên trong vòng 4 năm gần đây. ICCO cũng dự báo sản lượng ca cao toàn cầu năm 2024/25 sẽ tăng 7,8% so với cùng kỳ năm trước lên 4,84 triệu tấn.

DIễn biến giá ca cao trong vòng 1 năm trở lại đây.

Các giám đốc điều hành của các nhà sản xuất sô cô la Hershey và Mondelez gần đây đã cảnh báo rằng giá tăng cao của loại hạt này trước đó gây ra hậu quả làm tổn hại đến nhu cầu. Vào ngày 4/2, các giám đốc điều hành của Mondelez đã cảnh báo về khả năng nhu cầu sô cô la chậm lại khi CFO Zarmella cho biết, ""Chúng tôi đang thấy những dấu hiệu, đặc biệt là ở những nơi trên thế giới như Bắc Mỹ, nơi lượng tiêu thụ ca cao đang giảm xuống"".

Ngoài ra, vào ngày 18/2, công ty đã cảnh báo rằng giá sô cô la có thể tăng tới 50% do giá ca cao tăng đột biến, điều này sẽ hạn chế nhu cầu sô cô la.

Giá ca cao cao đã làm giảm nhu cầu ca cao trong quý 4 vừa qua. Vào ngày 9/1, Hiệp hội Ca cao Châu Âu đã báo cáo rằng sản lượng nghiền ca cao của Châu Âu trong quý 4 đã giảm 5,3% so với cùng kỳ năm trước xuống còn 331.853 tấn, mức thấp nhất trong hơn 4 năm. Ngoài ra, Hiệp hội Ca cao Châu Á đã báo cáo rằng sản lượng nghiền ca cao của Châu Á trong quý 4 đã giảm 0,5% so với cùng kỳ năm trước xuống còn 210.111 tấn, cũng là mức thấp nhất trong 4 năm. Bên cạnh đó Hiệp hội Bánh kẹo Quốc gia đã báo cáo rằng sản lượng nghiền hạt ca cao của Bắc Mỹ trong quý 4 đã giảm -1,2% so với cùng kỳ năm trước xuống còn 102.761 tấn.

Theo thống kê của Reuters, niên vụ 2023-2024, sản lượng ca cao tại Việt Nam ước đạt khoảng 1.500 tấn, giảm 25% so với vụ trước. Ở niên vụ trước, Việt Nam xuất khẩu khoảng 1.700 tấn, trong số khoảng 2.000 tấn sản lượng, chiếm khoảng 85%. Sản lượng 2.000 tấn chỉ chiếm tỷ trọng khoảng 0,04% sản lượng toàn cầu. Mặc dù vậy nhưng giống ca cao được trồng ở Việt Nam - giống lai Trinitario là giống có chất lượng cao nằm trong top 10% loại hạt “hương vị” trên toàn thế giới.

Hạt ca cao của Việt Nam lại được thế giới đánh giá cao bởi hương vị độc đáo, nó rất khác biệt với hạt ca cao được trồng ở châu Phi.

Tháng 10/2013 tại cuộc thi Salon du Chocolat tổ chức tại thủ đô Pari của Pháp , hạt ca cao Việt Nam đã được bầu chọn là hạt cacao tốt nhất Châu Á -Thái Bình Dương . Tổ chức cacao thế giới ( ICCO ) đã đưa Việt Nam vào danh sách những nước sản xuất cacao hương vị tốt hàng đầu thế giới.",2025-03-20T10:07:00+07:00,2025-03-20T10:07:00,2026-07-29T21:42:08.482971+07:00,CafeF,https://cafef.vn/tu-dau-nam-mat-hang-nay-dang-giam-manh-hon-ca-co-phieu-fpt-chinh-la-loai-nguyen-lieu-viet-nam-duoc-danh-gia-co-chat-luong-cao-nhat-the-gioi-188250320094637202.chn,https://cafef.vn/tu-dau-nam-mat-hang-nay-dang-giam-manh-hon-ca-co-phieu-fpt-chinh-la-loai-nguyen-lieu-viet-nam-duoc-danh-gia-co-chat-luong-cao-nhat-the-gioi-188250320094637202.chn,Như Quỳnh,Thị trường,https://cafefcdn.com/thumb_w/1200/203337114487263232/2025/3/20/avatar1742438728723-17424387290231549377155.png,vi,COMPANY_ANALYSIS,[],"[""FPT"", ""cổ phiếu FPT""]",9.0,"[""ticker_in_title:+1"", ""alias_in_title:+3"", ""positive_entity:+1"", ""financial_terms:+2"", ""financial_metrics:+2""]",4d1d310f1fe5d3cd46c098bc7ca6b8abff34ce417e26c3b5563d34402056d1eb,580,accepted
cafef_fpt_20250320_396bb3ce,"[""FPT""]",Công ty Cổ phần FPT,Chuyện gì đang xảy ra với cổ phiếu FPT?,"Với xu hướng bán ròng của NĐT nước ngoài, chuyên gia dự báo đà giảm của cổ phiếu FPT có thể duy trì trong ngắn hạn","Sau 8 tuần tăng điểm liên tiếp, thị trường chứng khoán Việt Nam gặp áp lực điều chỉnh trong 2 phiên giao dịch gần nhất. Tổng cộng, VN-Index giảm gần 12 điểm xuống mốc 1.324,63 điểm, dù chưa phá vỡ xu hướng tăng song tâm lý của nhà đầu tư đang khá lung lay. Vậy định giá thị trường đã trở nên hấp dẫn?

Tại chương trình “Việt Nam và các chỉ số: Tài chính Thịnh vượng”, ông Trần Hoàng Sơn, Giám đốc Chiến lược thị trường, Công ty cổ phần Chứng khoán VPBank (VPBankS) nhận định rằng định giá đắt hay rẻ phụ thuộc vào từng cổ phiếu, cũng như tốc độ tăng trưởng của cổ phiếu đó.

Xét trên bình diện toàn thị trường, nếu P/E bình quân toàn thị trường quá 15 lần, cổ phiếu sẽ trở nên đắt đỏ, còn dưới 10 lần là rẻ.

""P/E của VN-Index hiện tại đang khoảng 14 lần, những cổ phiếu thành phần thấp hơn thị trường và có tốc độ tăng trưởng lợi nhuận khoảng 20 – 25%, P/E khoảng 10 lần sẽ khá hợp lý để mua vào"" , vị chuyên gia cho hay.

Theo ông Hoàng Sơn, định giá có thể thay đổi theo xu hướng thị trường, biến động giá và diễn biến lợi nhuận, bao gồm cả lợi nhuận kỳ vọng. Do đó, NĐT có thể sử dụng cả P/E và P/E forward (dự báo dựa trên kịch bản lợi nhuận). Ngoài ra, có thể sử dụng P/E trung bình thị trường, P/E trung bình ngành để đánh giá xem cổ phiếu đã đắt hay chưa.

Ưu tiên cổ phiếu 'dẫn sóng﻿'

﻿Nhắc tới danh mục đầu tư cổ phiếu có thị giá nhỏ (penny stock), chuyên gia VPBankS cho rằng những nhà đầu tư mới tham gia thị trường hoặc NĐT theo trường phái đầu cơ thường có sở thích mua cổ phiếu thị giá thấp và kỳ vọng mức tăng giá cao hơn so với trung bình.

Tuy nhiên, điều này đang ngược so với nguyên lý đầu tư thực tế. Khi thị trường vào 'sóng' lớn, chắc chắn cổ phiếu đầu ngành sẽ tăng đầu tiên, và tăng rất mạnh. Sau đó mới đến lớp cổ phiếu mang tính chất đầu cơ, thị giá nhỏ và thanh khoản thấp.

NĐT nên thay đổi danh mục theo hướng bỏ cổ phiếu thị giá nhỏ bởi nguy cơ biến động lớn. Khi thị trường giảm 1% thì cổ phiếu này có thể giảm tới 5-7% nhưng khi thị trường lên 3 – 5% thì chưa chắc đã lên.

"" Trong 'sóng' tăng, thường thị trường sẽ quan tâm nhất đến cổ phiếu đầu ngành, đặc biệt là cổ phiếu dẫn sóng. Do đó, nên đầu tư vào những ngành mà có thanh khoản cao. Nước lên thì thuyền lên, thanh khoản tập trung vào đâu, chúng ta nên tập trung danh mục vào đó cũng như những mã tốt nhất trong ngành đó "", chuyên gia chia sẻ.

Chuyện gì đang xảy ra với cổ phiếu FPT?

Nhận định riêng về cổ phiếu FPT , chuyên gia VPBankS cho biết trong những năm gần đây, đà tăng giá của cổ phiếu FPT nói riêng và cổ phiếu công nghệ Việt Nam nói chung gắn rất chặt với xu hướng cổ phiếu công nghệ tại Mỹ, đặc biệt là nhóm Magnificent 7 (bao gồm Apple Inc., Microsoft Corp., Nvidia Corp., Amazon.com Inc., Tesla Inc., Alphabet và Meta) , dẫn dắt bởi Nvidia.

Trong 2 năm gần đây, cổ phiếu FPT tăng rất mạnh, tính từ đầu năm 2023 đến nay đã đi lên khoảng 50%. Tuy nhiên, đến cuối năm 2024 và đầu 2025, câu chuyện DeepSeek và nhất là định giá nhóm cổ phiếu công nghệ tại Mỹ và Việt Nam lên mức rất cao đã tạo ra áp lực chốt lời mạnh mẽ.

Giai đoạn vừa qua, Nvidia và các cổ phiếu trong nhóm Magnificent 7 đều đã rơi xuống dưới đường trung bình động 200 ngày (MA200). FPT đến cuối phiên 19/3 về mốc 124.600 đồng/cp, nằm dưới MA200 sau một giai đoạn tăng giá (uptrend) kéo dài hàng năm.

Thậm chí, so với đỉnh hồi cuối năm ngoái, FPT đã mất hơn 19% thị giá. Vốn hóa thị trường của FPT cũng theo đó “bốc hơi” gần 44.000 tỷ đồng, còn khoảng 183.000 tỷ đồng và không còn là doanh nghiệp tư nhân lớn nhất sàn chứng khoán.

Chuyên gia VPBankS nhận định, xu hướng này do hai yếu tố: định giá cổ phiếu lên rất cao sau khi tăng trưởng nóng trong hai năm (P/E lên gần 30 lần còn P/B lên sát 7,5 lần) và NĐT nước ngoài giảm tỷ trọng sau giai đoạn tăng nóng.

Với xu hướng bán ròng của NĐT nước ngoài, ông Sơn dự báo đà giảm của cổ phiếu FPT có thể duy trì trong ngắn hạn và NĐT cần theo dõi thêm các điểm hỗ trợ, chẳng hạn như 120.000 đồng/cp.",2025-03-20T00:01:00+07:00,2025-03-20T00:01:00,2026-07-29T21:42:11.026134+07:00,CafeF,https://cafef.vn/chuyen-gi-dang-xay-ra-voi-co-phieu-fpt-188250319225325728.chn,https://cafef.vn/chuyen-gi-dang-xay-ra-voi-co-phieu-fpt-188250319225325728.chn,Dương Ngọc,Thị trường chứng khoán,https://cafefcdn.com/thumb_w/1200/203337114487263232/2025/3/19/avatar1742399466386-17423994667702098233671.jpg,vi,EARNINGS,"[""EARNINGS_REPORT""]","[""FPT"", ""cổ phiếu FPT""]",13.0,"[""ticker_in_title:+1"", ""alias_in_title:+3"", ""ticker_in_summary:+1"", ""positive_entity:+1"", ""ticker_content:+3"", ""financial_terms:+2"", ""financial_metrics:+2""]",fb7f9ba350e240a46d434fd92cbae7bfe42ffedf6198ed5f9d3ecc2ed83f528b,854,accepted
cafef_fpt_20250318_35e1ca37,"[""FPT""]",Công ty Cổ phần FPT,"Chứng khoán ngày mai, 19-3: Vì sao cổ phiếu FPT lao dốc?","Chỉ số VN-Index đang chịu áp lực giảm sau chuỗi tăng 8 tuần liên tiếp, nhiều cổ phiếu bị bán tháo.","VN-Index đóng cửa phiên giao dịch ngày 18-3 trong sắc đỏ, dừng ở mức 1.330,97 điểm, giảm 5,29 điểm so với phiên trước; HNX Index tăng nhẹ 0,26 điểm lên 247,03 điểm trong khi Upcom giảm 0,14 điểm về 100,29 điểm.

Thanh khoản thị trường giảm so với phiên trước, khi giá trị giao dịch trên sàn HOSE đạt hơn 19.600 tỉ đồng. Nhiều cổ phiếu chìm trong sắc đỏ với 318 mã giảm điểm, 160 mã tăng điểm và 66 mã đóng cửa mức tham chiếu (không đổi so với phiên trước). Thị trường tiếp tục phân hóa mạnh với áp lực bán gia tăng ở các mã đã có giai đoạn tăng tốt gần đây như bất động sản, chứng khoán, ngân hàng.

Khối ngoại tiếp tục bán ròng hơn 430 tỉ đồng, trong đó tập trung vào một số mã cổ phiếu như FPT (bị bán hơn 330 tỉ đồng), SSI, HPG, CTG, SAB…

Chứng khoán chững lại sau chuỗi tăng 8 tuần liên tiếp

Cổ phiếu FPT nối tiếp đà giảm liên tục những ngày qua. Kết phiên hôm nay, cổ phiếu FPT dừng ở mức 130.000 đồng, giảm mạnh từ mốc 156.000 đồng hồi cuối tháng 1-2025.

Ông Trần Hoàng Sơn, Giám đốc Chiến lược thị trường, Công ty chứng khoán VPBank (VPBankS), phân tích thời gian qua đà tăng giá của cổ phiếu FPT nói riêng và cổ phiếu công nghệ Việt Nam nói chung gắn chặt với xu hướng cổ phiếu công nghệ tại Mỹ, đặc biệt là nhóm cổ phiếu của các tập đoàn công nghệ, dẫn dắt bởi NVIDIA. Trong hai năm gần đây, cổ phiếu FPT tăng rất mạnh, tính từ đầu năm 2023 đến nay đã đi lên khoảng 50%.

Đến cuối năm 2024 và đầu 2025, câu chuyện DeepSeek, nhất là định giá nhóm cổ phiếu công nghệ tại Mỹ và Việt Nam lên mức rất cao, đã tạo ra áp lực chốt lời mạnh mẽ.

""Cổ phiếu FPT cũng lần đầu tiên nằm dưới MA200 (đường trung bình 200 ngày) sau một giai đoạn tăng giá kéo dài hàng năm. Xu hướng này do định giá cổ phiếu lên rất cao sau khi tăng trưởng nóng trong 2 năm và nhà đầu tư nước ngoài giảm tỉ trọng sau giai đoạn tăng nóng. Với xu hướng bán ròng của nhà đầu tư nước ngoài, đà giảm của cổ phiếu FPT có thể duy trì trong ngắn hạn"" – ông Sơn nói.

Nhận định về chứng khoán ngày mai (19-3), Công ty chứng khoán SHS cho rằng thị trường tiếp tục chịu áp lực bán, cơ cấu danh mục ở rất nhiều mã sau giai đoạn tăng giá kéo dài trong 8 tuần qua. Trong ngắn hạn, thị trường hiện tại không phải là vùng giá hấp dẫn để giải ngân.

""Nếu mua, nhà đầu tư nên hướng tới các mã cổ phiếu có nền tảng cơ bản tốt, đầu ngành trong các ngành chiến lược, tăng trưởng vượt trội của nền kinh tế"" – Công ty chứng khoán SHS nêu.

Theo Công ty chứng khoán Kiến Thiết Việt Nam (CSI), thanh khoản khớp lệnh lần đầu tiên hụt hơi về dưới mức bình quân 20 phiên giao dịch sau gần 1 tháng phản ánh trạng thái thận trọng. Nhiều khả năng thị trường sẽ có nhịp điều chỉnh kỹ thuật để luân chuyển dòng tiền, thu hút thêm dòng tiền trước khi hướng đến các mục tiêu trong trung hạn.

CSI duy trì sự thận trọng, hạn chế việc mua mới mà kiên nhẫn chờ đợi nhịp chỉnh về vùng hỗ trợ 1.286 - 1.290 điểm để quay trở lại vị thế mua ròng cổ phiếu.",2025-03-18T21:08:00+07:00,2025-03-18T21:08:00,2026-07-29T21:42:15.455216+07:00,CafeF,https://cafef.vn/chung-khoan-ngay-mai-19-3-vi-sao-co-phieu-fpt-lao-doc-188250318210854194.chn,https://cafef.vn/chung-khoan-ngay-mai-19-3-vi-sao-co-phieu-fpt-lao-doc-188250318210854194.chn,Theo Thái Phương,Thị trường chứng khoán,https://cafefcdn.com/thumb_w/1200/203337114487263232/2025/3/18/avatar1742306864482-17423068652302015908231.jpg,vi,MULTI_COMPANY_NEWS,[],"[""FPT"", ""cổ phiếu FPT""]",6.0,"[""ticker_in_title:+1"", ""alias_in_title:+3"", ""positive_entity:+1"", ""ticker_content:+3"", ""financial_terms:+2"", ""financial_metrics:+2"", ""many_tickers:-3"", ""multi_company_news:-3""]",335a8fd03dd01e00c11f25355ae137ce90eadd1dbdae77f8a05683eb80df2edf,632,accepted
cafef_fpt_20241228_a61448e2,"[""FPT""]",Công ty Cổ phần FPT,"Lần đầu tiên có NĐT ngoại mua 26.600 cổ phiếu FPT nhưng chưa thanh toán, khiến Vietcap phải trả thay: “Failed Trade” của TTCK nói lên điều gì?","Aegon Custody B.V là một công ty quản lý quỹ có trụ sở tại Hà Lan, do ông Eric Perush là đại diện pháp lý - Global Head of Trading. Công ty này mở tài khoản chứng khoán ký hiệu CTBFCA2571 tại Vietcap.","CTCP Chứng khoán Vietcap (mã chứng khoán VCI ) mới đây đã báo cáo gửi Ủy ban Chứng khoán về việc nhà đầu tư nước ngoài mua cổ phiếu FPT nhưng chưa thanh toán.

Cụ thể, Aegon Custody B.V - một nhà đầu tư tổ chức đến từ Hà Lan - đã đặt lệnh mua và khớp lệnh 26.600 cổ phiếu FPT vào ngày 17/12/2024. Tổng số tiền nhà đầu tư ngoại trên phải thanh toán là gần 4 tỷ đồng, tuy nhiên do nhà đầu tư chưa trả nên Vietcap phải thanh toán.

Aegon Custody B.V là một công ty quản lý quỹ có trụ sở tại Hà Lan, do ông Eric Perush là đại diện pháp lý - Global Head of Trading. Công ty này mở tài khoản chứng khoán ký hiệu CTBFCA2571 tại Vietcap.﻿

Được biết, Thông tư 68 của Bộ Tài chính quy định nhà đầu tư không cần đủ tiền vẫn được mua cổ phiếu, có hiệu lực từ 2/11/2024. Do đó, việc thanh toán hộ của Vietcap áp dụng theo quy định mới, khi nhà đầu tư nước ngoài không thanh toán đủ tiền cho giao dịch, nghĩa vụ thanh toán sẽ chuyển sang CTCK nơi nhà đầu tư đặt lệnh thông qua tài khoản tự doanh (ở đây là 26.600 cổ phiếu FPT).

Việc CTCK phải thanh toán thay nhà đầu tư dấy lên nhiều ý kiến trái chiều. Song, nhìn theo hướng tích cực, “Failed Trade” lần đầu tiên xuất hiện tại thị trường, theo một số quan điểm, là điều tất yếu của Giải pháp Hỗ trợ thanh toán cho nhà đầu tư Tổ chức khối ngoại (NPS - Non-Prefunding Solution).

Trước đây, nhà đầu tư ngoại trước khi đặt lệnh mua chứng khoán phải chuyển đủ tiền. Dù không mua được vẫn phải chịu khoản phí chuyển tiền từ nước ngoài vào Việt Nam và ngược lại.

Chính điều này là một trong những rào cản lớn đối với dòng vốn ngoại khi vào Việt Nam. Nhiều chuyên gia, nhà đầu tư nước ngoài cũng nhiều lần khuyến nghị Việt Nam cần gỡ bỏ để đẩy nhanh hơn tiến trình nâng hạng thị trường chứng khoán.

Sau nhiều lần lấy ý kiến công khai và tiếp thu hoàn thiện, Bộ Tài chính đã có ban hành thông tư sửa đổi, bổ sung một số điều về giao dịch, bù trừ và thanh toán, công bố thông tin trên thị trường chứng khoán.

Thông tư nêu rõ công ty chứng khoán thực hiện đánh giá rủi ro thanh toán của nhà đầu tư nước ngoài là tổ chức để xác định mức tiền phải có khi đặt lệnh mua cổ phiếu theo thỏa thuận giữa hai bên.

Vietcap là CTCK do bà Nguyễn Thanh Phượng làm Chủ tịch, Công ty hiện có vốn điều lệ gần 7.200 tỷ đồng. Trên thị trường, Vietcap là một trong những đơn vị mạnh về mảng Ngân hàng đầu tư (IB), tư vấn IPO. Công cũng đang đẩy mạnh mảng Prefunding cho nhà đầu tư nước ngoài.

Tại ĐHĐCĐ thường niên 2024, CEO là ông Tô Hải tự tin chia sẻ: “Vietcap chắc chắn sẽ đáp ứng điều kiện cung cấp dịch vụ Prefunding cho nhà đầu tư nước ngoài”. Được biết, Prefunding là quy định về ký quỹ trước giao dịch đối với nhà đầu tư nước ngoài tham gia vào thị trường chứng khoán Việt Nam, được đề cập tới trong Thông tư 120 của Bộ Tài chính.

Ảnh: KQKD của Vietcap 4 năm qua.

Về phía cổ phiếu FPT, trong sóng công nghệ, FPT là một trong những mã ""toả sáng"" của năm 2024, được săn đón bởi các NĐT cá nhân tổ chức trong ngoài nước. ﻿

Hiện, FPT đang giao dịch tại mức giá 149.600 đồng/cp - tăng gần gấp đôi so với thị giá đầu năm 2024.﻿",2024-12-28T00:04:00+07:00,2024-12-28T00:04:00,2026-07-29T21:42:20.003650+07:00,CafeF,https://cafef.vn/lan-dau-tien-co-ndt-ngoai-mua-26600-co-phieu-fpt-nhung-chua-thanh-toan-khien-vietcap-phai-tra-thay-failed-trade-cua-ttck-noi-len-dieu-gi-188241227235521648.chn,https://cafef.vn/lan-dau-tien-co-ndt-ngoai-mua-26600-co-phieu-fpt-nhung-chua-thanh-toan-khien-vietcap-phai-tra-thay-failed-trade-cua-ttck-noi-len-dieu-gi-188241227235521648.chn,Tri Túc,Doanh nghiệp,https://cafefcdn.com/thumb_w/1200/203337114487263232/2024/12/27/avatar1735318439899-17353184402642142568234.jpg,vi,BROKER_RECOMMENDATION,"[""BROKER_RECOMMENDATION""]","[""FPT"", ""cổ phiếu FPT""]",12.0,"[""ticker_in_title:+1"", ""alias_in_title:+3"", ""positive_entity:+1"", ""ticker_content:+3"", ""financial_terms:+2"", ""financial_metrics:+2""]",63269895c9d03e2d1305d80e900faba9045808105e8436ed5490c1cde5e83f77,653,accepted
cafef_fpt_20241225_ce7503f5,"[""FPT""]",Công ty Cổ phần FPT,Nhóm cổ phiếu FPT và Viettel bứt phá mạnh mẽ cùng “trend” công nghệ toàn cầu,"Khi VN-Index vẫn quanh quẩn 1.200-1.300 điểm, các cổ phiếu nhóm FPT và Viettel đều đã lập đỉnh lịch sử mới trong năm qua cùng mức tăng trưởng vượt trội.","FPT&VIETTEL:

Đầu tháng 12/2024, CEO Nvidia Jensen Huang trở lại Việt Nam sau tròn một năm kể từ chuyến thăm đầu tiên. Những cam kết mạnh mẽ trong việc biến Việt Nam trở thành ""ngôi nhà thứ 2"" của Nvidia, trung tâm trí tuệ nhân tạo (AI) của thế giới thu hút sự chú ý đặc biệt của giới đầu tư công nghệ toàn cầu.

Trước lần trở lại này, ""gã khổng lồ"" ngành chip thế giới đã ""bắt tay"" với nhiều doanh nghiệp Việt, tạo ra cú huých lớn cho các cổ phiếu công nghệ bứt phá. Cũng trong năm qua, ngành viễn thông Việt Nam cũng có thêm chất xúc tác từ câu chuyện chính thức tắt sóng 2G để tập trung phủ sóng 5G và các dự án trung tâm dữ liệu (data center) lớn ""rục rịch"" triển khai.

Từ những động lực đó, 2 nhóm cổ phiếu FPT và Viettel, đại diện tiêu biểu trong lĩnh vực công nghệ - viễn thông trên sàn chứng khoán, đều bứt phá mạnh mẽ trong năm qua. Tổng vốn hóa nhóm FPT tăng 78% trong khi giá trị nhóm Viettel gấp 3,3 lần so với đầu năm, vượt trội hoàn toàn so với VN-Index (+12%).

Trong bối cảnh chỉ số vẫn quanh quẩn 1.200-1.300 điểm, đa phần các cổ phiếu ""họ"" FPT và Viettel đều đã lập đỉnh lịch sử mới trong năm qua. Ấn tượng nhất phải kể đến cú tăng tốc ngoạn mục của 2 đầu tàu FPT và Viettel Global (VGI). Từ vị trí ngoài top 10 khi bước vào năm 2024, bộ đôi này nay đã ""chễm chệ"" trong top 5 doanh nghiệp giá trị nhất sàn chứng khoán Việt Nam.

FPT với 40 lần phá đỉnh, lập nên một kỷ lục ""vô tiền khoáng hậu"". Giá trị vốn hóa lên đến 220.000 tỷ đồng, trở thành tập đoàn tư nhân lớn nhất Việt Nam. Viettel Global là một trong những cái tên tăng mạnh nhất sàn chứng khoán năm 2024 với mức tăng gần 270%. Với gần 290.000 tỷ đồng, vốn hóa Viettel Global hiện chỉ xếp sau Vietcombank.

Thực tế, không phải tất cả cổ phiếu nhóm FPT và Viettel trên sàn chứng khoán đều hưởng lợi trực tiếp từ ""trend"" công nghệ. Nhưng rõ ràng, các lĩnh vực như viễn thông, logistics, chăm sóc sức khoẻ,… mà các thành viên thuộc FPT hay Viettel đang hoạt động, đều chịu tác động đáng kể từ xu hướng phát triển công nghệ.

Trong nhóm FPT, cổ phiếu FPT Retail ( FRT ), FPT Telecom ( FOX ), FPT Online (FOC) hay Chứng khoán FPT (FTS) đều có mức tăng hàng chục % từ đầu năm, vượt trội so với thị trường chung. Đáng chú ý, FPT Retail có thời điểm đã lọt vào danh sách tỷ USD vốn hóa trong khi FPT Telecom giữ vị thế là một trong những doanh nghiệp viễn thông lớn nhất sàn với vốn hóa 2 tỷ USD.

Tương tự, 2024 cũng là một năm nhiều với các cổ phiếu nhóm Viettel, ngoài VGI, cổ phiếu Viettel Post ( VTP ) cũng ghi nhận mức tăng bằng lần. Viettel Construction (CTR) tiếp tục duy trì mức vốn hóa quanh 14.000 tỷ đồng sau khi đạt đỉnh hồi tháng 6. Cổ phiếu của Thiết kế Viettel (VTK) thậm chí còn tăng 120% từ đầu năm.

Ở một góc độ nào đó, FPT là doanh nghiệp Việt Nam hưởng lợi lớn nhất từ sự bùng nổ xu hướng AI trên toàn cầu. Hồi tháng 4, Nvidia và FPT thỏa thuận đầu tư 200 triệu USD để thành lập nhà máy AI Factory đầu tiên. Tháng trước, hai bên mở thêm một nhà máy AI tại Nhật Bản và dự kiến có những nhà máy mới trong thời gian tới. Theo SSI Research, FPT AI Factory có thể sẽ ghi nhận doanh thu từ 2025, ước tính khoảng 100 triệu USD với công suất 90%.

""Trí tuệ nhân tạo sẽ thay đổi toàn thế giới. Chúng tôi đang hợp tác chặt chẽ với các đối tác chiến lược để phát triển cơ sở hạ tầng đám mây thiết yếu cho các ứng dụng AI trên toàn thế giới, đặc biệt là tại Nhật Bản, theo sáng kiến toàn cầu của Nvidia"", ông Trương Gia Bình , Chủ tịch FPT khẳng định.

Mảng CNTT nước ngoài cũng chính là động lực giúp FPT duy trì tăng trưởng lợi nhuận ""đều như vắt tranh"" qua từng tháng, quý, năm. Sau 11 tháng, doanh thu CNTT nước ngoài của FPT đã vượt mốc 1 tỷ USD, tăng 28% so với cùng kỳ năm ngoái. Đà bứt phá được dẫn dắt bởi sức tăng đến từ cả 4 thị trường, đặc biệt là Nhật Bản và APAC.

Trong khi đó, FPT Telecom bên cạnh mảng kinh doanh truyền thống cung cấp Internet băng rộng, truyền hình trả tiền tiếp tục hưởng lợi từ xu hướng phát triển cơ sở hạ tầng trung tâm dữ liệu để đáp ứng nhu cầu sử dụng cloud.

Cùng ngành công nghệ - viễn thông, Viettel Global mang sứ mệnh đưa Viettel trở thành tập đoàn lớn mạnh tầm quốc tế. Tổng công ty đang hoạt động tại 9 quốc gia trên khắp châu Á, châu Phi và châu Mĩ với tổng dân số hơn 200 triệu người. Trong đó, Viettel Global đứng top 1 thị phần tại 6 thị trường chính Myanmar, Campuchia, Lào, Đông Timor, Burundi…

2024 là năm bản lề đối với Viettel Global khi tổng công ty tiến những bước quan trọng trong việc xử lý các vấn đề tồn động và tiến đến hết lỗ lũy kế vào năm 2025. Đây được xem là bước đệm để Viettel Global sẽ có thể tính toán phương án chia cổ tức. 9 tháng đầu năm, Viettel Global lãi trước thuế hơn 6.000 tỷ đồng, vượt kế hoạch đề ra.

Cũng liên quan đến lĩnh vực viễn thông, với vị thế là TowerCo có thị phần số 1 Việt Nam (hơn 9.500 trạm BTS tính đến cuối tháng 11), Viettel Construction là doanh nghiệp được hưởng lợi lớn từ việc phủ sóng 5G tại Việt Nam nhờ việc phủ sóng trạm phát sóng. SSI Research ước tính Viettel Construction sẽ xây mới 3.000 trạm BTS trong năm 2024 và 4.500 trạm BTS trong năm 2025.

Ông Trần Quốc Toàn – Giám đốc Chi nhánh 2 Hội sở Mirae Asset cho rằng nhà đầu tư sẵn sàng chấp nhận mức định giá cao hơn trung bình trong nhiều năm qua, dựa trên tiềm năng tăng trưởng bền vững trong tương lai.

""Các dự án chiến lược như hợp tác với Nvidia phát triển công nghệ AI, mở rộng thị trường trung tâm dữ liệu và triển khai mạng 5G đang mở ra cơ hội tăng trưởng vượt bậc cho cả nhóm Viettel và FPT, khiến dòng tiền tiếp tục đổ vào nhóm cổ phiếu này. Sự kết hợp của xu hướng toàn cầu đi cùng kết quả kinh doanh khả quan và kỳ vọng tăng trưởng mạnh mẽ đã tạo nên cơn sóng tăng giá bền vững cho nhóm cổ phiếu họ ""Viettel-FPT"" trong năm qua"", chuyên gia Mirae Asset nhận định.

Ngoài công nghệ - viễn thông, các doanh nghiệp trong nhóm FPT và Viettel đang hoạt đông trong lĩnh vực khác như FPT Retail hay Viettel Post cũng có những điểm nhấn riêng thu hút giới đầu tư.

Viettel Post bắt đầu vận hành Công viên Logistics Lạng Sơn từ ngày 11/12, đóng vai trò quan trọng trong chuỗi cung ứng logistics, phục vụ xuất, nhập khẩu truyền thống và tạo điều kiện thuận lợi cho hàng hóa thương mại điện tử giữa Việt Nam và Trung Quốc. Đây là bước đầu trong việc hiện thực hóa tham vọng logistics xuyên biên giới của Viettel Post.

Trong khi đó, FPT Retail với chuỗi nhà thuốc và hệ thống tiêm chủng Long Châu đang dần hiện thực hóa tham vọng khép kín chuỗi chăm sóc sức khỏe – lĩnh vực có tiềm năng tăng trưởng rất lớn. Theo SSI Research, Long Châu sẽ có 1.900 và 2.300 nhà thuốc vào cuối năm 2024-2025 và đặt mục tiêu có 100 trung tâm vaccine vào cuối năm 2024, sau đó mở 150 trung tâm vào năm 2025.

Theo Chứng khoán TPS, quy mô thị trường dịch vụ CNTT toàn cầu ước tính khoảng 1.200 tỷ USD năm 2024 và dự báo khoảng 2.300 tỷ USD vào năm 2033, tương ứng CAGR giai đoạn 2025 – 2033 là 7,26%. Sự phát triển của dịch vụ điện toán đám mây và dịch vụ bảo mật an ninh mạng là những yếu tố chính thúc đẩy thị trường.

Tại Việt Nam, thị trường CNTT và dịch viễn thông được định giá 21 tỷ USD vào năm 2023 và dự kiến đạt 36 tỷ USD vào năm 2029 với CAGR là 9,1%. Thị trường này đóng vai trò quan trọng trong quá trình chuyển đổi số ở nhiều nhóm ngành hàng như sức khỏe, giáo dục, tài chính và sản xuất. Riêng với thị trường AI, hãng tư vấn toàn cầu IMARC Group dự báo sẽ tăng lên hơn 2 tỷ USD năm 2032, với tỷ lệ tăng trưởng kép hàng năm ở mức 15,8%.

Sự mở rộng của thị trường trong thời gian tới được thúc đẩy bởi các công nghệ mới nổi như trí tuệ nhân tạo, internet vạn vật và công nghệ chuỗi khối. Kết nối 5G, điện toán biên, biện pháp an ninh mạng, và phân tích dữ liệu là xu hướng chính của ngành công nghệ thông tin truyền thông trong thời gian tới.

Bên cạnh đó, Chính phủ đang đặt quyết tâm đưa Việt Nam trở thành nước có nền công nghệ thông tin phát triển qua nhiều biện pháp toàn diện và đồng bộ như đẩy mạnh chuyển đổi số; tăng cường đào tạo nhân sự IT có trình độ cao; kêu gọi hợp tác với các ông lớn công nghệ để đưa Việt Nam có cơ hội tham gia vào chuỗi cung ứng bán dẫn, trí tuệ nhân tạo, fintech,…

Ngoài ra, ngành CNTT sẽ được dự báo hưởng lợi khá lớn từ dòng vốn FDI trong thời gian tới. Việt Nam sẽ trở thành điểm đến hấp dẫn đối với các công ty toàn cầu đang tìm kiếm đầu tư vào công nghệ thông tin do hưởng lợi từ chiến lược Trung Quốc + 1, tăng trưởng kinh tế tích cực, chi phí lao động rẻ, cơ sở hạ tầng được cải thiện, tiêu dùng phục hồi mạnh mẽ và tham gia nhiều hiệp định thương mại tự do.

""Dư địa rộng lớn của thị trường công nghệ thông tin, trí tuệ nhân tạo, bán dẫn mở ra tiềm năng tăng trưởng cho các doanh nghiệp có nội lực mạnh mẽ và thích ứng cao như nhóm FPT và Viettel trong tương lai"", chuyên gia Mirae Asset nhận định.",2024-12-25T00:01:00+07:00,2024-12-25T00:01:00,2026-07-29T21:42:23.075970+07:00,CafeF,https://cafef.vn/nhom-co-phieu-fpt-va-viettel-but-pha-manh-me-cung-trend-cong-nghe-toan-cau-188241217114212026.chn,https://cafef.vn/nhom-co-phieu-fpt-va-viettel-but-pha-manh-me-cung-trend-cong-nghe-toan-cau-188241217114212026.chn,Hà Linh,Thị trường chứng khoán,https://cafefcdn.com/thumb_w/1200/203337114487263232/2024/12/17/thumb-fb-1734410160362735459113.jpg,vi,MULTI_COMPANY_NEWS,[],"[""FPT"", ""cổ phiếu FPT""]",7.0,"[""ticker_in_title:+1"", ""alias_in_title:+3"", ""ticker_in_summary:+1"", ""positive_entity:+1"", ""ticker_content:+3"", ""financial_terms:+2"", ""financial_metrics:+2"", ""many_tickers:-3"", ""multi_company_news:-3""]",f0c554bd67c2a1fbda8e3ee1f5c98bc2c83d8edf7b9e83e65d39b7c0eab8d3a1,1852,accepted
cafef_fpt_20240312_a0599dfd,"[""FPT""]",Công ty Cổ phần FPT,"VN-Index mất mốc 1.250 điểm, ngược dòng loạt cổ phiếu FPT, BVH, LPB “bay cao” lập đỉnh giá mới","Thị trường chứng khoán ngắt chuỗi tăng điểm, chỉ số chính VN-Index mất mốc 1.250 điểm. Ngược dòng, cổ phiếu FPT, BVH, LPB “bay cao” lập đỉnh cao nhất từ đầu năm.","Cụ thể, kết phiên 03/12, giá cổ phiếu FPT của CTCP FPT ở mức 145.000 đồng/cổ phiếu, tăng 1,97% so với phiên trước, khối lượng cổ phiếu giao dịch khớp lệnh đạt hơn 5,1 triệu đơn vị.

Đây là đỉnh giá mới cao nhất trong lịch sử niêm yết của mã cổ phiếu công nghệ này. Đồng thời, vốn hóa thị trường của FPT tăng mạnh, hiện ở mức hơn 213.305 tỷ đồng.

Cổ phiếu FPT tiếp tục ""bay cao"", lập đỉnh giá mới cao nhất lịch sử niêm yết. (Nguồn: Cafef)

Cổ phiếu FPT chào năm mới 2024 ở vùng giá 83.000/cổ phiếu. Như vậy, hiện thị giá của mã cổ phiếu này đã tăng gần 75%, tương ứng khoảng 62.000 đồng/cổ phiếu.

Tương tự, cổ phiếu LPB của ngân hàng LPBank cũng tiếp tục “bay cao”, lập đỉnh giá mới cao nhất lịch sử niêm yết.

Kết phiên 03/12, giá cổ phiếu LPB ở mức 33.950 đồng/cổ phiếu, tăng 2,11% so với phiên trước, khối lượng cổ phiếu giao dịch khớp lệnh đạt gần 4,7 triệu đơn vị.

Cổ phiếu LPB ""bay cao"", tăng gần 125% so với hồi đầu năm. (Nguồn: Cafef)

Đây là đỉnh giá mới cao nhất lịch sử niêm yết của mã cổ phiếu nhà băng này. Đông thời, vốn hóa thị trường của LPBank cũng tăng mạnh lên mức hơn 86.831 tỷ đồng.

Cổ phiếu LPB chào năm mới 2024 ở vùng giá 16.000 đồng/cổ phiếu. Như vậy, từ đầu năm tới nay, thị giá của cổ phiếu LPB đã tăng gần 125%, tương ứng tăng khoảng 20.000 đồng/cổ phiếu.

Tăng 6,33% lên 52.100 đồng, cổ phiếu BVH của Tập đoàn Bảo Việt là cổ phiếu tăng mạnh nhất tại rổ VN30 trong phiên giao dịch hôm nay.

Đây là phiên thứ 3 liên tiếp mã cổ phiếu BVH tăng mạnh, cùng khối lượng cổ phiếu giao dịch khớp lệnh tăng đột biến, đạt bình quân khoảng 1,8 triệu đơn vị mỗi phiên.

Hiện, thị giá cổ phiếu BVH đang ở đỉnh giá cao nhất trong vòng hơn 2 năm trở lại đây. Vốn hóa thị trường của Bảo Việt tăng mạnh lên mức hơn 38.675 tỷ đồng.

Cổ phiếu BVH tiếp tục ""bay cao"". (Nguồn: Cafef)

Cổ phiếu BVH “bay cao”, ngay sau thông tin Tập đoàn Bảo Việt có Quyền Chủ tịch HĐQT và Quyền Tổng Giám đốc mới kể từ ngày 27/11/2024, sau 2 năm biến động thượng tầng.

Bên cạnh đó, 2 cổ phiếu bluechip thuộc rổ VN30 tăng mạnh, “gồng” chỉ số VN-Index trong phiên giao dịch hôm nay là cổ phiếu HDB của ngân hàng HDBank và POW của PV Gas đều tăng hơn 2% trong phiên giao dịch hôm nay.

Cụ thể, kết phiên 03/12, giá cổ phiếu HDB ở mức 26.050 đồng/cổ phiếu, tăng 2,56% so với phiên trước, khối lượng cổ phiếu giao dịch khớp lệnh đạt hơn 11,3 triệu đơn vị.

Kết phiên 03/12, giá cổ phiếu POW ở mức 12.650 đồng/cổ phiếu, tăng 2,02% so với phiên trước, khối lượng cổ phiếu giao dịch khớp lệnh đạt hơn 13,6 triệu đơn vị.

Cả 2 mã cổ phiếu này đều đang ở vùng giá cao nhất trong vòng 1 tháng qua.

VN-Index mất mốc 1.250 điểm

Thanh khoản trên thị trường được cải thiện rõ rệt, tuy nhiên đà bán vẫn áp đảo hoàn toàn dòng tiền mua của nhà đầu tư. Chỉ số chính VN-Index ngắt chuỗi giảm điểm, đánh mất mốc 1.250 điểm.

Kết phiên 03/12, chỉ số VN-Index giảm 1,38 điểm, xuống 1.249,83 điểm. Tương tự, chỉ số HNX-Index giảm 0,04 điểm, xuống 225,29 điểm. Trong khi, chỉ số UPCoM-Index đứng yên ở mức 92,44 điểm.

Thanh khoản trên thị trường được cải thiện, khi tổng giá trị giao dịch trên cả 3 sàn đạt gần 17.200 tỷ đồng. Riêng trên sàn HoSE, thanh khoản đạt hơn 15.500 tỷ đồng.

Sắc đỏ vẫn chiếm ưu thế trên thị trường chứng khoán trong phiên giao dịch hôm nay.

Sắc đỏ chiếm ưu thế trên thị trường, VN-Index đánh mất mốc 1.250 điểm.

Nhóm cổ phiếu “vua” bị sắc đỏ bao phủ, với loạt cổ phiếu giảm mạnh như VCB -1,27%, STB -1,51%, SGB -2,48%. Các cổ phiếu giảm dưới 1% có VIB, MSB, MBB, ACB, BID, TPB, KLB, …

Ở chiều ngược lại, bộ đôi cổ phiếu LPB và HDB “bay cao” khi tăng hơn 2%. Theo sau là các cổ phiếu PGB +1,91%, NAB +1,9%, BVB +0,89%, OCB +0,47%, SSB +0,29%, CTG +0,14%, …

Tại nhóm cổ phiếu bất động sản, sắc xanh chiếm ưu thế, với SNZ +2,65%, SIP +1,82%, DXS +2,14%, TAL +2,78%, SJS +1,81%, … Cùng với đó, loạt cổ phiếu bluechip của nhóm giữ được sắc xanh tăng dưới 1% như VHM, VIC, KDH, VPI, KBC, SSH, HDG, ….

Ở chiều ngược lại, giảm 2,28% xuống 10.700 đồng, cổ phiếu NVL là cổ phiếu bluechip giảm điểm mạnh nhất tại nhóm bất động sản. Theo sau, QCG -3,61%, IDC -1,26%. Tiếp đến là các cổ phiếu giảm dưới 1% như BCM, VRE, NLG, SZC, PDR, TCH, …

Ngược dòng thị trường, hút mạnh dòng vốn từ các nhà đầu tư trong phiên hôm nay là nhóm bảo hiểm, với “ông lớn” BVH dẫn đầu, tăng mạnh 6,33%. Theo sau là các cổ phiếu PRE +5,06%, MIG +3,76%, BMI +3,12%, PTI +1,6%, VNR +0,85%, BIC +0,14%, …

Nhóm cổ phiếu công nghệ cũng “bay cao” với 2 “ông lớn” FPT +1,97% và CMG +3,55%, …

Cùng với đó là nhóm dược phẩm, với IMP tăng trần 6,92%, DBD +2,43%, DHT +8,84%, DVN +2,34%, DCL +0,19%, DHG +1,97%, PMC +7,34%, …

Ngoài ra, một số cổ phiếu bluechip tại các nhóm ngành tăng mạnh trong phiên hôm nay có NTP +2,33%, VTP +5,65%, SCS +3,48%, CTR +5,22%, YEG +6,7%, POW +2,02%, REE +1,6%, NT2 +1,29%, …

Trong khi, gây áp lực lớn nhất khiến thị trường chìm trong sắc đỏ là những cổ phiếu bluechip thuộc các nhóm ngành khác, gồm GVR -1,75%, HSG -1,84%, HVN -1,78%, ACV -2,09%, DGW -1,51%, DBC -1,43%, VGI -1,4%, PVS -1,48%, PVD -1,27%, MWG -0,99%, VNM – 0,93%, KDC -1,17%, BSR -0,51%, ….",2024-03-12T17:03:00+07:00,2024-12-03T17:03:00,2026-07-29T21:42:25.882617+07:00,CafeF,https://cafef.vn/vn-index-mat-moc-1250-diem-nguoc-dong-loat-co-phieu-fpt-bvh-lpb-bay-cao-lap-dinh-gia-moi-188241203170149706.chn,https://cafef.vn/vn-index-mat-moc-1250-diem-nguoc-dong-loat-co-phieu-fpt-bvh-lpb-bay-cao-lap-dinh-gia-moi-188241203170149706.chn,Theo Nguyên Trang,Thị trường chứng khoán,https://cafefcdn.com/thumb_w/1200/203337114487263232/2024/12/3/avatar1733220071174-1733220071437273007310.jpeg,vi,MULTI_COMPANY_NEWS,[],"[""FPT"", ""cổ phiếu FPT""]",7.0,"[""ticker_in_title:+1"", ""alias_in_title:+3"", ""ticker_in_summary:+1"", ""positive_entity:+1"", ""ticker_content:+3"", ""financial_terms:+2"", ""financial_metrics:+2"", ""many_tickers:-3"", ""multi_company_news:-3""]",ae50096ec235be53be82e463936f058759ae3c252d8c324f942ffde4d3807f75,1130,accepted
cafef_fpt_20241127_79fdb7f6,"[""FPT""]",Công ty Cổ phần FPT,"Thị trường “cạn” thanh khoản, cổ phiếu FPT “gồng” chỉ số VN-Index","Thị trường chứng khoán “cạn” thanh khoản, với tổng giá trị giao dịch trên cả 3 sàn chỉ đạt gần 12.900 tỷ đồng. Cổ phiếu FPT của “ông lớn” công nghệ FPT bất ngờ tăng mạnh, “gồng” chỉ số chính VN-Index.","Cụ thể, kết phiên 27/11, giá cổ phiếu FPT của Công ty CP FPT ở mức 138.900 đồng/cổ phiếu, tăng 2,74% so với phiên trước, khối lượng cổ phiếu giao dịch khớp lệnh đạt hơn 9,8 triệu đơn vị, tổng giá trị giao dịch đạt hơn 1.358 tỷ đồng.

Đây là phiên tăng điểm thứ 6 trong 8 phiên gần nhất của mã cổ phiếu công nghệ này, giúp thị giá của cổ phiếu FPT tăng thêm gần 4% tiến sát về mốc giá cao nhất lịch sử niêm yết của mã cổ phiếu công nghệ này (ở mức 142.000 đồng/cổ phiếu hồi giữa tháng 10 vừa qua).

Đà tăng mạnh của thị giá của cổ phiếu FPT trong phiên giao dịch hôm nay, ngoài việc được các nhà đầu tư đặt nhiều niềm tin và kỳ vọng vào hoạt động kinh doanh tăng trưởng tích cực trong tương lai của mã cổ phiếu công nghệ duy nhất tại rổ VN30 này.

Ở một động thái khác, khối ngoại cũng đang tích cực “gom” mạnh mã cổ phiếu này trong thời gian qua.

Riêng trong phiên giao dịch hôm nay, khối ngoại đã mua ròng hơn 686 tỷ đồng mã cổ phiếu công nghệ này.

Thị giá cổ phiếu FPT tăng mạnh trong những phiên gần đây. (Nguồn: Cafef)

Tương tự, 3/4 cổ phiếu “họ” FPT còn lại trên thị trường chứng khoán cũng tăng mạnh trong phiên giao dịch hôm nay gồm FOC +1,43%, FOX +2,72%, FRT +0,29%. Ngược dòng, chỉ có cổ phiếu FTS -0,83%.

Với đà tăng mạnh trong phiên giao dịch hôm nay, cổ phiếu FPT dẫn đầu nhóm ảnh hưởng tích cực nhất đến chỉ số chính VN-Index.

Thị trường cạn thanh khoản, VN-Index “quay đầu” giảm nhẹ

Các nhà đầu tư vẫn tiếp tục lựa chọn phương án đứng ngoài thị trường quan sát, khiến thanh khoản trên thị trường xuống mức thấp kỷ lục, tổng giá trị giao dịch trên cả 3 sàn chỉ đạt gần 12.900 tỷ đồng. Riêng trên sàn HoSE thanh khoản đạt hơn 11.355 tỷ đồng.

Kết phiên 27/11, chỉ số VN-Index giảm 0,16 điểm, xuống 1,241,97 điểm. Tương tự, chỉ số HNX-Index giảm 0,61 điểm, xuống 223,09 điểm. Chỉ số UPCoM-Index cũng giảm 0,1 điểm, xuống 91,96 điểm.

Hôm nay, độ rộng của thị trường nghiêng về sắc đỏ với loạt nhóm ngành bị sắc đỏ xâm chiếm.

Sắc đỏ chiếm ưu thế trên bảng điện tử, chỉ số chính VN-Index ""quay đầu"" giảm nhẹ.

Tại nhóm cổ phiếu “vua”, bảng điện tử bị phân hóa mạnh. Tăng 2,19% lên 18.700 đồng, cổ phiếu EIB của Eximbank tăng mạnh ngay trước ngày diễn ra ĐHĐCĐ bất thường tại Hà Nội (ngày 28/11). Theo sau là cổ phiếu LPB +1,25%. Tiếp đến là các cổ phiếu tăng dưới 1% như HDB, ACB, VCB, BID, SSB, …

Ở chiều ngược lại, loạt cổ phiếu “vua” chìm trong sắc đỏ với mức giảm dưới 1% như CTG, VIB, TCB, SHB, MSB, BAB, OCB, VBB, …

Tại nhóm cổ phiếu bất động sản, sắc đỏ chiếm ưu thế với loạt mã cổ phiếu bluechip của nhóm này giảm điểm như VHM -1,18%, VRE -1,09%, VIC -0,73%, VPI -1,03%, DIG -0,24%, SZC -0,86%, KDH -0,15%, NLG -1,68%, IDC -0,64%, TCH -0,32%, SIP -1,28%, DXS -2,33%,

Ở chiều ngược lại, cổ phiếu QCG của Quốc Cường Gia Lai có phiên thứ 2 liên tiếp tăng trần 6,81% so với phiên trước, “cháy hàng” với khối lượng khớp lệnh hơn 234 nghìn đơn vị. Theo sau là cổ phiếu HDG của Hà Đô tăng mạnh 2,28% lên 29.200 đồng/cổ phiếu. Tiếp đến là các cổ phiếu tăng dưới 1% như DXG, KBC, NVL, …

Nhóm cổ phiếu phân bón là nhóm ngành bị các nhà đầu tư “xả” hàng mạnh nhất trong phiên hôm nay, với DPM -2,34%, DDV -4,26%, DCM -2,89%, BFC -3,72%, LAS -1,38%, …

Ngoài ra, loạt cổ phiếu bluechip tại các nhóm ngành giảm điểm mạnh trong phiên giao dịch hôm nay như HPG -0,19%, VSF -8,05%, HAG -3,29%, PVT -1,65%, SSI -1,22%, VND -1,07%, TCM -0,63%, BSR -1,03%, PVD -1,47%, VCG -1,13%, …",2024-11-27T16:07:00+07:00,2024-11-27T16:07:00,2026-07-29T21:42:34.002570+07:00,CafeF,https://cafef.vn/thi-truong-can-thanh-khoan-co-phieu-fpt-gong-chi-so-vn-index-18824112716071948.chn,https://cafef.vn/thi-truong-can-thanh-khoan-co-phieu-fpt-gong-chi-so-vn-index-18824112716071948.chn,Theo Nguyên Trang,Thị trường chứng khoán,https://cafefcdn.com/thumb_w/1200/203337114487263232/2024/11/27/avatar1732698383517-1732698387804168837179.jpg,vi,MULTI_COMPANY_NEWS,[],"[""FPT"", ""cổ phiếu FPT""]",7.0,"[""ticker_in_title:+1"", ""alias_in_title:+3"", ""ticker_in_summary:+1"", ""positive_entity:+1"", ""ticker_content:+3"", ""financial_terms:+2"", ""financial_metrics:+2"", ""many_tickers:-3"", ""multi_company_news:-3""]",7460dc7a90a826b361469fb7837a17d3d4c3ab9c086c9f3268278ab779769bc4,752,accepted
cafef_fpt_20241013_48755215,"[""FPT""]",Công ty Cổ phần FPT,"Chứng khoán tuần qua: VN-Index có 4/5 phiên tăng điểm, cổ phiếu FPT, MSN tiếp tục “bay cao”","Thị trường chứng khoán tiếp đà hồi phục, VN-Index ghi nhận 4/5 phiên tăng điểm; FPT lần thứ 35 vượt đỉnh từ đầu năm, vốn hóa tập đoàn tư nhân lớn nhất Việt Nam vượt 200.000 tỷ; Cổ phiếu Masan vừa ghi nhận điều chưa từng có trong lịch sử; Kịch bản nào cho VN-Index trong tháng 10/2024?, …","VN-Index tiếp đà hồi phục, tiến sát mốc 1.290 điểm

Tuần qua, thị trường chứng khoán ghi nhận đà hồi phục mạnh mẽ với 4/5 phiên tăng điểm, chỉ số VN-Index tiến sát mốc 1.290 điểm.

Kết phiên 11/10, chỉ số VN-Index tăng 2,03 điểm, lên 1.288,39 điểm. Tương tự, chỉ số HNX-Index tăng 0,08 điểm, lên 231,37 điểm. Chỉ số UPCoM-Index tăng 0,03 điểm, lên 92,6 điểm.

Thanh khoản trên thị trường đột ngột xuống thấp, với tổng giá trị giao dịch trên cả 3 sàn chỉ đạt hơn 14.750 tỷ đồng. Riêng trên sàn HoSE, thanh khoản đạt 13.200 tỷ đồng.

Cổ phiếu FDC của FIDECO gây chú ý trong tuần qua khi liên tục rung lắc mạnh. Kết phiên 11/10, cổ phiếu FDC là cổ phiếu giảm sàn duy nhất trên sàn HoSE, khi giảm 6,73% xuống 15.950 đồng/cổ phiếu, khối lượng cổ phiếu giao dịch khớp lệnh chỉ đạt vỏn vẹn 100 đơn vị.

Cổ phiếu FDC của FIDECO tiếp tục biến động mạnh về giá. (Nguồn: Cafef)

Trước đó, cổ phiếu FDC có đà điều chỉnh tăng mạnh về giá, với 6/10 phiên tăng điểm gần nhất (gồm 4 phiên tăng trần), thị giá tăng 26,6%, tương ứng tăng 3.350 đồng/cổ phiếu.

Xem thêm tại đây

FPT lần thứ 35 vượt đỉnh từ đầu năm, vốn hóa tập đoàn tư nhân lớn nhất Việt Nam vượt 200.000 tỷ

Từ đầu năm 2024, FPT đã tăng gần 70% thị giá qua đó đẩy vốn hóa thị trường lên trên 200.000 tỷ, chỉ xếp sau Vietcombank, BIDV và ACV trên sàn chứng khoán.

Sau giai đoạn đi ngang tích luỹ, cổ phiếu FPT bất ngờ tăng tốc ngoạn mục phiên 10/10. Cổ phiếu này tăng gần 4% lên trên 140.000 đồng/cp với giao dịch rất sôi động. Đây là mức thị giá (đã điều chỉnh) cao nhất mà FPT từng chạm đến trong lịch sử 18 năm niêm yết. Từ đầu năm đến nay, FPT đã có 35 lần vượt đỉnh, một con số vô tiền khoáng hậu.

So với thời điểm đầu năm 2024, FPT đã tăng gần 70% thị giá. Vốn hóa thị trường của tập đoàn công nghệ lớn nhất Việt Nam cũng theo đó lập kỷ lục 205.000 tỷ đồng (~8,4 tỷ USD). Con số này đưa FPT trở thành công ty tư nhân lớn nhất sàn chứng khoán, chỉ sau 3 cái tên do Nhà nước chi phối là Vietcombank, BIDV và ACV.

Cổ phiếu Masan vừa ghi nhận điều chưa từng có trong lịch sử

Giữa lúc chứng khoán Việt Nam khởi sắc, cổ phiếu MSN của CTCP Tập đoàn Masan bất ngờ tăng mạnh 3,9% trong phiên 10/10, tiến lên mốc 80.000 đồng/cp. Đây cũng là vùng giá cao nhất trong vòng 7 tháng qua, vốn hóa thị trường của MSN theo đó tăng lên gần 115.100 tỷ đồng (~4,6 tỷ USD).

Không những tăng giá tích cực, thanh khoản trên cổ phiếu này cũng trở nên sôi động hơn bao giờ hết. Khối lượng cổ phiếu khớp lệnh ghi nhận gần 20 triệu đơn vị, tương đương giá trị giao dịch đạt xấp xỉ 1.580 tỷ đồng, cao nhất trong lịch sử niêm yết của cổ phiếu này.

Thậm chí, khối lượng cổ phiếu MSN được “sang tay” trong phiên hôm nay còn cao gấp 5 lần so với khối lượng giao dịch trung bình 20 phiên gần nhất.

Kịch bản nào cho VN-Index trong tháng 10/2024?

Chứng khoán Tiên Phong (TPS) trong báo cáo mới đây nhận định tháng 9/2024 tiếp tục cho thấy vùng kháng cự 1.300 điểm đang là vùng kháng cự cứng của thị trường mà VN-Index liên tục gặp khó.

Sang tháng 10/2024, dựa trên quan sát các chỉ báo kĩ thuật, nhóm phân tích đưa ra 2 kịch bản cho thị trường:

Kịch bản tích cực: VN-Index vượt lên 1.300 điểm, bắt đầu xu thế tăng mới (khả năng xảy ra: 70%). Kịch bản này xảy ra khi lực mua tham gia tích cực, kéo thanh khoản lên cao và khiến các chỉ báo như MACD và RSI vượt lên điểm số vùng đỉnh cũ, xác nhận một xu thế tăng mới.

Kịch bản này VN-Index rất cần thanh khoản bùng nổ cao hơn ngưỡng 25 nghìn tỷ trong phiên cùng điểm số vượt qua mốc kháng cự. Vùng giá mà VN-Index có thể tìm đến là ngưỡng 1.340 điểm (tương ứng với mức 1 của Fibonancci mở rộng).

Kịch bản trung tính: VN-Index điều chỉnh ở vùng 1.220 điểm và tìm kiếm lực tăng (khả năng xảy ra: 30%). Ở kịch bản này, thị trường sẽ gặp khó khăn trước ngưỡng kháng cự 1.300 điểm khiến các chỉ báo như MACD và RSI rơi vào tình trạng phân kỳ. Khả năng cao việc điều chỉnh sẽ xảy ra ngay sau đó, nhưng xét về xu hướng trung và dài hạn, VN-Index sẽ tiếp tục tăng trưởng. Vùng giá VN-Index có thể điều chỉnh về ở 2 vùng là 1.260 và 1.280 điểm (tương ứng mức Fibonacci thoái lui ngưỡng 0,618 và 0,382).",2024-10-13T00:02:00+07:00,2024-10-13T00:02:00,2026-07-29T21:42:38.733806+07:00,CafeF,https://cafef.vn/chung-khoan-tuan-qua-vn-index-co-4-5-phien-tang-diem-co-phieu-fpt-msn-tiep-tuc-bay-cao-188241012212137701.chn,https://cafef.vn/chung-khoan-tuan-qua-vn-index-co-4-5-phien-tang-diem-co-phieu-fpt-msn-tiep-tuc-bay-cao-188241012212137701.chn,Theo Mạnh Đại,Thị trường chứng khoán,https://cafefcdn.com/thumb_w/1200/203337114487263232/2024/10/12/avatar1728742856129-172874285675862419446.jpg,vi,MULTI_COMPANY_NEWS,[],"[""FPT"", ""cổ phiếu FPT""]",7.0,"[""ticker_in_title:+1"", ""alias_in_title:+3"", ""ticker_in_summary:+1"", ""positive_entity:+1"", ""ticker_content:+3"", ""financial_terms:+2"", ""financial_metrics:+2"", ""many_tickers:-3"", ""multi_company_news:-3""]",8a57a8cc81f10fb1a096331079c481b6b2805ad14e0c5175224f0c54b37a37b2,910,accepted
cafef_fpt_20240807_6736ceb6,"[""FPT""]",Công ty Cổ phần FPT,"Cổ phiếu FPT tiếp tục bứt phá, lập đỉnh lần thứ 34 trong năm","Sự phát triển lớn mạnh và bền vững của FPT có lẽ mới là điều đem lại niềm vui lớn hơn cho những người cống hiến cho tập đoàn từ những ngày đầu thành lập như ông Trương Gia Bình, ông Bùi Quang Ngọc hay ông Đỗ Cao Bảo.","FPT:

Thị trường rung lắc, cổ phiếu FPT vẫn miệt mài đi lên và có lần thứ 34 vượt đỉnh từ đầu năm đến nay. Đóng cửa phiên 8/7, thị giá FPT ở mức 139.600 đồng/cp, tăng 68% sau hơn nửa năm. Giá trị vốn hóa cũng theo đó lập kỷ lục gần 203.000 tỷ đồng, xếp thứ 3 trong danh sách các công ty niêm yết giá trị nhất Việt Nam.

Cổ phiếu FPT lên đỉnh đem lại niềm vui lớn cho cổ đông. Vui nhất có lẽ là những người sáng lập tập đoàn như Chủ tịch HĐQT Trương Gia Bình cùng 2 cộng sự lâu năm Bùi Quang Ngọc và Đỗ Cao Bảo khi phần lớn tài sản trên sàn chứng khoán đều nằm tại FPT. Ước tính theo thị giá FPT, khối tài sản của 3 cổ đông này lên đến hơn 19.500 tỷ đồng, tăng 7.900 tỷ từ đầu năm 2024.

Là những ""khai quốc công thần"" của FPT, giá trị tài sản trên sàn chứng khoán chưa hẳn điều mà các cổ đông sáng lập FPT quan tâm nhất. Sự phát triển lớn mạnh và bền vững của tập đoàn có lẽ mới là điều đem lại niềm vui lớn hơn cho những người cống hiến cho tập đoàn từ những ngày đầu thành lập như ông Trương Gia Bình, ông Bùi Quang Ngọc hay ông Đỗ Cao Bảo.

Sau 36 năm hình thành và phát triển, FPT đã vươn lên trở thành công ty công nghệ hàng đầu và là tập đoàn tư nhân lớn nhất Việt Nam. Với kết quả kinh doanh tăng trưởng ổn định, bền bỉ được duy trì đều đặn đến mức kinh ngạc qua từng tháng, từng quý, từng năm, FPT thường được được ví von như một ""cỗ máy tăng trưởng"".

Trong 5 tháng đầu năm 2024, FPT ghi nhận doanh thu đạt 23.916 tỷ đồng và lợi nhuận trước thuế (LNTT) đạt 4.313 tỷ đồng, lần lượt tăng 19,9% và 19,5% so với cùng kỳ. Lợi nhuận sau thuế cho cổ đông công ty mẹ cũng tăng 21,2% lên 3.052 tỷ đồng, tương ứng EPS ở mức 2.403 đồng/cổ phiếu.

Năm 2024, FPT lên kế hoạch kinh doanh cao kỷ lục với doanh thu 61.850 tỷ đồng (~2,5 tỷ USD) và lợi nhuận trước thuế 10.875 tỷ đồng, đều tăng khoảng 18% so với kết quả thực hiện năm 2023. Với kết quả đạt được sau 5 tháng đầu năm, tập đoàn đã thực hiện 39% kế hoạch doanh thu và 40% mục tiêu lợi nhuận đề ra.

Năm 2023 trước đó ghi dấu một cột mốc quan trọng với FPT khi lần đầu cán mốc doanh thu 1 tỷ USD từ dịch vụ CNTT tại thị trường nước ngoài. Tập đoàn lên kế hoạch năm 2030 đạt mục tiêu 5 tỷ USD, từ đó nâng cao vị thế trong nhóm doanh nghiệp dịch vụ công nghệ thông tin tỷ USD trên toàn cầu. ""Quả ngọt"" từ thị trường nước ngoài đóng góp đáng kể vào thành tích tăng trưởng cao, đều đặn như một cỗ máy của FPT trong nhiều năm qua và hứa hẹn sẽ còn duy trì trong dài hạn.

Theo Gartner, chi tiêu CNTT nước ngoài được dự báo sẽ tăng 8% vào năm 2024 (so với 4% vào năm 2023), trong đó dịch vụ CNTT nước ngoài dự kiến sẽ đạt mức tăng trưởng chi tiêu 9,7% svck (so với 6% vào năm 2023) khi các doanh nghiệp nước ngoài đang có nhu cầu lớn hơn về dịch vụ tư vấn CNTT do họ chậm thu hút nhân sự liên quan đến CNTT, điều này có thể tiếp tục hỗ trợ mảng công nghệ của FPT trong dài hạn.

Mới đây, FPT và JAL Information Technology (JIT) thuộc Tập đoàn Japan Airlines (JAL), đã ký biên bản ghi nhớ hợp tác tạo ra giá trị mới trong việc phát triển hệ thống CNTT cho lĩnh vực hàng không và phi hàng không tại thị trường Nhật Bản. Bên cạnh đó, FPT Software cũng đã trở thành Nhà tích hợp hệ thống toàn cầu của Creatio – công ty cung cấp dịch vụ no-code (nền tảng lập trình không cần viết code) có trụ sở tại Hoa Kỳ.

Trong báo cáo phân tích mới đây, SSI Research cho rằng, việc hợp tác cùng với NVIDIA và Creatio cũng như việc thành lập liên minh AseanConnect.One sẽ giúp nâng cao chất lượng tất cả các dịch vụ viễn thông của FPT, đặc biệt là trung tâm dữ liệu, cũng như mở rộng khả năng tiếp cận khách hàng.

AseanConnect.One đặt mục tiêu trở thành nhà cung cấp dịch vụ ""một điểm đến cho mọi nhu cầu"" với chất lượng dịch vụ được nâng cao, giảm thời gian lắp đặt và bảo trì, đồng thời cung cấp khả năng truy cập liền mạch cho các nhà mạng/các nhà cung cấp dịch vụ OTT (Over-the-top) trong toàn khu vực ASEAN.",2024-08-07T16:30:00+07:00,2024-07-08T16:30:00,2026-07-29T21:42:48.224103+07:00,CafeF,https://cafef.vn/co-phieu-fpt-miet-mai-vuot-dinh-tai-san-cua-ong-truong-gia-binh-va-hai-cong-than-tang-gan-8000-ty-tu-dau-nam-188240708163036155.chn,https://cafef.vn/co-phieu-fpt-miet-mai-vuot-dinh-tai-san-cua-ong-truong-gia-binh-va-hai-cong-than-tang-gan-8000-ty-tu-dau-nam-188240708163036155.chn,Hà Linh,Thị trường chứng khoán,https://cafefcdn.com/thumb_w/1200/203337114487263232/2024/7/8/htechungkhoanvn-stores-newsdataimages-2024-022024-04-11-screenshot-2024-02-04-at-11482220240204115041-1720431012885769834757-12-0-586-919-crop-17204310226791291783859.png,vi,EARNINGS,"[""EARNINGS_REPORT""]","[""FPT"", ""cổ phiếu FPT""]",13.0,"[""ticker_in_title:+1"", ""alias_in_title:+3"", ""ticker_in_summary:+1"", ""positive_entity:+1"", ""ticker_content:+3"", ""financial_terms:+2"", ""financial_metrics:+2""]",183face43af6ea36b8f641144dc5cf027b95400be3fd466e0491cb944732dc39,858,accepted
cafef_fpt_20240407_df6fc5cd,"[""FPT""]",Công ty Cổ phần FPT,"Chứng khoán tăng điểm nhưng thanh khoản ""mất hút"", dòng tiền đổ bộ vào cổ phiếu FPT","Dù chỉ số chính cùng loạt cổ phiếu tăng tốt song thanh khoản thị trường ghi nhận tụt áp, trong đó gần 10% giá trị giao dịch nằm tại một cổ phiếu.","Thị trường tiếp đà diễn biến khởi sắc trong phiên 4/7. VN-Index ngấp nghé vượt 1.280 điểm tuy nhiên áp lực bán mạnh tại vùng cản này khiến chỉ số thu hẹp đôi chút đà tăng, đóng cửa tại mức 1.279,89 điểm, đánh dấu phiên tăng điểm thứ 4 liên tiếp.

Tương tự, HNX cũng tăng nhẹ 0,45 điểm lên mức 241.88 điểm trong khi UPCoM nhích 0,36 điểm lên mức 98,26 điểm.

Sắc xanh ghi nhận trên nhiều nhóm cổ phiếu. Thông tin Bộ Công thương phát đi thông báo khởi xướng điều tra áp dụng thuế chống bán phá giá đối với sản phẩm thép mạ từ Trung Quốc và Hàn Quốc đã giúp cổ đông thép vui mừng. Hầu hết các mã đều tăng điểm như HSG, SMC, TLH, thậm chí TVN và TIS tăng kịch trần, chỉ duy nhất HPG ngược dòng giảm nhẹ.

Nhóm chứng khoán cũng ghi nhận sắc xanh áp đảo khi VND, HCM, SHS, VDS, BSI, VCI… đều tăng tốt. Ngược chiều, SSI, AGR, VIX, CTS… giảm nhẹ dưới 1%.

Cổ phiếu ngân hàng thì diễn biến phân hóa khi VPB, TPB, LPB, BID,… tăng giá; tuy nhiên ""ông lớn"" VCB, CTG hay SHB, ACB, MBB điều chỉnh trong ngày VN-Index tăng tốt.

Tương tự, nhóm doanh nghiệp bất động sản ghi nhận VHM, KDH, VIC, DPG, GEX… đóng cửa trong sắc xanh tăng điểm. Trong khi đó, áp lực bán mạnh khiến KBC, HHV, PDR, NVL, HBC, DXG… đóng cửa giảm điểm.

Đáng nói, dù chỉ số chính cùng loạt cổ phiếu tăng tốt song thanh khoản thị trường ghi nhận tụt áp. Giá trị giao dịch trên HOSE chỉ hơn 14.000 tỷ, trong đó giá trị khớp lệnh chưa đến 13.000 tỷ đồng.

Thực tế việc thanh khoản sụt giảm đã diễn ra trong khoảng nửa tháng trở lại đây, trong bối cảnh chỉ số chính chưa thực sự xác nhận xu hướng phần nào khiến tâm lý nhà đầu tư trở nên e dè hơn khi xuống tiền. Cộng thêm các yếu tố khách quan cũng tác động thêm như việc khối ngoại bán ròng ồ ạt xuyên suốt nhiều tháng, giá trị bán ròng trên HoSE trong nửa đầu năm 2024 đã vượt ngưỡng 53.000 tỷ đồng, nhăm nhe thiết lập năm bán ròng kỷ lục của dòng vốn ngoại trên thị trường chứng khoán Việt Nam.

Cần nói rằng TTCK Việt Nam đang vào vùng trũng thông tin sau mùa ĐHĐCĐ, mùa BCTC quý 2 chưa diễn ra. Đà tăng mạnh trong thời gian qua khiến định giá nhiều cổ phiếu vọt lên ngưỡng cao, không còn quá hấp dẫn, điều này khiến thanh khoản và dòng tiền có dấu hiệu suy yếu. Một số nguyên nhân khác có thể đến từ việc hệ thống KRX chưa thể triển khai đi kèm với câu chuyện nâng hạng thị trường vẫn dừng ở kỳ vọng khiến dòng tiền mới khó gia nhập.

Trong bối cảnh thanh khoản chung hụt hơi, dòng tiền lại tìm đến những doanh nghiệp đơn lẻ, tiêu biểu như mã FPT. Giao dịch tại cổ phiếu này vẫn duy trì sôi động, thậm chí giá trị giao dịch trong phiên 4/7 xấp xỉ 1.100 tỷ đồng – cao nhất thị trường, tương ứng gần 10% tổng giá trị sàn HoSE cùng ngày. Khối lượng giao dịch hơn 8 triệu cổ phiếu được sang tay – cũng thuộc top đầu toàn sàn.

Tiền chảy vào ồ ạt đưa thị giá FPT tăng tốt, hiện dừng ở mức 135.800 đồng/cp, sát mức đỉnh 136.100 đồng vừa thiết lập hồi cuối tháng 6 vừa qua, tăng hơn 60% kể từ đầu năm. Vốn hóa của FPT theo đó đạt trên 198.000 tỷ đồng, xếp thứ 3 trong danh sách các công ty niêm yết lớn nhất Việt Nam, chỉ sau Vietcombank và BIDV.

Với thanh khoản tốt như hiện tại, không loại trừ khả năng FPT sẽ có lần thứ 33 vượt đỉnh tính từ đầu năm 2024. Đà tăng đang được ủng hộ bởi kết quả kinh doanh bền vững của tập đoàn đầu ngành công nghệ này. Sau 5 tháng đầu năm 2024, FPT ghi nhận doanh thu đạt 23.916 tỷ đồng và lợi nhuận trước thuế (LNTT) đạt 4.313 tỷ đồng, lần lượt tăng 19,9% và 19,5% so với cùng kỳ. Lợi nhuận sau thuế cho cổ đông công ty mẹ cũng tăng 21,2% lên 3.052 tỷ đồng, tương ứng EPS ở mức 2.403 đồng/cổ phiếu.

So với kế hoạch doanh thu 61.850 tỷ đồng (~2,5 tỷ USD) và lợi nhuận trước thuế 10.875 tỷ đồng, tập đoàn đã thực hiện 39% kế hoạch doanh thu và 40% mục tiêu lợi nhuận đề ra.",2024-04-07T15:55:00+07:00,2024-07-04T15:55:00,2026-07-29T21:42:57.669553+07:00,CafeF,https://cafef.vn/chung-khoan-tang-diem-nhung-thanh-khoan-mat-hut-dong-tien-do-bo-vao-co-phieu-fpt-18824070415542333.chn,https://cafef.vn/chung-khoan-tang-diem-nhung-thanh-khoan-mat-hut-dong-tien-do-bo-vao-co-phieu-fpt-18824070415542333.chn,Bắc Kiên,Thị trường chứng khoán,https://cafefcdn.com/thumb_w/1200/203337114487263232/2024/7/4/anh-ck-1720083390605890260458-3-0-441-700-crop-17200833960102040225736.jpg,vi,MULTI_COMPANY_NEWS,[],"[""FPT"", ""cổ phiếu FPT"", ""mã FPT""]",7.0,"[""ticker_in_title:+1"", ""alias_in_title:+3"", ""positive_entity:+2"", ""ticker_content:+3"", ""financial_terms:+2"", ""financial_metrics:+2"", ""many_tickers:-3"", ""multi_company_news:-3""]",2f69f7f6e0fcabd61353bce2090623d760f507d026928f4bfbf4f4796a2da2dc,818,accepted
cafef_fpt_20240621_1c2bc442,"[""FPT""]",Công ty Cổ phần FPT,"Cổ phiếu FPT Retail vượt đỉnh, ông chủ 2 chuỗi FPT Shop và Long Châu chạm ngưỡng tỷ USD vốn hóa","Từ đầu năm 2024, cổ phiếu FPT Retal đã tăng 70% qua đó đẩy giá trị vốn hóa lên cao kỷ lục xấp xỉ 1 tỷ USD.","Thị trường chứng khoán gặp khó trước ngưỡng kháng cự quanh vùng 1.300 điểm nhưng nhiều cổ phiếu vẫn âm thầm vượt hết đỉnh này đến đỉnh khác, như trường hợp của FPT Retail (FRT). Cổ phiếu của chủ 2 chuỗi FPT Shop và nhà thuốc Long Châu đang có đà bứt phá mạnh qua đó leo lên lập đỉnh mới.

Tạm dừng phiên sáng 21/6, thị giá FRT tăng 2,28% lên mức 179.100. Vốn hóa thị trường cũng theo đó lập kỷ lục 24.400 tỷ đồng (~1 tỷ USD), ghi nhận mức tăng 70% so với thời điểm đầu năm 2024. Đây là lần đầu tiên FPT Retail lọt vào danh sách tỷ USD vốn hóa trên sàn chứng khoán.

Cổ phiếu FRT bứt phá trong bối cảnh chuỗi nhà thuốc Long Châu không ngừng tăng trưởng cao và chuỗi FPT Shop đang có dấu hiệu hồi phục. Quý đầu năm, FPT Retail ghi nhận doanh thu hợp nhất đạt 9.042 tỷ đồng, tăng 17% so với cùng kỳ 2023. Lợi nhuận trước thuế đạt 89 tỷ đồng, gấp 43 lần cùng kỳ và là mức cao nhất 5 quý.

Quý 1/2024, FPT Shop ghi nhận doanh thu giảm 21% so với cùng kỳ, xuống còn 3.583 tỷ đồng. Tuy nhiên, chuỗi bán lẻ ICT này đã giảm lỗ xuống thấp nhất 5 quý nhờ dịch chuyển cơ cấu sản phẩm giúp lãi gộp tăng 3%, cũng như tiếp cận được nguồn vốn vay lãi thấp giúp chi phí tài chính giảm 50% so với cùng kỳ.

Trong khi đó, chuỗi nhà thuốc Long Châu tiếp tục là trụ đỡ và động lực chính cho FPT Retail với doanh thu tăng 68% so với cùng kỳ 2023, lên hơn 5.530 tỷ đồng. Đến cuối quý 1/2024, FPT Retail có 1.587 nhà thuốc Long Châu trên toàn quốc, mỗi nhà thuốc thu bình quân gần 1,2 tỷ đồng một tháng trong quý đầu năm.

Năm nay, FPT Retail đặt mục tiêu doanh thu 37.300 tỷ đồng, tăng 17% so với năm trước. Chỉ tiêu lợi nhuận trước thuế đạt 125 tỷ đồng, khả quan hơn nhiều so với khoản lỗ 294 tỷ đồng năm 2023. Với kết quả đạt được sau quý đầu năm, công ty đã thực hiện 24% kế hoạch doanh thu và hơn 71% mục tiêu lợi nhuận cả năm đề ra.

Tại ĐHĐCĐ thường niên diễn ra hồi giữa tháng 4, FPT Retail đã công bố kế hoạch bán cổ phần riêng lẻ tối đa 10% của chuỗi thuốc Long Châu. Việc này nhằm huy động vốn để biến Long Châu thành một hệ sinh thái (Healthcare Platform) theo chu trình vòng đời sức khỏe của một con người - từ phòng bệnh đến chăm sóc sức khỏe, khám chữa bệnh.

Tỷ trọng thuốc tại Long Châu chiếm khoảng 70-80% trong cơ cấu sản phẩm, cao hơn mức trung bình 50-60% của các chuỗi nhà thuốc hiện nay. Trong thời gian đầu của thời kỳ tăng tốc mở mới, Long Châu hướng đến chiến dịch bán thuốc theo đơn, với tiêu chí ban đầu là đủ thuốc với giá cả hợp lý, cạnh tranh.

Theo một báo cáo mới đây, MBS cho rằng xu hướng cơ cấu già hóa dân số ngày một rõ rệt cùng với thói quen tiêu dùng cho các sản phẩm vitamin nhiều hơn sẽ là yếu tố thúc đẩy sự tăng trưởng của thị trường thuốc.

Trong bán lẻ dược phẩm, việc quản lý hàng tồn kho và logistic là vấn đề nan giải và tốn khá nhiều chi phí của doanh nghiệp. MBS cho rằng, Long Châu có các thế mạnh về (1) công nghệ, cách thức áp dụng số hóa và AI trong việc quản lý và điều phối hàng hóa đã giúp họ luôn đảm bảo nguồn cung sản phẩm cho người tiêu dùng, (2) giá bán cạnh tranh so với các chuỗi bán lẻ dược phẩm hiện đại khác, (3) Dịch vụ tốt, thanh toán nhanh chóng, tiện lợi.

Tận dụng được thế mạnh thương hiệu sẵn có, Long Châu đã mở rộng mạnh mẽ và cán mốc 60 trung tâm tiêm chủng sau chưa đầy một năm (tính theo số liệu tháng 5/2024). Theo MBS, thị trường này tại Việt Nam còn nhiều tiềm năng khi tỷ lệ bao phủ vaccine vẫn còn ít, các trung tâm tiêm chủng hiện đại đặc thù chưa có nhiều (dẫn đầu là VNVC với hơn 160 trung tâm).

Tuy nhiên, MBS cho rằng, bước đầu việc mở rộng lớn các trung tâm tiêm chủng sẽ khiến cho Long Châu tốn nhiều chi phí đầu vào và hoạt động chưa ghi nhận lợi nhuận. Theo kế hoạch, FPT Retail có đến 100 trung tâm tiêm chủng vaccine vào cuối năm nay. Bên cạnh đó, công ty cũng dự kiến sẽ nâng tổng số nhà thuốc của Long Châu vào cuối năm lên 1.900 cửa hàng.

Còn với mảng bán lẻ ICT, MBS kỳ vọng nền kinh tế sẽ phục hồi tốt hơn từ cuối năm 2024, khi cho vay tiêu dùng trở lại và khu vực sản xuất phục hồi, các đơn hàng mới xuất hiện nhiều hơn. Từ đó, thu nhập người tiêu dùng cải thiện, hỗ trợ cho nhu cầu hàng không thiết yếu trở lại. FPT Shop sẽ tiếp tục tái cấu trúc hoạt động, đẩy mạnh bán hàng trực tuyến và mở rộng thêm các sản phẩm mới.",2024-06-21T11:31:00+07:00,2024-06-21T11:31:00,2026-07-29T21:43:10.474593+07:00,CafeF,https://cafef.vn/co-phieu-fpt-retail-vuot-dinh-ong-chu-2-chuoi-fpt-shop-va-long-chau-cham-nguong-ty-usd-von-hoa-188240621113112786.chn,https://cafef.vn/co-phieu-fpt-retail-vuot-dinh-ong-chu-2-chuoi-fpt-shop-va-long-chau-cham-nguong-ty-usd-von-hoa-188240621113112786.chn,Hà Linh,Thị trường chứng khoán,https://cafefcdn.com/thumb_w/1200/203337114487263232/2024/6/21/hiker-top-mountain-looking-sunrise887552-22598-17189436776031655941264-0-43-351-605-crop-17189436937781446646105.jpg,vi,EARNINGS,"[""EARNINGS_REPORT""]","[""FPT"", ""cổ phiếu FPT""]",13.0,"[""ticker_in_title:+1"", ""alias_in_title:+3"", ""ticker_in_summary:+1"", ""positive_entity:+1"", ""ticker_content:+3"", ""financial_terms:+2"", ""financial_metrics:+2""]",ac3aec9f1ffa983f1d5ace68048e04270c7f9e98e1da1eac973c3d0f1285114f,928,accepted
cafef_fpt_20241106_523a81c9,"[""FPT""]",Công ty Cổ phần FPT,"Trước khi đưa cổ đông “lên đỉnh” 27 lần trong 6 tháng qua, cổ phiếu FPT từng trải qua ""ngày 13 đen tối"": Thước đo giàu nghèo trong nội bộ nhân viên trở thành ""bán kịp và không bán kịp""","Phiên giao dịch thứ Sáu ngày 13/7/2007 được coi là ""ngày 13 đen tối"" của cổ phiếu FPT, khi các nhà đầu tư nước ngoài bán ra ào ạt theo phương thức khớp lệnh với tổng khối lượng lên tới trên 1 triệu cổ. Tình huống này xuất phát từ một quyết định trước đó của Tập đoàn.","Từ đầu năm đến nay, FPT đã có 27 lần đóng cửa ở mức cao nhất lịch sử (tính theo giá điều chỉnh) trong khi mới giao dịch tổng cộng 105 phiên. Vốn hóa thị trường của Tập đoàn cũng lập kỷ lục mới trên 180.000 tỷ đồng, cao hơn gần 50% so với đầu năm 2024, leo lên vị trí thứ 5 trong danh sách các công ty niêm yết lớn nhất thị trường chứng khoán Việt Nam.

Tuy nhiên, trước khi đạt cú bứt phá như hiện nay, cổ phiếu FPT từng phải trải qua thời khắc đen tối chỉ 7 tháng sau khi lên sàn chứng khoán.

Lễ niêm yết và chào mừng phiên giao dịch đầu tiên của cổ phiếu FPT trên sàn HoSE diễn ra vào 8h sáng ngày 13/12/2006. Theo cuốn ""Sử ký FPT 35 năm"", đến 8h48, khi bảng điện tử trôi dần đến dòng chữ FPT và giá khớp lệnh hiện ra con số 400.000 đồng/cổ phiếu cùng khối lượng giao dịch là 83.520 cổ, tiếng vỗ tay nổ ran trên khắp sàn giao dịch.

Chỉ trong nửa tháng, giá cổ phiếu FPT đã tăng 46 lần so với mệnh giá, tới ngày 27/2/2007 lên đỉnh ở mức 672.000 đồng/cổ phiếu – mức kỷ lục tại thời điểm đó.

Sự thăng hoa này khiến không khí trong nội bộ FPT lúc đó cực kỳ hứng khởi. Ông Hoàng Nam Tiến – Thành viên Hội đồng Sáng lập FPT – từng kể lại rằng chỉ qua một đêm sau khi Tập đoàn lên sàn chứng khoán, FPT có hơn 150 người trở thành triệu phú USD.

"" Tại Hà Nội, khắp nơi bàn về cổ phiếu. Người FPT bắt đầu chào nhau bằng câu: ""Cổ hôm nay bao nhiêu rồi?"". Người người rủ nhau đi học về cổ phiếu, chứng khoán. Hằng ngày, số lượng nhân viên FPT TP HCM kéo nhau lên các sàn giao dịch hoặc ngồi uống cà phê bên ngoài ngày càng tăng "", Lược sử FPT ghi lại.

Chủ tịch FPT Trương Gia Bình (trái) bắt tay lãnh đạo HoSE sau khi đánh cồng - nghi lễ chính thức giao dịch cổ phiếu FPT hồi năm 2006. Ảnh: Bảo tàng FPT.

Với những thành công này, tới tháng 4/2007, FPT thông qua mục tiêu trở thành tập đoàn kinh tế - công nghệ hàng đầu bằng việc triển khai mở rộng các hướng kinh doanh như bất động sản, tài chính, đào tạo nhân lực chất lượng cao, phân phối bán lẻ. Chủ tịch FPT Trương Gia Bình cho biết họ cũng đã tiến vào lĩnh vực Tài chính và Đầu tư tài chính, đồng thời có kế hoạch tham gia góp vốn thành lập Công ty Chứng khoán FPT, CTCP Quản lý Quỹ đầu tư và Ngân hàng TMCP FPT.

Quyết định này phần nào gây ảnh hưởng đến giá trị cổ phiếu của FPT. Nhiều chuyên gia tài chính cho rằng việc mở rộng hoạt động kinh doanh sang quá nhiều lĩnh vực khác là không tốt cho FPT , bởi các tập đoàn lớn thường chỉ gắn tên tuổi với một vài lĩnh vực kinh doanh chính.

"" Khác với những ngày trước đó, phiên giao dịch thứ Sáu ngày 13/07/2007 được coi là ""ngày 13 đen tối"" của cổ phiếu FPT, khi các nhà đầu tư nước ngoài bán ra ào ạt theo phương thức khớp lệnh với tổng khối lượng lên tới trên 1 triệu cổ phiếu. Tổng giá trị giao dịch của cổ phiếu FPT khi đó đạt 313 tỷ đồng, chiếm gần 50% giá trị khớp lệnh toàn thị trường.

Các cổ đông lớn của FPT đăng ký bán ra rất nhiều, đặc biệt là TPG – đơn vị sở hữu 5,4 triệu cổ phiếu – bán ra 4 triệu khiến cung vượt quá cầu, làm cổ phiếu sụt giá.

Người FPT trầm lặng. Một số người không bán kịp khi giá cổ phiếu FPT còn ở đỉnh cao, nay trở nên trầm cảm… Sau khi cổ phiếu FPT lên sàn được 6 tháng, thước đo giàu nghèo của người FPT với nhau là: bán kịp và không bán kịp "", Sử ký FPT 35 năm ghi lại.

Để chấm dứt tình trạng này, ngày 8/8/2007, tại cuộc họp HĐQT FPT, tất cả thành viên cùng cam kết không bán cổ phiếu đến hết ngày 31/12/2007 và thành lập Ban Quan hệ cổ đông trực thuộc HĐQT FPT.

Tại ĐHĐCĐ FPT thường niên ngày 30/3/2008, trước câu hỏi làm thế nào để giá cổ phiếu FPT trở lại, Chủ tịch Trương Gia Bình trả lời: "" Cách tốt nhất là chúng tôi làm việc, làm việc và làm việc để có lợi nhuận tốt nhất. Mặt khác, khi có bất cứ thông tin gì, chúng tôi sẽ thông báo đầy đủ và kịp thời tới tất cả các cổ đông trong và ngoài nước cũng như với báo chí. Tôi nghĩ bây giờ chúng ta cần sự nỗ lực và kiên nhẫn "".

Giờ đây, FPT trở thành cái tên hàng đầu trong lĩnh vực công nghệ. Ông Trương Gia Bình đánh giá các nhà đầu tư nước ngoài đang hợp tác với Việt Nam dựa trên 5 từ khoá: Trí tuệ nhân tạo, bán dẫn, xe điện, chuyển đổi số, chuyển đổi xanh.

Theo VNDirect, giá cổ phiếu FPT tăng vọt từ khi tin tức về mối quan hệ hợp tác với NVIDIA xuất hiện. MBS cũng đánh giá cái bắt tay với gã khổng lồ ngành chip đã tạo ra cú huých lớn với FPT. Việc hợp tác toàn diện với NVIDIA để thúc đẩy nghiên cứu trí tuệ nhân tạo sẽ tạo động lực tăng trưởng doanh thu dài hạn cho FPT khi AI generative đang trở thành xu thế mới trong ngành công nghệ thông tin.",2024-11-06T08:05:00+07:00,2024-06-11T08:05:00,2026-07-29T21:43:12.844284+07:00,CafeF,https://cafef.vn/truoc-khi-dua-co-dong-len-dinh-27-lan-trong-6-thang-qua-co-phieu-fpt-tung-trai-qua-ngay-13-den-toi-thuoc-do-giau-ngheo-trong-noi-bo-nhan-vien-tro-thanh-ban-kip-va-khong-ban-kip-18824061108054006.chn,https://cafef.vn/truoc-khi-dua-co-dong-len-dinh-27-lan-trong-6-thang-qua-co-phieu-fpt-tung-trai-qua-ngay-13-den-toi-thuoc-do-giau-ngheo-trong-noi-bo-nhan-vien-tro-thanh-ban-kip-va-khong-ban-kip-18824061108054006.chn,Theo Minh Anh,Thị trường chứng khoán,https://cafefcdn.com/thumb_w/1200/203337114487263232/2024/6/11/avatar1718067889304-1718067889902584605092.jpg,vi,EARNINGS,"[""EARNINGS_REPORT""]","[""FPT"", ""cổ phiếu FPT""]",13.0,"[""ticker_in_title:+1"", ""alias_in_title:+3"", ""ticker_in_summary:+1"", ""positive_entity:+1"", ""ticker_content:+3"", ""financial_terms:+2"", ""financial_metrics:+2""]",fdfe758d99226502593d13743373e2f2586b8631c9082bbb6063d2e78b8b09f3,985,accepted
cafef_fpt_20240406_bd40762d,"[""FPT""]",Công ty Cổ phần FPT,"Cổ phiếu FPT lại vượt đỉnh “như một thói quen”, giá trị tập đoàn công nghệ số 1 Việt Nam vượt VietinBank, Techcombank, VPBank","Vốn hóa của FPT chỉ kém Vietcombank, BIDV, PV Gas và Hòa Phát trong danh sách các công ty niêm yết giá trị nhất Việt Nam. Nếu tính chung toàn sàn chứng khoán, FPT sẽ xếp thứ 7, sau cả bộ đôi Viettel Global và ACV đang giao dịch trên UPCoM.","FPT:

Bất chấp thị trường chứng khoán rung lắc mạnh, cổ phiếu FPT vẫn lầm lũi đi lên lập đỉnh mới. Cổ phiếu này vừa kép lại phiên 4/6 với mức tăng 1,61% lên 139.100 đồng/cp, cao nhất từ trước đến nay (tính theo giá đóng cửa đã điều chỉnh). Đây là lần thứ 25 cổ phiếu này vượt đỉnh kể từ đầu năm 2024.

Cổ phiếu đi lên bền bỉ đẩy vốn hóa thị trường của FPT lập kỷ lục mới gần 176.700 tỷ đồng (7,3 tỷ USD), tăng 54.600 tỷ so với đầu năm. Đà bứt phá đưa tập đoàn công nghệ này vượt qua hàng loạt tên tuổi như Vingroup , Vinhomes, VietinBank , Techcombank, VPBank ,… để vươn lên vị trí thứ 5 trong danh sách các công ty niêm yết giá trị nhất thị trường chứng khoán Việt Nam.

Hiện tại, vốn hóa của FPT chỉ kém Vietcombank, BIDV, PV Gas và Hòa Phát trong danh sách các công ty niêm yết. Nếu tính chung toàn sàn chứng khoán, FPT sẽ xếp thứ 7, sau cả bộ đôi Viettel Global và ACV đang giao dịch trên UPCoM.

Đà tăng của FPT được hỗ trợ khá tích cực bởi thông tin chia cổ tức tiền mặt và phát hành tăng vốn. Theo đó, ngày 13/6 tới đây, FPT sẽ là ngày chốt danh sách cổ đông thực hiện chi trả cổ tức còn lại năm 2023 với tỷ lệ 10%. Với gần 1,27 tỷ cổ phiếu đang lưu hành, FPT dự chi khoảng 1.300 tỷ đồng cho đợt cổ tức này. Thời gian thanh toán dự kiến là 20/6, tức là chỉ 1 tuần sau khi lăn chốt.

Cùng ngày 13/6, FPT cũng sẽ chốt danh sách cổ đông thực hiện phát hành cổ phiếu để tăng vốn từ nguồn vốn chủ sở hữu. FPT sẽ phát hành thêm 190,5 triệu cổ phiếu với tỷ lệ 20:3 (cổ đông sở hữu 20 cổ phiếu sẽ nhận thêm 3 cổ phiếu mới). Nguồn vốn trích từ lợi nhuận sau thuế chưa phân phối tại ngày 31/12/2023 trên BCTC kiểm toán 2023. Sau phát hành, vốn điều lệ của FPT sẽ tăng từ 12.700 tỷ đồng lên 14.605 tỷ đồng.

Bên cạnh yếu tố cổ tức, kết quả kinh doanh tăng trưởng ổn định ở mức cao cũng là động lực thúc đẩy cổ phiếu đi lên. 4 tháng đầu năm, FPT ước đạt 18.989 tỷ đồng doanh thu và 3.447 tỷ đồng lợi nhuận trước thuế, lần lượt tăng 20,6% và 19,7% so với cùng kỳ 2023. Lợi nhuận sau thuế đạt 2.932 tỷ đồng, cũng tăng 19,7% so với cùng kỳ 2023.

Mảng Dịch vụ CNTT thị trường nước ngoài tiếp tục đà tăng trưởng ấn tượng, đạt doanh thu 9.450 tỷ đồng, tương đương với mức tăng 29,2%, dẫn dắt bởi sức tăng đến từ cả 4 thị trường. 4 tháng đầu năm, FPT thắng thầu 20 dự án lớn với quy mô trên 5 triệu USD/dự án. Tổng giá trị đơn hàng thắng thầu và đang trong giai đoạn xúc tiến ký kết tăng trưởng trên 30% so với cùng kỳ.

Thực tế, những năm qua, kết quả kinh doanh FPT liên tục tăng trưởng đều đặt và phá đỉnh, đã trở nên quen thuộc. Năm 2024, FPT đặt ra mục tiêu doanh thu 61.850 tỷ đồng (~2,5 tỷ USD) và lợi nhuận trước thuế 10.875 tỷ đồng, đều tăng khoảng 18% so với kết quả thực hiện năm 2023. Nếu hoàn thành kế hoạch đề ra, tập đoàn công nghệ này sẽ tiếp tục phá kỷ lục của năm trước.

Ngoài ra, báo cáo phân tích mới đây của VNDirect cho rằng, giá cổ phiếu FPT đã tăng vọt từ khi tin tức về mối quan hệ hợp tác với NVIDIA xuất hiện, với mức P/E hiện tại là 25,5x, cao nhất mọi thời đại. Thị trường đang phản ứng tích cực với câu chuyện bán dẫn, đặc biệt là khi các cổ phiếu liên quan đến chip bán dẫn đã được định giá lại mạnh mẽ trong những năm gần đây.

Nhìn rộng ra trên toàn cầu, VNDirect đánh giá P/E của SOX (Chỉ số Bán dẫn Philadelphia) vượt trội so với thị trường cho thấy sự quan tâm mạnh mẽ của nhà đầu tư và niềm tin vào câu chuyện bán dẫn. P/E của NVIDIA cũng đã tăng đáng kể trong năm 2023 do niềm tin của thị trường vào triển vọng tương lai của hãng, được thúc đẩy bởi các khoản đầu tư chiến lược vào các ứng dụng hỗ trợ AI vượt xa chip bán dẫn.

""Mặc dù đóng góp trực tiếp của bán dẫn hiện tại vào kết quả tài chính của FPT có thể không đáng kể, nhưng thị trường có thể sẵn sàng trả FPT một mức giá cao hơn và chờ đợi một câu chuyện xa hơn"" , báo cáo của VNDirect nhận định. Các câu chuyện liên quan đến chip bán dẫn đều khiến nhà đầu tư đánh giá công ty cao hơn.",2024-04-06T15:41:00+07:00,2024-06-04T15:41:00,2026-07-29T21:43:16.647387+07:00,CafeF,https://cafef.vn/co-phieu-fpt-lai-vuot-dinh-nhu-mot-thoi-quen-gia-tri-tap-doan-cong-nghe-so-1-viet-nam-vuot-vietinbank-techcombank-vpbank-188240604154013915.chn,https://cafef.vn/co-phieu-fpt-lai-vuot-dinh-nhu-mot-thoi-quen-gia-tri-tap-doan-cong-nghe-so-1-viet-nam-vuot-vietinbank-techcombank-vpbank-188240604154013915.chn,Hà Linh,Thị trường chứng khoán,https://cafefcdn.com/thumb_w/1200/203337114487263232/2024/6/4/photo1647516657955-1647516658076169379642-17174903958621921482896.jpg,vi,EARNINGS,"[""EARNINGS_REPORT""]","[""FPT"", ""cổ phiếu FPT""]",13.0,"[""ticker_in_title:+1"", ""alias_in_title:+3"", ""ticker_in_summary:+1"", ""positive_entity:+1"", ""ticker_content:+3"", ""financial_terms:+2"", ""financial_metrics:+2""]",f06c590f6bf5d7a04ef1c6e5c1cf460795692ed785133f3b789790136f8b3ba4,879,accepted
cafef_fpt_20240425_a91ba473,"[""FPT""]",Công ty Cổ phần FPT,"Cổ phiếu FPT lập đỉnh mới, giá trị tập đoàn cao kỷ lục, tài sản của dàn lãnh đạo “khai quốc công thần” tăng thêm hàng nghìn tỷ","Tuy nhiên, sự phát triển lớn mạnh của FPT có lẽ mới là điều đem lại niềm vui lớn nhất cho những người cống hiến cho tập đoàn từ những ngày đầu thành lập như ông Trương Gia Bình, ông Bùi Quang Ngọc hay ông Đỗ Cao Bảo.","FPT:

Những ngày cuối tháng 4/2024 chứng kiến cú bứt phá ngoạn mục của cổ phiếu FPT - tập đoàn công nghệ hàng đầu Việt Nam. Tính từ đầu tuần, thị giá FPT đã tăng 13% qua đó thiết lập đỉnh mới 123.200 đồng/cp (ngày 25/4). Giá trị vốn hóa thị trường cũng theo đó lập kỷ lục 156.500 tỷ đồng (~6,5 tỷ USD), tăng 1,4 tỷ USD so với đầu năm 2024.

Cổ phiếu FPT lên đỉnh đem lại niềm vui lớn cho cổ đông. Vui nhất có lẽ là những người sáng lập tập đoàn như Chủ tịch HĐQT Trương Gia Bình cùng 2 cộng sự lâu năm Bùi Quang Ngọc và Đỗ Cao Bảo khi phần lớn tài sản trên sàn chứng khoán đều nằm tại FPT. Ước tính theo thị giá FPT, khối tài sản của 3 cổ đông này lên đến gần 15.000 tỷ đồng, tăng gần 3.300 tỷ từ đầu năm 2024.

*Số liệu tại ngày 25/4/2024

Là những ""khai quốc công thần"" của FPT, giá trị tài sản trên sàn chứng khoán chưa hẳn điều mà các cổ đông sáng lập FPT quan tâm nhất. Sự phát triển lớn mạnh và bền vững của tập đoàn có lẽ mới là điều đem lại niềm vui lớn hơn cho những người cống hiến cho tập đoàn từ những ngày đầu thành lập như ông Trương Gia Bình, ông Bùi Quang Ngọc hay ông Đỗ Cao Bảo.

Nhìn lại lịch sử, FPT tiền thân là Công ty Công nghệ Thực phẩm, ra đời vào ngày 13/9/1988 do Giáo sư Tiến sĩ Vũ Đình Cự - Viện trưởng Viện Nghiên cứu Công nghệ Quốc gia đương nhiệm, ký quyết định thành lập. Ông Trương Gia Bình khi đó đảm nhận vị trí Giám đốc công ty. 3 chữ cái FPT là viết tắt trong tên tiếng anh thời điểm ban đầu là The Food Processing Technology Company.

Thực tế, rất nhiều người đã có đóng góp lớn cho FPT từ trước thời điểm thành lập. Trong đó, không thể không nhắc tới 13 ""công thần"" đóng vai trò quan trọng trong việc gây dựng tập đoàn. Trải qua 36 năm phát triển, đến nay còn lại 3 người là ông Trương Gia Bình, ông Bùi Quang Ngọc và ông Đỗ Cao Bảo vẫn đang tham gia vào công tác quản trị FPT.

FPT cũng đã chuyển mình trở thành công ty công nghệ hàng đầu và là một trong những tập đoàn tư nhân lớn nhất Việt Nam. Với kết quả kinh doanh tăng trưởng ổn định, bền bỉ được duy trì đều đặn đến mức kinh ngạc qua từng quý, từng năm, FPT thường được được ví von như một ""cỗ máy tăng trưởng"".

Kể từ khi cơ cấu lại mô hình hoạt động của tập đoàn năm 2018, FPT luôn duy trì doanh thu và lợi nhuận năm sau cao hơn năm trước. Năm 2023 vừa qua, tập đoàn ghi nhận doanh thu kỷ lục 52.600 tỷ đồng và lợi nhuận trước thuế cao nhất từ khi thành lập 9.200 tỷ đồng, đều tăng khoảng 20% so với năm 2022.

Bước sang năm 2024, FPT đặt ra mục tiêu doanh thu 61.850 tỷ đồng (~2,5 tỷ USD) và lợi nhuận trước thuế 10.875 tỷ đồng, đều tăng khoảng 18% so với kết quả thực hiện năm 2023. Nếu hoàn thành kế hoạch đề ra, tập đoàn công nghệ này sẽ tiếp tục phá kỷ lục của năm trước. Sau quý đầu năm, FPT đã thực hiện khoảng 23% kế hoạch đề ra.

Mới đây, FPT vừa có thêm một bước tiến lớn khi bắt tay với ""gã khổng lồ"" NVIDIA xây nhà máy trí tuệ nhân tạo. Theo thoả thuận hợp tác chiến lược toàn diện nhằm thúc đẩy nghiên cứu trí tuệ nhân tạo (AI), hai bên dự kiến xây dựng nhà máy trí tuệ nhân tạo (AI Factory), đào tạo nguồn nhân lực chất lượng cao và trở thành đối tác phát triển dịch vụ trong mạng lưới đối tác của NVIDIA.

FPT dự kiến đầu tư 200 triệu USD để xây dựng AI Factory cung cấp nền tảng điện toán đám mây phục vụ nghiên cứu phát triển AI và có chủ quyền tại Việt Nam. Nhà máy bao gồm các hệ thống siêu máy tính hoạt động trên công nghệ mới nhất của NVIDIA. Nhà máy được đánh giá sẽ góp phần nâng cao năng lực cung cấp giải pháp công nghệ cao về AI và cloud của Việt Nam trên quy mô toàn cầu, đồng thời nâng tầm nguồn nhân lực công nghệ. ""Chúng tôi cam kết đưa Việt Nam trở thành Trung tâm phát triển AI của thế giới"" , Chủ tịch FPT Trương Gia Bình khẳng định.",2024-04-25T15:24:00+07:00,2024-04-25T15:24:00,2026-07-29T21:43:18.869399+07:00,CafeF,https://cafef.vn/co-phieu-fpt-lap-dinh-moi-gia-tri-tap-doan-cao-ky-luc-tai-san-cua-dan-lanh-dao-khai-quoc-cong-than-tang-them-hang-nghin-ty-188240425151959431.chn,https://cafef.vn/co-phieu-fpt-lap-dinh-moi-gia-tri-tap-doan-cao-ky-luc-tai-san-cua-dan-lanh-dao-khai-quoc-cong-than-tang-them-hang-nghin-ty-188240425151959431.chn,Hà Linh,Thị trường chứng khoán,https://cafefcdn.com/thumb_w/1200/203337114487263232/2024/4/25/screenshot-2024-04-25-at-15-16-48-1714033080160255152143-22-0-943-1474-crop-1714033086420439704287.png,vi,EARNINGS,"[""EARNINGS_REPORT""]","[""FPT"", ""cổ phiếu FPT""]",13.0,"[""ticker_in_title:+1"", ""alias_in_title:+3"", ""ticker_in_summary:+1"", ""positive_entity:+1"", ""ticker_content:+3"", ""financial_terms:+2"", ""financial_metrics:+2""]",afa1084cd324faa26ea63ad7ab8c7555026519aa1a0c2bd13d95142e1f990650,815,accepted
cafef_fpt_20240424_b1831738,"[""FPT""]",Công ty Cổ phần FPT,"Cổ phiếu FPT giao dịch bùng nổ, vượt đỉnh lịch sử sau tin ""bắt tay"" Nvidia mở nhà máy AI","Cổ phiếu FPT vượt đỉnh cùng giao dịch rất sôi động. Khối lượng khớp lệnh trong nửa phiên sáng đã đạt hơn 3,6 triệu đơn vị, vượt trội so với thanh khoản trung bình trong 10 phiên gần nhất.","FPT:

Sau vài nhịp điều chỉnh, cổ phiếu FPT nhanh chóng lấy lại phong độ với đà tăng mạnh mẽ thời gian gần đây. Đặc biệt trong phiên 24/4, cổ phiếu đầu ngành công nghệ bứt phá 5% lên mức 118.000 đồng/cp (tính đến 10h30p), qua đó vượt đỉnh lịch sử. Vốn hóa thị trường tương ứng tăng xấp xỉ 10.000 tỷ đồng sau một phiên lên sát 150.000 tỷ đồng (~5,8 tỷ USD).

Đáng chú ý, cổ phiếu FPT vượt đỉnh cùng giao dịch rất sôi động. Khối lượng khớp lệnh trong nửa phiên sáng đã đạt hơn 3,6 triệu đơn vị, vượt trội so với thanh khoản trung bình trong 10 phiên gần nhất.

Đà tăng tích cực của cổ phiếu diễn ra sau thông tin Tập đoàn FPT và Tập đoàn Nvidia ""bắt tay"" xây nhà máy trí tuệ nhân tạo.

Cụ thể, ngày 23/4, FPT và Nvidia đã ký kết hợp tác chiến lược toàn diện nhằm thúc đẩy nghiên cứu trí tuệ nhân tạo (AI). Hai bên dự kiến xây dựng nhà máy trí tuệ nhân tạo (AI Factory), đào tạo nguồn nhân lực chất lượng cao và trở thành đối tác phát triển dịch vụ trong mạng lưới đối tác của Nvidia.

Theo biên bản ghi nhớ, FPT dự kiến đầu tư 200 triệu USD để xây dựng AI Factory cung cấp nền tảng điện toán đám mây phục vụ nghiên cứu phát triển AI và có chủ quyền tại Việt Nam. Nhà máy bao gồm các hệ thống siêu máy tính hoạt động trên công nghệ mới nhất của Nvidia.

Nhà máy được đánh giá sẽ góp phần nâng cao năng lực cung cấp giải pháp công nghệ cao về AI và cloud của Việt Nam trên quy mô toàn cầu, đồng thời nâng tầm nguồn nhân lực công nghệ.""Chúng tôi cam kết đưa Việt Nam trở thành Trung tâm phát triển AI của thế giới"", ông Trương Gia Bình, Chủ tịch FPT khẳng định tại lễ ký kết.

Trong chia sẻ mới đây, ông Đỗ Cao Bảo, Thành viên HĐQT Tập đoàn FPT cho rằng Nvidia đang là người làm chủ cuộc chơi AI trên toàn cầu, với hệ sinh thái AI lớn nhất thế giới, là trái tim đang đập của siêu chu kỳ AI, rất nhiều ông lớn về công nghệ của thế giới đang phải chờ 18 tháng mới nhận được những con chip GPU AI của Nvidia. Không phải ai muốn mua Nvidia cũng bán, họ chỉ chọn đối tác tham gia vào hệ sinh thái AI toàn cầuvà FPT là doanh nghiệp trong nước hiếm hoi được Nvidia lựa chọn hợp tác và hỗ trợ.

Bên cạnh đón nhận thông tin hỗ trợ tích cực, đà tăng của FPT được được củng cố bởi kết quả kinh doanh tích cực trong quý 1. FPT ghi nhận doanh thu thuần quý 1 đạt 14.093 tỷ đồng và lãi trước thuế 2.534 tỷ đồng, lần lượt tăng 21% và 19% so với cùng kỳ. Lãi ròng tăng 20% lên 1.798 tỷ đồng và cũng là mức lợi nhuận theo quý cao nhất trong lịch sử hoạt động của FPT.

Công ty cho biết tăng trưởng quý 1 chủ yếu do tăng trưởng của khối công nghệ, bao gồm dịch vụ công nghệ thông tin trong nước và dịch vụ công nghệ thông tin nước ngoài. Theo đó, khối này 60% doanh thu và 45% lãi trước thuế, tương ứng đóng góp 8.472 tỷ đồng và 1.155 tỷ đồng.

Trong đó, mảng dịch vụ công nghệ thông tin nước ngoài đóng góp 6,999 tỷ đồng doanh thu và 1,115 tỷ đồng lãi trước thuế, lần lượt tăng 28% và 26% so với cùng kỳ, nhờ các thị trường trọng điểm đều giữ được đà tăng trưởng cao như Nhật Bản (+44.2%) đến từ nhu cầu chi tiêu lớn cho công nghệ thông tin, đặc biệt là chi tiêu cho chuyển đổi số.

Năm 2024, FPT đặt ra mục tiêu doanh thu 61.850 tỷ đồng (~2,5 tỷ USD) và lợi nhuận trước thuế 10.875 tỷ đồng, đều tăng khoảng 18% so với kết quả thực hiện năm 2023. Với kết quả đạt được sau 3 tháng đầu năm, công ty đầu ngành công nghệ đã thực hiện khoảng 23% kế hoạch đề ra.",2024-04-24T10:34:00+07:00,2024-04-24T10:34:00,2026-07-29T21:43:21.202648+07:00,CafeF,https://cafef.vn/co-phieu-fpt-giao-dich-bung-no-vuot-dinh-lich-su-sau-tin-bat-tay-nvidia-mo-nha-may-ai-188240424103404216.chn,https://cafef.vn/co-phieu-fpt-giao-dich-bung-no-vuot-dinh-lich-su-sau-tin-bat-tay-nvidia-mo-nha-may-ai-188240424103404216.chn,Mai Chi,Thị trường chứng khoán,https://cafefcdn.com/thumb_w/1200/203337114487263232/2024/4/24/fpt-giao-dich-1713929592326653020981-0-0-544-870-crop-1713929596198329831497.jpg,vi,EARNINGS,"[""EARNINGS_REPORT""]","[""FPT"", ""Tập đoàn FPT"", ""cổ phiếu FPT""]",14.0,"[""ticker_in_title:+1"", ""alias_in_title:+3"", ""ticker_in_summary:+1"", ""positive_entity:+2"", ""ticker_content:+3"", ""financial_terms:+2"", ""financial_metrics:+2""]",b28f87c13b1e7b11e7066040df876ff0d57c4da016fc42ae3fec2713b63bb64f,742,accepted
cafef_fpt_20240228_0a71dae7,"[""FPT""]",Công ty Cổ phần FPT,"Ông Trương Gia Bình: Cổ phiếu FPT liên tục tăng trưởng từ sau 100 ngày ""giải cứu"" nghẽn lệnh trên HOSE","Tại Hội nghị triển khai nhiệm vụ phát triển thị trường chứng khoán (TTCK) năm 2024, Chủ tịch FPT gửi gửi lời tri ân Chính phủ, Bộ Tài chính, UBCKNN đã cho FPT 100 ngày ""giải cứu"" nghẽn lệnh HOSE.","Tại Hội nghị triển khai nhiệm vụ phát triển thị trường chứng khoán (TTCK) năm 2024 sáng ngày 28/2, ông Trương Gia Bình, Chủ tịch FPT gửi gửi lời tri ân Chính phủ, Bộ Tài chính, UBCKNN đã cho FPT 100 ngày ""giải cứu"" nghẽn lệnh HOSE. "" 100 ngày giải cứu đó đem lại cái nhìn mới về FPT, từ ngày đó, cổ phiếu FPT liên tục tăng trưởng "", ông Trương Gia Bình cho biết.

Trong khuôn khổ hội nghị, Chủ tịch FPT cũng nói về những thành công của chính sách ngoại giao cây tre tại Việt Nam. Theo đó, chỉ có Việt Nam mới có quan hệ ngoại giao cao nhất với Trung Quốc, Nga, Mỹ, Nhật Bản, Ấn Độ và có lẽ chỉ có Việt Nam được kinh doanh tự do, được ưu tiên, ưu đãi. Đó là cơ hội rất lớn cho cộng đồng doanh nghiệp trong nước và nước ngoài để hợp tác, làm việc.

Trong bối cảnh vị thế của Việt Nam như hiện tại, lãnh đạo FPT cho rằng TTCK của Việt Nam đã làm rất tốt trong nhiều năm nhưng chưa xứng đáng với vị thế. TTCK của Việt Nam phải lên một tầm nữa tương đương với tất cả các TTCK của các nền kinh tế thị trường lớn.

""Các TTCK lớn có gì, tác nghiệp gì thì ta cũng phải làm được như mua trước bán sau, thanh toán bù trừ,... Điều này phụ thuộc vào chính chúng ta. Các TTCK có năng lực gì thì chúng ta phải có năng lực đó. Ví dụ ở NASDAQ, AI đã tham dự vào từ năm 2016, năm 2018 ở Nhật Bản, Thái Lan năm vừa rồi bắt đầu. Chúng ta phải nâng cấp thị trường của chúng ta lên thị trường mới nổi"", ông Trương Gia Bình nhấn mạnh.

Vậy công nghệ có thể làm gì được? Công nghệ có 3 từ lớn là DGI. D là Digital. Ở Thái Lan, Bộ Tài chính nắm rất chắc công ty nào đầu tư vào công ty nào, với một quan hệ sở hữu minh bạch như vậy sẽ phát triển rất nhiều điều. Cái này chúng ta có dữ liệu rồi, chúng ta sẽ xây dựng.

Đề án 06 có quá nhiều dữ liệu, làm sao để D minh bạch và có đẳng cấp như tất cả các nước.

G là Green. Thế giới bước vào giai đoạn không làm không được, không làm không xuất khẩu được, không có báo cáo không xuất khẩu được, không làm kế toán carbon thì bị đánh thuế. Chuyển đổi xanh, chuyển đổi số là ""cặp bài trùng"", nếu làm được chúng ta mới có vốn xanh, trái phiếu xanh, tài chính xanh và đó là nguồn khổng lồ để kinh tế chúng ta phát triển và cũng là để Việt Nam hòa nhập với thế giới.

Chữ cuối cùng quan trọng nhất là I (trí tuệ nhân tạo). Đó là tương lai, AI ảnh hưởng đến kinh tế, đến chứng khoán quá lớn. Chúng ta có thể bảo vệ tài sản của Nhà nước, doanh nghiệp, người dân nhiều lần bằng cách chống gian lận.

Việt Nam có tiềm năng về cả D, G, I, lãnh đạo FPT cho rằng vấn đề cốt lõi là chúng ta có sử dụng tiềm năng công nghệ của đất nước cho phát triển nền kinh tế không.

Với vai trò của một công ty niêm yết, đại diện FPT cho rằng nhờ niêm yết trên thị trường, FPT mới dễ làm việc với các tập đoàn lớn trên thế giới. FPT sẽ tiếp tục nỗ lực phát triển công nghệ tốt nhất để phục vụ sự phát triển của TTCK, phát triển nền kinh tế và phục vụ các doanh nghiệp nói chung.",2024-02-28T14:32:00+07:00,2024-02-28T14:32:00,2026-07-29T21:43:26.119599+07:00,CafeF,https://cafef.vn/ong-truong-gia-binh-co-phieu-fpt-lien-tuc-tang-truong-tu-sau-100-ngay-giai-cuu-nghen-lenh-tren-hose-188240228133708935.chn,https://cafef.vn/ong-truong-gia-binh-co-phieu-fpt-lien-tuc-tang-truong-tu-sau-100-ngay-giai-cuu-nghen-lenh-tren-hose-188240228133708935.chn,Mai Chi,Thị trường chứng khoán,https://cafefcdn.com/thumb_w/1200/203337114487263232/2024/2/28/img1670-17090942522862020457412-17091020768221866198375-58-0-458-640-crop-1709102082911626771438.jpg,vi,COMPANY_ANALYSIS,[],"[""FPT"", ""cổ phiếu FPT""]",11.0,"[""ticker_in_title:+1"", ""alias_in_title:+3"", ""ticker_in_summary:+1"", ""positive_entity:+1"", ""ticker_content:+3"", ""financial_terms:+2""]",2ee3688bfabfa04caa02e0dac6fbf67e5e3dcaf899f9f77659df8dad20f2947e,637,accepted
cafef_fpt_20240102_f0126ce2,"[""FPT""]",Công ty Cổ phần FPT,"Coteccons lãi gần 50% với khoản đầu tư vào cổ phiếu FPT, dự phòng toàn bộ khoản phải thu 143 tỷ với Saigon Glory","Luỹ kế 6 tháng đầu niên độ, Coteccons ghi nhận 9.784 tỷ đồng doanh thu thuần, tăng gần 5% và lãi ròng 136 tỷ đồng, gấp gần 8,9 lần cùng kỳ niên độ trước.","CTD:

Theo BCTC hợp nhất quý 2 niên độ tài chính 2023-2024 của Coteccons (mã chứng khoán: CTD ), công ty này ghi nhận khoản phải thu ngắn hạn và dài hạn ở mức 12.448 tỷ đồng, chiếm đến 57% tổng tài sản. Doanh nghiệp này đã phải trích dự phòng 1.257 tỷ đồng cho khoản mục trên.

﻿Trong đó, Coteccons còn ghi nhận 1.659 tỷ đồng là nợ xấu, và trích lập dự phòng gần 1.200 tỷ đồng cho khoản nợ xấu nói trên. Một số cái tên nổi tiếng xuất hiện trong danh sách nợ xấu như công ty TNHH Saigon Glory hay công ty TNHH Đầu tư Bất động sản Ngôi Sao Việt - công ty con của Tân Hoàng Minh.

Cụ thể, Coteccons đang ghi nhận Ngôi Sao Việt thuộc nhóm Tân Hoàng Minh nợ xấu gần 484 tỷ đồng. Doanh nghiệp này là cái tên đã gắn liền với ồn ào bỏ cọc đất Thủ Thiêm hồi cuối năm 2021 - đầu năm 2022. Thời điểm ấy, Ngôi Sao Việt gây sốc khi chấp nhận trả giá đấu tới 24.500 tỷ đồng (gần 1,1 tỷ USD) cho lô đất diện tích 10.060 m2, tức 2,44 tỷ đồng cho mỗi mét vuông.

Ngoài ra công ty này cũng là một trong 3 doanh nghiệp thuộc Tân Hoàng Minh bị hủy bỏ 9 đợt chào bán trái phiếu từ tháng 7/2021 đến tháng 3/2022 với tổng trị giá 10.030 tỷ đồng.

Bên cạnh đó, Coteccons còn ghi nhận Saigon Glory nợ xấu 143 tỷ đồng. Saigon Glory được giới thiệu là chủ đầu Khu văn phòng - thương mại - căn hộ ở - khách sạn 6 sao tại Khu tứ giác Bến Thành (The Spirit of Saigon), gồm hai tòa tháp 46 tầng và 55 tầng, 214 căn hộ ở đã được cấp phép mở bán và 250 phòng khách sạn 6 sao. Tổng chi phí phát triển dự án khoảng 14.400 tỷ đồng.

﻿Doanh nghiệp này đang loay hoay với khoản nợ trái phiếu 10.000 tỷ đồng trong năm qua khi nhiều lần khất nợ. Mới đây nhất, ông Vũ Quang Hội, Chủ tịch Tập đoàn Bitexco đã có tâm thư gửi đến người sở hữu trái phiếu tại. Trong thư, Chủ tịch Tập đoàn Bitexco cũng cho biết, trong bối cảnh thực tế hiện hữu tại Saigon Glory và Dự án Tứ giác Bến Thành đang tồn tại đồng thời những nghĩa vụ pháp lý, nghĩa vụ tài chính khác của các bên liên quan dẫn đến việc xử lý tài sản bảo đảm sẽ càng khó khăn và phức tạp.

“Giải pháp tốt nhất là được quý vị đồng thuận việc gia hạn thời gian thanh toán gốc và lãi trái phiếu để có thêm thời gian cơ cấu lại được các nguồn tài chính và thúc đẩy công tác đầu tư, xây dựng và kinh doanh Dự án để sớm có nguồn thu tập trung cho việc thanh toán nghĩa vụ trái phiếu”, ông Vũ Quang Hội viết.

Cũng theo ông Vũ Quang Hội, Chủ tịch Tập đoàn Bitexco, hiện đơn vị này đã xây dựng phương án tài chính để thanh toán gốc và lãi trái phiếu cụ thể được thể hiện trong nội dung phiếu lấy ý kiến. Ông mong muốn nhận được sự đồng thuận, đồng lòng của quý vị trái chủ và biết ơn vì điều đó.﻿

Lợi nhuận của Coteccons tiếp tục tăng﻿

﻿Về tình hình kinh doanh của Coteccons trong quý 2 NĐTC 2023-2024, công ty ghi nhận doanh thu thuần 5.660 tỷ đồng, giảm 9% so với cùng kỳ. Tuy nhiên, nhờ việc các chi phí đều giảm, doanh nghiệp này báo lãi sau thuế cổ đông công ty mẹ hơn 69 tỷ đồng, gấp 3,6 lần cùng ỳ năm trước.

Luỹ kế 6 tháng đầu niên độ, Coteccons ghi nhận 9.784 tỷ đồng doanh thu thuần, tăng gần 5% và lãi ròng 136 tỷ đồng, gấp gần 8,9 lần cùng kỳ niên độ trước.

Coteccons đặt kế hoạch niên độ 2023 - 2024 (từ 1/7/2023 đến 30/6/2024) với 17.793 tỷ đồng doanh thu và lợi nhuận sau thuế đạt 274 tỷ đồng. Như vậy, sau 6 tháng, doanh nghiệp đã thực hiện được 82% chỉ tiêu doanh thu và 50% mục tiêu lợi nhuận niên độ.

Cổ phiếu FPT vừa lập đỉnh mới

Cũng theo BCTC của Coteccons, doanh nghiệp này còn ghi nhận khoản mục chứng khoán kinh doanh với tổng giá trị 222,5 tỷ đồng. Trong đó, khoản đầu tư vào cổ phiếu FPT là đáng chú ý nhất khi ghi nhận con số hợp lý là 39,6 tỷ đồng tỷ đồng tại ngày 31/12/2023. Chiếu theo mức giá của cổ phiếu trong phiên cuối năm là 96.100 đồng/cp, doanh nghiệp này đang sở hữu khoảng 412.595 cổ phiếu này.

Kết thúc phiên giao dịch ngày 1/2/2024, cổ phiếu FPT đã thiết lập đỉnh mới 99.900 đồng/cp. Như vậy, Coteccons hiện đang tạm lãi 46% khi đầu tư mua cổ phiếu FPT

Tuy nhiên, tại thời điểm cuối năm 2023 doanh nghiệp này phải trích lập dự phòng 4,5 tỷ đồng khi đầu tư vào chứng chỉ quỹ ETF KIM GROWTH VN và gần 6 tỷ đồng cho các khoản đầu tư vào công ty khác.",2024-01-02T17:06:00+07:00,2024-02-01T17:06:00,2026-07-29T21:43:30.320764+07:00,CafeF,https://cafef.vn/coteccons-ghi-nhan-hon-600-ty-dong-no-xau-tu-tan-hoang-minh-va-saigon-glory-188240201160416752.chn,https://cafef.vn/coteccons-ghi-nhan-hon-600-ty-dong-no-xau-tu-tan-hoang-minh-va-saigon-glory-188240201160416752.chn,Trọng Hiếu,Doanh nghiệp,https://cafefcdn.com/thumb_w/1200/203337114487263232/2024/2/1/avatar1706778126899-1706778127208426002561.jpg,vi,EARNINGS,"[""EARNINGS_REPORT""]","[""FPT"", ""cổ phiếu FPT""]",12.0,"[""ticker_in_title:+1"", ""alias_in_title:+3"", ""positive_entity:+1"", ""ticker_content:+3"", ""financial_terms:+2"", ""financial_metrics:+2""]",345eb35b7b1b5c9c75968e906c0ff528443f893dc7122bc46a6afa0930ce36b6,913,accepted
cafef_fpt_20230509_f83ca9c7,"[""FPT""]",Công ty Cổ phần FPT,"Loạt cổ phiếu FPT, REE, DP3, SLS...tăng hàng chục lần sau 10 năm, đâu là công thức thành công chung?",Sở hữu một cổ phiếu duy trì đà tăng đều đặn vài chục phần trăm qua nhiều năm sẽ giúp nhà đầu tư có cả gia tài.,"Phần đông nhà đầu tư khi tham gia thị trường chứng khoán đều có tâm lý muốn sinh lợi nhanh chỉ trong thời gian ngắn, dẫn tới quay vốn liên tục và khó thể nắm một khoản đầu tư tính theo đơn vị năm. Hành động của nhà đầu tư phần nào dễ hiểu trong bối cảnh thị trường luôn ghi nhận những con sóng đầu cơ với nhiều mã tăng mạnh ""bằng lần"" chỉ sau một khoảng thời gian ngắn.

Tuy nhiên, ngoài việc chỉ tập trung trading ngắn hạn và có thể chịu nhiều chi phí giao dịch, những nhà đầu tư giá trị có thể quan tâm tới những cổ phiếu cơ bản, định giá tốt, chính sách trả cổ tức tiền mặt đều đặn và tăng trưởng bền bỉ qua năm tháng lên tới cả một thập kỷ. Những khoản đầu tư này sẽ có tính dài hạn, bền vững và ổn định hơn.

Thống kê trên sàn chứng khoán Việt Nam, không quá khó khăn để tìm ra cổ phiếu có tỷ lệ tăng trưởng bình quân hằng năm (CAGR) giai đoạn 10 năm đạt trên 10% như TRA, DHG, RAL, REE, BMP,… Đặc biệt, tỷ lệ CAGR 10 năm cao trên 30%/năm ghi nhận tại FPT (30%/năm), SLS (38%/năm), CAP (38%/năm), CMG (36%) hay VHC (31%).

Ngoài ra một số cổ phiếu kể từ thời điểm lên sàn tới nay duy trì mức tăng trưởng tốt, đều đặn với vài chục phần trăm mỗi năm như như MWG (CAGR 9 năm đạt 25%/năm), DP3 (CAGR 8 năm đạt 42%/năm) hay CTR (CAGR 5 năm đạt 56%/năm).

Công thức để tìm kiếm cổ phiếu “ăn bằng lần” xuyên suốt nhiều năm là gì?

Giới đầu tư có nhiều phương pháp để lọc ra những cổ phiếu tốt trên thị trường, tuy nhiên hầu hết đều có một công thức chung đối với những mã chứng khoán tăng trưởng bền bỉ với xuyên suốt nhiều năm qua tại Việt Nam.

Thứ nhất, điểm chung lớn của những doanh nghiệp sở hữu tỷ lệ tăng trưởng bình quân hằng năm cao đều có kết quả kinh doanh tăng trưởng đều đặn đến kinh ngạc. Doanh nghiệp hoạt động kinh doanh quan trọng nhất vẫn là lợi nhuận thu về. Do đó kết quả kinh doanh đi lên cho thấy doanh nghiệp đang hoạt động hiệu quả, sử dụng tốt nguồn vốn của cổ đông để sinh lời.

Tiêu biểu nhất có thể kể tới “cỗ máy tăng trưởng” FPT. Đều đặn mỗi năm doanh nghiệp ngành công nghệ này đem về hàng nghìn tỷ đồng lợi nhuận, tăng trưởng mạnh về cả doanh thu và lãi khoảng 20% mỗi năm. Trường hợp của REE hay MWG cũng ghi nhận mức tăng trưởng tốt, lợi nhuận sau 10 năm đều leo lên ngưỡng hàng nghìn tỷ đồng.

Hay tại Dược phẩm Trung Ương 3 (DP3), biên lãi gộp của doanh nghiệp thuộc nhóm tốt nhất ngành đông dược vì có tỷ trọng doanh thu hàng tự sản xuất cao, nhờ đó lợi nhuận những gần đây duy trì đều đặn quanh ngưỡng trăm tỷ. Tương tự, cái tên hoạt động trong lĩnh vực kinh doanh vàng mã và bán sắn - Lâm Nông sản Thực phẩm Yên Bái (CAP) trong 10 năm qua gần như ghi nhận lợi nhuận tăng trưởng liên tục. Riêng với niên độ gần nhất 2021-22 (1/10/2021 - 31/9/2022), lợi nhuận sau thuế lần đầu vượt 100 tỷ, cao gấp 7 lần mức lãi của 10 năm về trước.

Thứ hai, hầu hết những cái tên kể trên duy trì chính sách cổ tức bằng tiền mặt đều đặn qua từng năm dành cho cổ đông, mức tỷ lệ đều hàng chục, thậm chí hàng trăm phần trăm. Cụ thể như SLS, kể từ khi lên sàn năm 2012, chưa năm nào doanh nghiệp ngành mía đường này ""quên"" chia cổ tức bằng tiền cho cổ đông, tỷ lệ chi trả thường xuyên trên 50% (5.000 đồng/cp), gần nhất 2022 cổ tức bằng tiền với tỷ lệ 100%. Tương tự, RAL, TRA hay VHC đều đặn mỗi năm chi cổ tức tiền mặt cho cổ đông tỷ lệ 20-25%.

Nền tảng kinh doanh tốt giúp doanh nghiệp có cơ sở để trả cổ tức cho cổ đông bằng tiền. Những cổ phiếu này đặc biệt phù hợp với chiến lược đầu tư ""săn"" cổ phiếu nhằm hưởng cổ tức thay vì sự chênh lệch giá lúc bán so với khi mua.

Thứ ba, khi quan sát những cổ phiếu tăng trưởng đều đặn nhiều năm, có thể nhận thấy rằng các doanh nghiệp gần như không có các hoạt động chào bán cổ phiếu tăng vốn điều lệ thông qua phát hành riêng lẻ hay chào bán cho cổ đông hiện hữu. Nếu có triển khai cũng tương đối hạn chế và sử dụng với mục đích phù hợp. Điều này giúp giá cổ phiếu giữ được mức tăng trưởng tốt thay vì cổ đông phải lo lắng về câu chuyện “in giấy lấy tiền” pha loãng giá.

Thứ tư , cùng với việc đảm bảo sự tăng trưởng vững chắc về kết quả kinh doanh,các doanh nghiệp cũng cân bằng giữa lợi ích của cổ đông, nhà đầu tư đi kèm thực hiện các trách nhiệm xã hội. Một doanh nghiệp muốn phát triển không chỉ cần hấp dẫn với nhà đầu tư rót vốn mà còn tới tự sự đồng lòng của tập thể cán bộ nhân viên. Ngoài duy trì hoạt động trả cổ tức tiền mặt đều đặn hàng năm, các doanh nghiệp cũng có những chính sách ưu đãi, lương thưởng, phát hành cổ phiếu ESOP với giá ưu đãi như MWG hay FPT. Những chính sách tri ân này không thực hiện quá đà, giúp thúc đẩy người lao động cống hiến cho công ty và vẫn đủ đảm bảo cân bằng với lợi ích cổ đông.

Đồng thời, nhiều cái tên cũng luôn chú trọng đến các hoạt động hỗ trợ cộng đồng dựa trên chính thế mạnh của mình và đảm bảo mang đến những lợi ích tốt nhất cho các bên liên quan. Tập đoàn FPT thường xuyên tổ chức các hoạt động đầu tư cho giáo dục và thế hệ trẻ thông qua xây trường học, tài trợ học bổng hay các giải pháp bảo vệ môi trường. Tương tự, Imexpharm (IMP) cũng coi trọng sự phát triển bền vững không bao giờ tách rời khỏi lợi ích của cộng đồng bằng các hoạt động có trách nhiệm như bảo vệ môi trường, chăm sóc những người yếu thế trong xã hội và đồng hành cùng học bổng khuyến học, khuyến tài liên tục nhiều năm.

Cuối cùng , theo danh sách thống kê, hầu hết những cổ phiếu có tỷ lệ tăng trưởng bình quân hằng năm cao trong giai đoạn 10 năm gần đây hoạt động trong các lĩnh vực sản xuất, công nghệ , gần như vắng bóng những cái tên thuộc nhóm tài chính hay bất động sản. Có thể điều này xuất phát từ đặc thù mô hình hoạt động của các ngân hàng, công ty tài chính hay doanh nghiệp bất động sản cần nhiều vốn lớn, dẫn đến việc phải giữ lại lợi nhuận để đầu tư trở lại do đó hạn chế trả cổ tức bằng tiền mặt. Trong khi đó, các doanh nghiệp sản xuất cơ bản có dòng tiền đều đặn, tạo điều kiện để dành nhiều tiền chi trả trực tiếp hàng năm cho cổ đông.

Tỷ suất nhiều người “chê” nhưng có thể biến thành cả gia tài nhờ lãi kép

Với phần đông nhà đầu tư ở thời điểm này, để kiếm lợi nhuận 20% hay 30%, thậm chí 40% trên thị trường chứng khoán là điều không khó, thậm chí đây là con số mà không ít nhà đầu tư ""chê"" thấp. Tuy nhiên, để duy trì mức sinh lời đều đặn qua từng năm là điều không hề dễ dàng. Việc đạt mức sinh lợi nhuận đều đặn từ 20% đến 30%/năm sẽ giúp nhà đầu tư có cả gia tài khổng lồ sau nhiều năm đầu tư. Điều này đến từ sự hiệu quả của công thức lãi kép. Thiên tài Albert Einstein từng nói ""Lãi suất kép là kỳ quan thứ 8 của thế Giới. Ai hiểu được nó từ đó sẽ kiếm được tiền, còn những ai không hiểu…sẽ phải trả giá cho nó"".

Để hình dung rõ hơn mức tăng trưởng đều đặn cả chục năm đem lại thành quả lớn ra sao, có thể ví dụ một khoản đầu tư 1 tỷ đồng ban đầu. Căn cứ trên công thức lãi kép, nếu duy trì tỷ suất ở mức 10% mỗi năm và liên tục tái đầu tư thì sau 10 năm, số tiền có được là gần 3 tỷ đồng. Cũng với giả định trên, tỷ suất 30% mỗi năm sẽ giúp số vốn đầu tư ban đầu 1 tỷ đồng trở thành 14 tỷ đồng chỉ sau một thập kỷ, 40% sẽ trở thành 29 tỷ đồng. Con số có thể lên tới hàng nghìn tỷ nếu nhà đầu tư liên tục tái đầu tư và nắm giữ trong 2-3 thập kỷ.

Huyền thoại đầu tư Warren Buffett cũng là một fan trung thành của lãi kép và điều này đã đưa ông trở thành một trong những người giàu nhất thế giới. Warren Buffett nắm quyền kiểm soát tập đoàn Berkshire Hathaway vào năm 1965. Tại thời điểm cuối tháng 6/2023, tổng tài sản của Berkshire Hathaway đạt 1.041 tỷ USD. Theo thống kê, tỷ lệ sinh lời bình quân giai đoạn 1965 – 2022 của tập đoàn đạt xấp xỉ 20%, tương ứng tỷ lệ tăng trưởng lũy kế gần 6 thập kỷ lên tới gần 3.800.000%.",2023-05-09T00:01:00+07:00,2023-09-05T00:01:00,2026-07-29T21:43:53.395931+07:00,CafeF,https://cafef.vn/loat-co-phieu-fpt-ree-dp3-slstang-hang-chuc-lan-sau-10-nam-dau-la-cong-thuc-thanh-cong-chung-188230904233310749.chn,https://cafef.vn/loat-co-phieu-fpt-ree-dp3-slstang-hang-chuc-lan-sau-10-nam-dau-la-cong-thuc-thanh-cong-chung-188230904233310749.chn,Phương Linh,Thị trường chứng khoán,https://cafefcdn.com/thumb_w/1200/203337114487263232/2023/9/4/avatar1693845128075-1693845128303805674200.png,vi,MULTI_COMPANY_NEWS,[],"[""FPT"", ""Tập đoàn FPT"", ""cổ phiếu FPT""]",7.0,"[""ticker_in_title:+1"", ""alias_in_title:+3"", ""positive_entity:+2"", ""ticker_content:+3"", ""financial_terms:+2"", ""financial_metrics:+2"", ""many_tickers:-3"", ""multi_company_news:-3""]",0b7a4b0e1ea769725a0c39af3b7e265ba198b8941cd0d1aac38caaab8336249b,1674,accepted
cafef_fpt_20221007_827888aa,"[""FPT""]",Công ty Cổ phần FPT,Hơn 182 triệu cổ phiếu FPT giao dịch từ ngày 19/7,"Số cổ phiếu FPT mới sẽ được niêm yết bổ sung ngày 11/7, ngày giao dịch đầu tiên là 19/7.","FPT:

Sở giao dịch chứng khoán TP HCM chấp thuận cho tập đoàn (FPT Retail, HoSE: FPT ) niêm yết bổ sung gần 182,8 triệu cổ phiếu từ ngày 11/7. Lượng cổ phiếu này sẽ giao dịch ngày đầu tiên vào 19/7. Số cổ phiếu trên đã được FPT phát hành trong đợt trả cổ tức 2021 tỷ lệ 20%. Vốn điều lệ tăng từ 9.142 tỷ đồng lên 10.970 tỷ đồng.

Ngoài việc trả cổ tức bằng cổ phiếu, công ty cũng trả thêm bằng tiền mặt theo tỷ lệ 10%, tức mỗi cổ phiếu nhận thêm 1.000 đồng. Với 914 triệu cổ phiếu đang lưu hành, doanh nghiệp dự chi 914 tỷ đồng để thanh toán cổ tức tiền mặt, đã được thanh toán vào ngày 27/6.

Kết phiên giao dịch 8/7 cổ phiếu FPT có giá 83.600 đồng/cp, tăng 9% so với đầu năm. Tuy nhiên, so với mức đỉnh lịch sử 96.290 đồng, vào giữa tháng 4, thị giá cổ phiếu này đã giảm 13,2%.

Thị giá cổ phiếu FPT.

5 tháng đầu năm, FPT ghi nhận doanh thu thuần 16.227 tỷ đồng, lãi sau thuế 2.598 tỷ đồng; lần lượt tăng 22,2% và 30,6% so với cùng kỳ năm trước. Tính riêng trong tháng 5, doanh thu của công ty đạt 3.236 tỷ đồng, tăng 13,6 % so với tháng 5/2021; lợi nhuận sau thuế tăng 25,1% lên 517 tỷ đồng.

Trong 5 tháng đầu năm, doanh thu mảng công nghệ đạt 9.159 tỷ đồng, tăng 23,5% so với cùng kỳ năm trước và chiếm 56% tổng doanh thu. Lãi trước thuế mảng này là 1.045 tỷ đồng, tăng 23,4%. Tăng trưởng doanh thu dịch vụ chuyển đổi số là 78%, trong đó doanh thu đến từ dịch vụ điện toán đám mây (Cloud) đạt mức 70 triệu USD, chiếm 56% doanh thu từ chuyển đổi số.

Mảng xuất khẩu phần mềm ghi nhận doanh thu 7.006 tỷ đồng, tương đương với mức tăng 29%, đóng góp bởi sức tăng đến từ thị trường Mỹ (tăng 55.6%) và APAC (tăng 57%). Thị trường Nhật Bản cũng chứng kiến sức phục hồi với mức tăng trưởng doanh thu nội tệ đạt gần 20% (tuy nhiên do đồng Yên Nhật mất giá, tăng trưởng doanh thu theo tiền đồng chỉ đạt 5.2%). Khối lượng đơn hàng ký mới tại thị trường nước ngoài tăng 36.6% đạt mức 10.168 tỷ đồng.

Mảng viễn thông ghi nhận doanh thu 5.822 tỷ đồng, tăng 15,2% và chiếm 36% tổng doanh thu tập đoàn; lợi nhuận trước thuế 1.181 tỷ đồng, tăng 19,2%. Nhờ lợi nhuận từ PayTV tăng trưởng tốt, biên lợi nhuận của mảng này được cải thiện từ 19.6% lên 20.3%. Mảng giáo dục, đầu tư và khác ghi nhận doanh thu 1.245 tỷ đồng, lãi trước thuế 506 tỷ đồng, lần lượt tăng 54,1% và 44,5% so với cùng kỳ năm trước.",2022-10-07T12:47:04+07:00,2022-07-10T12:47:04,2026-07-29T21:44:00.230730+07:00,CafeF,https://cafef.vn/hon-182-trieu-co-phieu-fpt-giao-dich-tu-ngay-19-7-20220710122207666.chn,https://cafef.vn/hon-182-trieu-co-phieu-fpt-giao-dich-tu-ngay-19-7-20220710122207666.chn,Theo Việt Hưng,Thị trường chứng khoán,https://cafefcdn.com/thumb_w/1200/203337114487263232/2022/7/10/photo1657430650791-16574306509271635812677.jpg,vi,EARNINGS,"[""EARNINGS_REPORT""]","[""FPT"", ""cổ phiếu FPT"", ""HoSE: FPT""]",14.0,"[""ticker_in_title:+1"", ""alias_in_title:+3"", ""ticker_in_summary:+1"", ""positive_entity:+2"", ""ticker_content:+3"", ""financial_terms:+2"", ""financial_metrics:+2""]",6f373d81c4d4bd54383e2cdfd3fc476f54b1e7608c133f158508d80c8612c35e,521,accepted
cafef_fpt_20211229_aa1cb739,"[""FPT""]",Công ty Cổ phần FPT,"Liên tục ""lướt sóng"", Dragon Capital đã bán gần 1,4 triệu cổ phiếu FPT và không còn là cổ đông lớn","Sau giao dịch này, Dragon Capital giảm tỷ lệ sở hữu từ 5,05% xuống 4,9% và rời khỏi ghế cổ đông lớn tại FPT.","FPT:

Nhóm quỹ Dragon Capital vừa thông báo đã bán xong gần 1,4 triệu cổ phiếu Hòa Phát (HPG) trong phiên ngày 23/12. Sau giao dịch, nhóm quỹ này giảm số lượng cổ phiếu nắm giữ từ 45,8 triệu cp xuống 44,4 triệu cổ phiếu, tương đương tỷ lệ sở hữu từ 5,05% xuống 4,9% và không còn là cổ đông lớn tại FPT.

Chiếu theo thị giá FPT chốt phiên ngày 23/12 là 93.200 đồng/cp, Dragon Capital có thể đã thu về khoảng 129 tỷ đồng sau khi hoàn tất thương vụ bán cổ phiếu này

Trong các quỹ Dragon Capital quản lý, Vietnam Enterprise Investment Limited đang nắm giữ lượng lớn nhất với hơn 11,5 triệu đơn vị, tương đương gần 1,27% vốn tại FPT. Tiếp sau là CTBC Vietnam Equity Fund với việc sở hữu gần 7,6 triệu cổ phiếu FPT, tương đương tỷ lệ sở hữu 0,835% vốn điều lệ.

Đáng chú ý, Dragon Capital có động thái ""lướt sóng"" cổ phiếu FPT khi liên tục thực hiện mua vào bán ra cổ phiếu. Cụ thể, nhóm quỹ này vừa bán ra 1,5 triệu cổ phiếu FPT trong phiên ngày 15/12 và thu về vào khoảng gần 144 tỷ đồng. Sau giao dịch, tỷ lệ sở hữu của Dragon Capital giảm từ 5,16% vốn xuống còn 4,99% vốn điều lệ, chính thức rời ghế cổ đông lớn tại FPT.

Tuy nhiên, ngay trong phiên 16/12, một nhóm quỹ Dragon Capital lại tiếp tục mua vào 206.500 cổ phiếu FPT, từ đó nâng tỷ lệ sở hữu từ 4,99% lên 5,013% và trở lại ghế cổ đông lớn chỉ sau một ngày.

Trên thị trường, cổ phiếu FPT đang điều chỉnh giảm xuống mốc 94.000 đồng trong phiên sáng 29/12.

Về tình hình kinh doanh, FPT vừa công bố kết quả kinh doanh 11 tháng đầu năm với doanh thu đạt 31.800 tỷ đồng và lợi nhuận trước thuế 5.850 tỷ đồng, tăng lần lượt 20,6% và 19,7% so với cùng kỳ năm trước, tương đương 102% và 104% kế hoạch năm.

Lợi nhuận sau thuế cho cổ đông công ty mẹ và EPS lần lượt đạt 3.942 tỷ đồng và 4.351 đồng, tăng 19,9% và 19,3%, tương đương 104% kế hoạch. Như vậy, tính riêng tháng 11, FPT đạt doanh thu 3.585 tỷ đồng, tăng 32% và lợi nhuận sau thuế 546 tỷ đồng, tăng 22% so với cùng kỳ năm trước.",2021-12-29T13:42:25+07:00,2021-12-29T13:42:25,2026-07-29T21:44:06.439729+07:00,CafeF,https://cafef.vn/lien-tuc-luot-song-dragon-capital-da-ban-gan-14-trieu-co-phieu-fpt-va-khong-con-la-co-dong-lon-2021122911202359.chn,https://cafef.vn/lien-tuc-luot-song-dragon-capital-da-ban-gan-14-trieu-co-phieu-fpt-va-khong-con-la-co-dong-lon-2021122911202359.chn,Minh Minh,Thị trường chứng khoán,https://cafefcdn.com/thumb_w/1200/203337114487263232/2021/12/29/photo1640751446870-16407514470101745039557.jpg,vi,EARNINGS,"[""EARNINGS_REPORT""]","[""FPT"", ""cổ phiếu FPT""]",13.0,"[""ticker_in_title:+1"", ""alias_in_title:+3"", ""ticker_in_summary:+1"", ""positive_entity:+1"", ""ticker_content:+3"", ""financial_terms:+2"", ""financial_metrics:+2""]",56ea752f914f766574e79b13985f88f24175e747b776f638f7a1c7c94e45b216,438,accepted
cafef_fpt_20210726_fae97f5e,"[""FPT""]",Công ty Cổ phần FPT,Cổ phiếu FPT có thể lập đỉnh mới?,"Cổ phiếu FPT đã tăng giá gần 75% kể từ đầu năm tới nay, phần nào phản ánh kết quả kinh doanh tích cực của doanh nghiệp cũng như kỳ vọng của nhà đầu tư. Đâu là động lực giúp cổ phiếu này có đà tăng tốc ấn tượng trong thời gian qua và có thể duy trì tăng trưởng trong dài hạn?","Nhà đầu tư hưởng quả ngọt với cổ phiếu FPT

Kể từ đầu năm tới nay, cổ phiếu của CTCP FPT (mã FPT – sàn HOSE) thu hút sự chú ý khi liên tiếp lập đỉnh cao mới với đà tăng gần 75%, chốt phiên giao dịch cuối tuần trước (23/7) ở mức 90.500 đồng/cổ phiếu. Đà tăng này vượt trội so với mức tăng 27,6% của chỉ số VN-Index và 42,8% của nhóm cổ phiếu VN30 trong cùng giai đoạn.

Đáng chú ý, trong 2 tuần qua, khi thị trường giảm điểm mạnh, cổ phiếu FPT chỉ điều chỉnh nhẹ và rất nhanh đã quay lại vùng gần đỉnh ngắn hạn 92.700 đồng/cổ phiếu. Điều đó cho thấy, xét về tương quan giá, cổ phiếu FPT đang thuộc nhóm cổ phiếu dẫn sóng khi điều chỉnh nhẹ hơn và bật tăng nhanh hơn thị trường.

Diễn biến giá cổ phiếu FPT và chỉ số VN-Index kể từ đầu năm

Đà tăng trưởng tích cực của cổ phiếu trong nửa đầu năm một phần xuất phát từ động lực leo dốc chung của thị trường chứng khoán, khi dòng tiền hưng phấn liên tục rót vào đẩy chỉ số VN-Index vượt ngưỡng lịch sử 1.200 điểm, có thời điểm phá mốc 1.400 điểm.

Thanh khoản tăng kỷ lục, dòng vốn chi phí thấp nhờ mặt bằng lãi suất hạ xuống đã khuyến khích các nhà đầu tư gia nhập thị trường. Trong đó, FPT thu hút sự chú ý của dòng tiền với các yếu tố nổi trội: cổ phiếu công nghệ hàng đầu trong nước, duy trì tốc độ tăng trưởng 2 con số trong nhiều năm, chiến lược tập trung vào lĩnh vực mũi nhọn là công nghệ - vốn được hưởng lợi từ đại dịch Covid-19 khi các doanh nghiệp buộc phải số hoá, ứng dụng công nghệ để sinh tồn, đảm bảo kinh doanh không gián đoạn và gia tăng hiệu quả hoạt động.

Giá cổ phiếu tăng phản ánh kỳ vọng của giới đầu tư và kết quả hoạt động kinh doanh của FPT phần nào chứng minh đây là nhận định đúng. 6 tháng đầu năm 2021, FPT ghi nhận doanh thu 16.228 tỷ đồng, lợi nhuận trước thuế 2.936 tỷ đồng, lần lượt tăng 19,2% và 20,9% so với cùng kỳ năm trước. Kết quả kinh doanh duy trì tăng trưởng hai con số với động lực chính tới từ tốc độ tăng trưởng mảng công nghệ và cải thiện biên lợi nhuận mảng viễn thông.

Mảng công nghệ là điểm nhấn tăng trưởng dài hạn

6 tháng đầu năm 2021, lợi nhuận trước thuế của FPT tăng 20,9%, đạt 2.936 tỷ đồng. Tập đoàn cho biết, khối công nghệ tiếp tục giữ vai trò chủ chốt khi đóng góp 56% doanh thu và 44% lợi nhuận trước thuế, tương đương 9.098 tỷ đồng và 1.306 tỷ đồng. Trong đó, quý II/2021, giá trị đơn hàng ký mới mảng công nghệ đã tăng 43,9% so với cùng kỳ, đạt 5.848 tỷ đồng.

Ngoài ra, lĩnh vực viễn thông và giáo dục cũng ghi nhận kết quả khả quan với doanh thu tăng lần lượt 12,1% và 53% nửa đầu năm.

Biên lợi nhuận ròng của FPT liên tục cải thiện. Nguồn: BCTC - Đơn vị: Tỷ VNĐ

Biên lợi nhuận của FPT liên tục cải thiện kể từ năm 2018 cho tới nay nhờ việc tập trung vào mảng cốt lõi công nghệ. Trong đó, điểm sáng của mảng công nghệ là hoạt động chuyển đổi số (DX). Cụ thể, doanh thu chuyển đổi số đạt 2.116 tỷ đồng, tăng 19,3%. Chưa kể, doanh thu hợp đồng ký mới tăng trưởng trên 35% cả thị trường trong và ngoài nước, cho thấy nhu cầu đầu tư công nghệ ở mức cao và đảm bảo khối lượng công việc cho FPT trong thời gian tới.

Đáng chú ý, để nhanh chóng tiếp cận nhóm doanh nghiệp nhỏ và vừa (SME), hiện chiếm 98% tổng số doanh nghiệp cả nước, trong tháng 5/2021, FPT đã trở thành cổ đông chiến lược của Base.vn – một startup về nền tảng quản trị doanh nghiệp nhằm tạo sức mạnh cộng hưởng, hoàn thiện hệ sinh thái chuyển đổi số toàn diện cho 800.000 doanh nghiệp Việt Nam.

Bên cạnh triển vọng trong dài hạn lĩnh vực công nghệ, tính tới 31/3/2021, FPT đang sở hữu quỹ tiền và đầu tư tài chính là 19.220,4 tỷ đồng, chiếm tới 43,2% tổng tài sản. Trong khi đó, tổng vay nợ ngắn hạn và dài hạn chỉ là 16.479,1 tỷ đồng, chiếm 37,1% tổng tài sản. Như vậy, doanh nghiệp đang sở hữu một lượng tiền ròng tương đối tốt.

Ngoài ra, dòng tiền hoạt động kinh doanh cốt lõi giai đoạn 2017 - 2020 duy trì dương và gia tăng theo thời gian. Lũy kế 4 năm, hoạt động kinh doanh chính đã tạo ra 15.814,9 tỷ đồng. Nhờ tình hình kinh doanh ổn định, tăng trưởng đều đặn, FPT duy trì chính sách cổ tức tiền mặt hấp dẫn cho nhà đầu tư.

Đa phần các CTCK đều đưa khuyến nghị khả quan đối với giá cổ phiếu FPT. Trong đó, MBS đưa ra giá mục tiêu là 109.000 đồng/cổ phiếu, cao hơn 22,5% giá thị trường; CTCK Rồng Việt (VDSC) đưa ra giá mục tiêu 108.800 đồng/cổ phiếu.

Biểu đồ cổ phiếu FPT

Xét về phân tích kỹ thuật, cổ phiếu FPT đang bước vào giai đoạn Up Trend dài hạn, liên tục vượt các vùng đỉnh và đây là mô hình cổ phiếu tăng trưởng điển hình.

Sử dụng chỉ báo Fibonacci Extension trên giả định xu hướng tăng sẽ giúp tính được các điểm dừng ngắn hạn. Trong đó, dài hạn, cổ phiếu có thể về vùng định giá 131.520 đồng/cổ phiếu. Tuy nhiên, trong ngắn hạn, trước khi hướng tới giá mục tiêu, cổ phiếu cần phải test các vùng kháng cự 97.830 đồng, 106.720 đồng, 113.910 đồng, 121.090 đồng, 131.330 đồng/cổ phiếu…

Như vậy, dù đã tăng giá khá mạnh trong giai đoạn 6 tháng đầu năm, nhưng với các động lực tới từ kết quả kinh doanh tích cực, giá trị các hợp đồng ký lớn và triển vọng tăng trưởng mạnh mẽ lĩnh vực công nghệ, kịch bản cổ phiếu tiếp tục lập đỉnh cao mới sau giai đoạn tích luỹ vừa qua là khả quan.",2021-07-26T08:00:00+07:00,2021-07-26T08:00:00,2026-07-29T21:44:13.260939+07:00,CafeF,https://cafef.vn/co-phieu-fpt-co-the-lap-dinh-moi-20210724131458899.chn,https://cafef.vn/co-phieu-fpt-co-the-lap-dinh-moi-20210724131458899.chn,Ánh Dương,Thị trường chứng khoán,https://cafefcdn.com/thumb_w/1200/pr/2021/photo-1-16270994311021188544167-119-0-1368-2000-crop-1627099453656-63762729298993.jpg,vi,BROKER_RECOMMENDATION,"[""BROKER_RECOMMENDATION""]","[""FPT"", ""cổ phiếu FPT"", ""mã FPT""]",14.0,"[""ticker_in_title:+1"", ""alias_in_title:+3"", ""ticker_in_summary:+1"", ""positive_entity:+2"", ""ticker_content:+3"", ""financial_terms:+2"", ""financial_metrics:+2""]",4bea5eaff9e2d856d3a4f10d77a90242152c4622c8ee8f45fdef3352af1aeca3,1123,accepted
cafef_fpt_20210403_5719edc9,"[""FPT""]",Công ty Cổ phần FPT,Điều gì khiến cổ phiếu FPT liên tục phá đỉnh?,"Chỉ trong 2 tháng đầu năm, cổ phiếu của Tập đoàn FPT (HOSE: FPT) liên tục phá đỉnh và trở thành tâm điểm của giới đầu tư. Mã này tăng 31,8%, từ 59.100 đồng/cp (31/12/2020) lên 77.900 đồng/cp kết phiên 2/3, cao hơn so với mức 11,3% của VN30. Điều gì đã giúp bluechip này liên tục thiết lập vùng đỉnh lịch sử mới?","Cổ phiếu FPT tăng giá trong nhiều tháng liên tiếp. Nguồn: TradingView

Đánh giá trong tổng thể dài hạn, FPT đã tăng trưởng giá trị trong 7 tháng liên tiếp. Đây cũng được xem là giai đoạn tăng giá mạnh nhất của cổ phiếu này trong nhiều năm gần đây. Nhờ vào chuỗi tăng giá bền bỉ mà các nhà đầu tư dài hạn đã gặt hái được rất nhiều thành quả to lớn. Điển hình là với những ai nắm giữ mã cổ phiếu này kể từ đầu năm 2017 đến thời điểm hiện tại sẽ có gấp gần 4 lần tài khoản từ vùng giá điều chỉnh (20.000 đồng/cp).

Độ ""hot"" của cổ phiếu này có thể được giải thích qua cơ cấu cổ đông và triển vọng kinh doanh tích cực của công ty công nghệ hàng đầu Việt Nam.

Cơ cấu cổ đông cô đặc với nhiều quỹ ngoại lớn nắm giữ

Trong nhiều năm qua, FPT luôn là tâm điểm của NĐT nước ngoài. Tình trạng hết ""room"" ngoại khiến các NĐT ngoại không thể gia tăng sở hữu thêm tại FPT. Tính đến ngày 2/3, NĐT nước ngoài đang nắm giữ 384,1 triệu cổ phiếu FPT, tương đương 49% vốn điều lệ.

Theo quan sát, mã FPT luôn có mặt trong nhóm những khoản đầu tư lớn nhất của các quỹ ngoại hàng đầu thị trường. Tính đến cuối tháng 1, quỹ VEIL do Dragon Capital quản lý phân bổ 4,18% danh mục giá trị 2 tỷ USD vào FPT. Danh sách cổ đông của FPT còn có hàng loạt các quỹ lớn khác như GIC của Chính phủ Singapore, Vietnam Holdings, Keyrock Capital…

Tình trạng kín room ngoại khiến NĐT phải trả thêm phí thưởng (premium) để giao dịch. Tháng 8 năm ngoái, công ty quản lý quỹ lớn nhất TTCK Việt Nam – Dragon Capital đưa ra mức premium là 20% với FPT. Trước đó, quỹ ngoại PXP Vietnam còn đưa ra mức premium 30% với cổ phiếu này. Điều đó có nghĩa là NĐT ngoại đang trả giá cao hơn thị giá trên sàn 20-30% để có thể giao dịch.

Đáng chú ý, tại thời điểm đó, mức premium của Dragon Capital đưa ra cho FPT cao hơn hàng loạt các bluechip nhóm ngân hàng như TCB, VPB, MBB và ACB. Đặc biệt, trong năm vừa qua, nhiều quỹ đầu tư thụ động ETF mô phỏng theo chỉ số VN Diamond (chỉ số theo dõi các công ty lớn có tỷ lệ nắm giữ của NĐT ngoại tối thiểu 95% hạn mức room ngoại được phép) cũng liên tục tăng vốn, tạo ra dòng tiền lớn vào các cổ phiếu hết room như FPT.

Triển vọng kinh doanh tươi sáng, FPT là tâm điểm của giới phân tích trong nước

Không chỉ là khẩu vị ưa thích của các quỹ ngoại, ""hiện tượng"" FPT còn là tâm điểm phân tích của nhiều CTCK nội.

Đa phần phân tích của các CTCK đưa ra triển vọng kinh doanh tích cực với FPT. Khối phân tích của SSI dự báo doanh thu thuần và lợi nhuận trước thuế của công ty tăng trưởng 20% và 22% trong năm 2021.

Trong khi đó VCSC nâng giá mục tiêu của FPT với góc nhìn kinh doanh khả quan. ""Chúng tôi cho rằng FPT sẽ hưởng các lợi ích hậu dịch COVID-19 khi Công nghệ thông tin, đặc biệt là chuyển đổi số (DX) trở nên cần thiết hơn trong hoạt động, tính liên tục và chiến lược kinh doanh"", báo cáo nêu.

VNDirect đưa ra nhận định DX sẽ là mảng giúp FPT cải thiện biên lợi nhuận gộp trong năm 2021.

Cụ thể hơn, VNDirect dự phóng doanh thu mảng công nghệ của FPT tăng 22,9% trong năm 2021, đạt 20.655 tỷ đồng và sẽ vượt 1 tỷ USD trong năm 2022 nhờ hoạt động mảng DX. Trong đó, ước tính doanh thu DX năm 2021 đạt 4.303 tỷ đồng, tăng 33,7% so với cùng kỳ.

Cuối tháng 2 vừa qua, FPT chính thức thành lập công ty con mang tên FPT Digital với mục tiêu cung cấp dịch vụ tư vấn về DX toàn diện nhằm hoàn thành chuỗi giá trị dịch vụ công nghệ thông tin. Từ đó cho thấy FPT đang đẩy mạnh tập trung phát triển mảng kinh doanh chiến lược này, khối phân tích VNDirect nhận định.

Nói thêm về hoạt động kinh doanh cốt lõi, VCSC cho rằng năng lực công nghệ cải thiện của FPT sẽ giúp củng cố tăng trưởng mảng xuất khẩu phần mềm trong bối cảnh chi tiêu CNTT toàn cầu dự kiến phục hồi trong năm 2021.

Dữ liệu thực tế cho thấy, doanh thu sản phẩm phần mềm Made-by-FPT và ký mới khối công nghệ tăng trưởng mạnh trong năm 2020 với tỷ lệ lần lượt là 51% (đạt 500 tỷ đồng) và 23% (đạt 18.870 tỷ đồng).

Tại thị trường trong nước, FPT đang khẳng định vị thế dẫn dắt chuyển đổi số quốc gia, là đối tác tư vấn chiến lược – triển khai DX cho các công ty hàng đầu lĩnh vực tài chính-ngân hàng, sản xuất, bất động sản, viễn thông, nông nghiệp như Điện lực TPHCM, HomeCredit, Thiên Long, Thủy sản Minh Phú, Vinfast, Hưng Thịnh, MobiFone, AA Corporation…

Trên thị trường quốc tế, năng lực cạnh tranh của FPT được nâng tầm thông qua việc giành hàng loạt hợp đồng giá trị cao như trở thành đối tác CĐS của hãng ô tô lớn hàng đầu tại Mỹ (150 triệu USD) hay hợp đồng 100 triệu USD tư vấn và triển khai CĐS cho Tập đoàn Dầu khí quốc gia Malaysia.",2021-04-03T17:30:00+07:00,2021-03-04T17:30:00,2026-07-29T21:44:17.010430+07:00,CafeF,https://cafef.vn/dieu-gi-khien-co-phieu-fpt-lien-tuc-pha-dinh-20210304172031885.chn,https://cafef.vn/dieu-gi-khien-co-phieu-fpt-lien-tuc-pha-dinh-20210304172031885.chn,Ánh Dương,Thị trường chứng khoán,https://cafefcdn.com/thumb_w/1200/pr/2021/1614847027054-0-0-375-600-crop-1614847033270-63750475232016.jpg,vi,MULTI_COMPANY_NEWS,[],"[""FPT"", ""Tập đoàn FPT"", ""cổ phiếu FPT"", ""mã FPT"", ""HoSE: FPT""]",9.0,"[""ticker_in_title:+1"", ""alias_in_title:+3"", ""ticker_in_summary:+1"", ""positive_entity:+3"", ""ticker_content:+3"", ""financial_terms:+2"", ""financial_metrics:+2"", ""many_tickers:-3"", ""multi_company_news:-3""]",140bb5847ca63290ce2ac15740910114a3f8239e17710023976a0955193c6b59,968,accepted
cafef_fpt_20201130_b8a5e30c,"[""FPT""]",Công ty Cổ phần FPT,"Cổ phiếu FPT Shop ""cháy hàng"", giao dịch cao kỷ lục sau ngày mở bán iPhone 12","Sau khi chuỗi FPT Shop và F.Studio bán được 4.500 máy trong 24 giờ và thu về 150 tỷ đồng, cổ phiếu của công ty chủ quản là FPT Retail đã được mua ồ ạt trên sàn chứng khoán, giá tăng kịch trần với khối lượng giao dịch đột biến.","FRT:

Phiên giao dịch chứng khoán ngày 30/11, VN-Index giảm hơn 7 điểm (0,71%), xuống 1.003 điểm. Sàn HOSE có 247 mã giảm giá so với 182 mã tăng giá.

Đáng chú ý nhất trong phiên hôm nay là cổ phiếu FRT của Công ty cổ phần bán lẻ kỹ thuật số FPT (FPT Retail), đơn vị quản lý chuỗi cửa hàng FPT Shop.

FRT đã tăng trần lên 23.750 đồng/cổ phiếu, không còn dư bán. Giao dịch của FRT hôm nay lên tới 3,8 triệu cổ phiếu, là mức thanh khoản cao nhất từ trước đến nay của cổ phiếu này.

Cổ phiếu FRT tăng mạnh trong bối cảnh hệ thống FPT Shop và F.Studio đã bắt đầu bày bán iPhone 12 series vào đêm 26/11, và chỉ trong 12 tiếng đã bán được 2.000 smartphone mới nhất của Apple.

Sau 24 tiếng, đã có tổng cộng 4.500 máy được bán ra, cao nhất trên thị trường và thu về khoảng 150 tỷ đồng, mức doanh thu cao nhất từ trước đến nay trong ngày mở bán. Đây cũng là con số cao nhất trong các kỳ mở bán iPhone, giúp nhà bán lẻ vươn lên dẫn đầu thị trường năm nay.

Tại Việt Nam, FPT Shop là đại lý ủy quyền cao cấp nhất của Apple, cho nên có lợi thế với việc cho đặt trước cũng như lên kệ sớm nhất những sản phẩm iPhone chính hãng với chế độ bảo hành đúng chuẩn Apple toàn cầu ngay tại Việt Nam.

Được biết, hệ thống FPT Shop đã nhận được hơn 41.000 đơn hàng đặt mua iPhone 12 Series.",2020-11-30T16:24:18+07:00,2020-11-30T16:24:18,2026-07-29T21:44:21.430689+07:00,CafeF,https://cafef.vn/co-phieu-fpt-shop-chay-hang-giao-dich-cao-ky-luc-sau-ngay-mo-ban-iphone-12-20201130162345566.chn,https://cafef.vn/co-phieu-fpt-shop-chay-hang-giao-dich-cao-ky-luc-sau-ngay-mo-ban-iphone-12-20201130162345566.chn,Theo Hà My,Thị trường chứng khoán,https://cafefcdn.com/thumb_w/1200/203337114487263232/2020/11/30/photo1606728076199-160672807632646113373.jpg,vi,EARNINGS,"[""EARNINGS_REPORT""]","[""FPT"", ""cổ phiếu FPT""]",13.0,"[""ticker_in_title:+1"", ""alias_in_title:+3"", ""ticker_in_summary:+1"", ""positive_entity:+1"", ""ticker_content:+3"", ""financial_terms:+2"", ""financial_metrics:+2""]",c78509fd0ca98269381f1aa5093bf955549bb9a68681be824f735ba9bbbc99b9,284,accepted
cafef_fpt_20201013_eb61f3f8,"[""FPT""]",Công ty Cổ phần FPT,"Quỹ ngoại vừa nhận ""trao tay"" gần 1,2 triệu cổ phiếu FPT",Số cổ phiếu FPT mà các quỹ ngoại vừa nhận trao tay có giá trị khoảng 60 tỷ đồng.,"FPT:

Theo tin từ Trung tâm lưu ký chứng khoán Việt Nam, ngày 12/10 vừa qua VSD đã hoàn tất một số thủ tục chuyển quyền sở hữu cổ phiếu FPT .

Cụ thể, 2 ""lệnh"" trao tay được thực hiện. Bên chuyển nhượng đều là Vietnam Holdings Limited và bên nhận chuyển nhượng là 2 quỹ khác nhau.

Cụ thể, Vietnam Holding Limited chuyển quyền sở hữu 630.000 cổ phiếu FPT cho Utilico Emerging Markets trust PLC và chuyển 552.920 cổ phiếu FPT cho Macquarie Bank Limited. Tổng số cổ phiếu FPT mà Vietnam Holding vừa chuyển là 1.182.920 cổ phiếu.

Trên thị trường, cổ phiếu FPT đóng cửa phiên giao dịch ngày 12/10/2020 ở mức 50.900 đồng/cổ phiếu. Tạm tính theo giá này, số cổ phiếu FPT mà Vietnam Holding vừa chuyển quyền sở hữu có giá trị khoảng 60 tỷ đồng.

Hoạt động chuyển quyền sở hữu cổ phiếu FPT của các quỹ ngoại cũng diễn ra thường xuyên trên thị trường. Mới đây nhất, ngày 8/10/2020 có hơn 1,15 triệu cổ phiếu FPT đã được các quỹ ngoại trao tay. Bên nhận chuyển nhượng là Keyrock Capital Master Fund.Ltd và bên chuyển nhượng gồm 2 quỹ khác nhau.",2020-10-13T09:47:00+07:00,2020-10-13T09:47:00,2026-07-29T21:44:25.866201+07:00,CafeF,https://cafef.vn/quy-ngoai-vua-nhan-trao-tay-gan-12-trieu-co-phieu-fpt-20201013080832693.chn,https://cafef.vn/quy-ngoai-vua-nhan-trao-tay-gan-12-trieu-co-phieu-fpt-20201013080832693.chn,Mạnh Linh,Thị trường chứng khoán,https://cafefcdn.com/thumb_w/1200/203337114487263232/2020/10/13/photo1602551253453-1602551253754581096589.jpg,vi,COMPANY_ANALYSIS,[],"[""FPT"", ""cổ phiếu FPT""]",13.0,"[""ticker_in_title:+1"", ""alias_in_title:+3"", ""ticker_in_summary:+1"", ""positive_entity:+1"", ""ticker_content:+3"", ""financial_terms:+2"", ""financial_metrics:+2""]",0f14c2f29781f5aa60684453a9762ab51751656e6b0a7124589e36726edc0e64,214,accepted
cafef_fpt_20201007_e5054d16,"[""FPT""]",Công ty Cổ phần FPT,"Quỹ ngoại vừa trao tay 2,3 triệu cổ phiếu FPT",Số cổ phiếu FPT mà các quỹ ngoại vừa trao tay có giá trị trên trăm tỷ đồng.,"FPT:

Theo tin từ Trung tâm lưu ký chứng khoán Việt Nam, ngày 9/7/2020 VSD dã hoàn tất chuyển quyền sở hữu 2,3 triệu cổ phiếu FPT của CTCP FPT từ các quỹ ngoại cho nhau.

Cụ thể bên chuyển nhượng là Truck Capital Master Fund, Ltd và bên nhận chuyển nhượng là Macquarie Bank Limited.

Giá chuyển nhượng không được công bố. Tuy nhiên trên thị trường hiện FPT đang giao dịch quanh mức 48.350 đồng/cổ phiếu. Tạm tính theo giá này, số cổ phiếu các quỹ này vừa trao tay có giá trị trên trăm tỷ đồng.

Diễn biến giá cổ phiếu FPT trong 6 tháng gần đây.

Liên quan đến cổ phiếu FPT, mới đây công ty đã phát hành hơn 102,2 triệu cổ phiếu trả cổ tức tỷ lệ 15% cho cổ đông, tăng vốn điều lệ sau phát hành lên gần 7.840 tỷ đồng. Trong số các cổ phiếu phát hành thêm, có hơn 100,7 triệu cổ phiếu tự do chuyển nhượng – được giao dịch bổ sung từ 30/6/2020.

Số còn lại là các cổ phiếu phát hành thêm cho cổ đông đang sở hữu cổ phiếu hạn chế chuyển nhượng, cổ phiếu ESOP. Số cổ phiếu này sẽ bị hạn chế chuyển nhượng theo quy định.",2020-10-07T10:29:50+07:00,2020-07-10T10:29:50,2026-07-29T21:44:30.624169+07:00,CafeF,https://cafef.vn/quy-ngoai-vua-trao-tay-23-trieu-co-phieu-fpt-20200710093153096.chn,https://cafef.vn/quy-ngoai-vua-trao-tay-23-trieu-co-phieu-fpt-20200710093153096.chn,Mai Nguyễn,Thị trường chứng khoán,https://cafefcdn.com/thumb_w/1200/2020/7/10/q-1594348235755143996740-crop-1594348242099758919219.png,vi,DIVIDEND,"[""DIVIDEND""]","[""FPT"", ""cổ phiếu FPT""]",13.0,"[""ticker_in_title:+1"", ""alias_in_title:+3"", ""ticker_in_summary:+1"", ""positive_entity:+1"", ""ticker_content:+3"", ""financial_terms:+2"", ""financial_metrics:+2""]",28d5b4da6be87251c1305be3bc6441611c1ddc2f9cda3971f107744400191688,222,accepted
cafef_fpt_20200104_5faa5538,"[""FPT""]",Công ty Cổ phần FPT,Công ty thành viên SCIC đăng ký mua 1 triệu cổ phiếu FPT,"SIC là thành viên thuộc Tổng Công ty Đầu tư và Kinh doanh vốn Nhà nước (SCIC). Vào đầu năm 2019, SIC từng bán hết cổ phiếu FPT. Trong khi đó, SCIC đang nắm giữ hơn 40 triệu cổ phiếu FPT và có một chân trong HĐQT FPT.","FPT:

Công ty TNHH MTV Đầu tư SCIC (SIC) vừa ra thông báo đăng ký mua 1 triệu cổ phiếu FPT nhằm mục đích đầu tư tài chính dài hạn. Giao dịch được thực hiện qua phương thức khớp lệnh/thỏa thuận, dự kiến diễn ra từ ngày 7/4 đến 6/5/2020.

SIC là thành viên thuộc Tổng Công ty Đầu tư và Kinh doanh vốn Nhà nước (SCIC). Vào đầu năm 2019, SIC từng bán hết cổ phiếu FPT. Trong khi đó, SCIC đang nắm giữ hơn 40 triệu cổ phiếu FPT và có một chân trong HĐQT FPT.

Theo thông tin từ FPT, trong 2 tháng đầu năm, công ty đạt doanh thu hợp nhất và lợi nhuận trước thuế lần lượt đạt 4.182 tỷ đồng và 698 tỷ đồng, tăng 18,4% và 22,4% so với năm 2018, lần lượt tương đương 99% và 102% kế hoạch lũy kế. Tỷ suất lợi nhuận trước thuế được cải thiện so cùng kỳ, đạt 16,7% (năm 2019 đạt 16,1%). Lợi nhuận sau thuế của cổ đông công ty mẹ tăng 17% và đạt 452 tỷ đồng.

Thị trường nước ngoài mang về 1.877 tỷ đồng doanh thu, tăng 26,4%, và 256 tỷ đồng lợi nhuận trước thuế, tăng 26,1% so với cùng kỳ. Tỷ trọng doanh thu và lợi nhuận thị trường nước ngoài đóng góp vào kết quả hợp nhất đạt 45% và 37% (năm 2018 là 42% và 36%).

Trên sàn chứng khoán, cổ phiếu FPT kết thúc phiên giao dịch 1/4 tại mức giá 42.300 đồng/cp.

Biến động cổ phiếu FPT trong 1 năm qua",2020-01-04T16:18:25+07:00,2020-04-01T16:18:25,2026-07-29T21:44:36.212333+07:00,CafeF,https://cafef.vn/cong-ty-thanh-vien-scic-dang-ky-mua-1-trieu-co-phieu-fpt-20200401161802111.chn,https://cafef.vn/cong-ty-thanh-vien-scic-dang-ky-mua-1-trieu-co-phieu-fpt-20200401161802111.chn,Minh Anh,Thị trường chứng khoán,https://cafefcdn.com/thumb_w/1200/2020/4/1/fpt2020-1581568294-15857326475011678206443-crop-15857326542521878659404.jpg,vi,EARNINGS,"[""EARNINGS_REPORT""]","[""FPT"", ""cổ phiếu FPT""]",13.0,"[""ticker_in_title:+1"", ""alias_in_title:+3"", ""ticker_in_summary:+1"", ""positive_entity:+1"", ""ticker_content:+3"", ""financial_terms:+2"", ""financial_metrics:+2""]",7903e920baf040b3737fdc04cc33327cecc86af2f32591b9d3820b8b6ce9d671,281,accepted
cafef_fpt_20191228_0d152353,"[""FPT""]",Công ty Cổ phần FPT,Các quỹ ngoại liên tục trao tay lượng lớn cổ phiếu FPT,"FPT sau khi tăng mạnh, chạm ngưỡng 61.000 đồng/cổ phiếu đã quay đầu giảm về 57.600 đồng/cổ phiếu.","FPT:

Theo tin từ Trung tâm lưu ký chứng khoán Việt Nam, ngày 27/12/2019 vừa qua VSD đã hoàn tất thực hiện chuyển quyền sở hữu nhiều giao dịch cổ phiếu FPT từ các quỹ ngoại cho nhau.

Cụ thể, Amersham Industries Limited chuyển quyền sở hữu cho VOF Investments 2 triệu cổ phiếu FPT.

VOF còn nhận 1,8 triệu cổ phiếu FPT từ quỹ ngoại khác là Truck Capital Master Fund, LTD.

Trước đó ngày 25/12/2019 VOF còn nhận chuyển quyền sở hữu 1 triệu cổ phiếu FPT từ Beira Limited.

Ngoài ra Galaxy Fund nhận chuyển quyền sở hữu 700.000 cổ phiếu FPT từ tay Vietnam growth Stock Income Mother Fund. Quỹ Morgan Stanley Institutional Fund Inc – frontier Emerging Markets Portfolio nhận 300.000 cổ phiếu FPT từ quỹ Cam Vietnam Morther Fund.

Trong khi đó JPMorgan Vietnam Opportunities Fund trao tay 500.000 cổ phiếu FPT cho 5 quỹ ngoại khác nhau bao gồm Quaero Capitak Fund (LUX) – Bamboo; Bambooo Asia Fund, LP; Apsley Fund Icav – The Optima Lloyd George Asia Fund và Lloyd George Indian Ocean Master Fund.

Trên thị trường, cổ phiếu FPT sau khi tăng mạnh, chạm ngưỡng 61.000 đồng/cổ phiếu (đóng cửa phiên giao dịch ngày 12/11/2019) thì đã giảm nhẹ và hiện giao dịch quanh mức 57.600 đồng/cổ phiếu.

Diễn biến giá cổ phiếu FPT trong 6 tháng gần đây",2019-12-28T10:48:00+07:00,2019-12-28T10:48:00,2026-07-29T21:44:40.197049+07:00,CafeF,https://cafef.vn/cac-quy-ngoai-lien-tuc-trao-tay-luong-lon-co-phieu-fpt-20191228082431045.chn,https://cafef.vn/cac-quy-ngoai-lien-tuc-trao-tay-luong-lon-co-phieu-fpt-20191228082431045.chn,Mai Nguyễn,Thị trường chứng khoán,https://cafefcdn.com/thumb_w/1200/2019/12/28/q-15774961877001603019987-crop-1577496194821726176644.png,vi,COMPANY_ANALYSIS,[],"[""FPT"", ""cổ phiếu FPT""]",13.0,"[""ticker_in_title:+1"", ""alias_in_title:+3"", ""ticker_in_summary:+1"", ""positive_entity:+1"", ""ticker_content:+3"", ""financial_terms:+2"", ""financial_metrics:+2""]",a156a9f935c5bc4a0aa61b27ffd135defa6c8a4bb3e991e2f1b215a0ce54a8ff,240,accepted
cafef_fpt_20190706_5a42602b,"[""FPT""]",Công ty Cổ phần FPT,"Tundra tăng nắm giữ tiền mặt, giảm tỷ trọng cổ phiếu FPT trong tháng 5","Trong danh mục Tundra Vietnam Fund, VRE đã vươn lên trở thành cổ phiếu chiếm tỷ trọng lớn nhất với 7,2%. Trong khi đó, FPT đã bị quỹ bán ra và giảm tỷ trọng xuống còn 6,3%, lớn thứ 3 trong danh mục.","Tundra Vietnam Fund vừa công bố báo cáo tháng 5 với hiệu quả đầu tư không thực sự tích cực. Tăng trưởng NAV/shares của Tundra Vietnam Fund là âm 2,3% (tính theo USD) và là tháng tăng trưởng âm thứ 2 liên tiếp.

Tính tới cuối tháng 5, giá trị danh mục của quỹ chỉ còn 80,8 triệu USD, trong đó tỷ trọng tiền mặt chiếm 7% và 93% còn lại là cổ phiếu Việt Nam. So với tháng trước, tỷ trọng tiền mặt của Tundra đã tăng thêm 2%.

Trong danh mục Tundra Vietnam Fund, VRE đã vươn lên trở thành cổ phiếu chiếm tỷ trọng lớn nhất với 7,2%. Trong khi đó, FPT đã bị quỹ bán ra và giảm tỷ trọng xuống còn 6,3%, lớn thứ 3 trong danh mục.

Theo Tundra, đóng góp theo chiều hướng tích cực vào hiệu quả quỹ trong tháng 5 có thể kể tới lĩnh vực bất động sản (chủ yếu nhóm Vingroup), hàng tiêu dùng (HAG, HVG, VNM), và lựa chọn cổ phiếu tốt trong ngành vật liệu (HPG).

Đóng góp tiêu cực gồm ngành tài chính ngân hàng (HDB, CTG, MBB, LPB), do tốc độ tăng trưởng tín dụng chậm đã ảnh hưởng tới biến động cổ phiếu. Ngoài ra, việc đặt cược vào DXG, KDF cũng không thực sự hiệu quả.

Tundra đã giảm tỷ trọng FPT trong tháng 5

Về diễn biến thị trường, trong tháng 5, TTCK Việt Nam đã đối mặt với áp lực điều chỉnh. Khối ngoại đã bán ròng mạnh hơn 101 triệu USD. Tuy nhiên, việc SK Group đầu tư vào VinGroup đã giúp dòng tiền ngoại đảo chiều mua ròng 151 triệu USD. Với thị trường toàn cầu suy yếu, cũng như không có thông tin hỗ trợ tốt từ trong nước, cả nhà đầu tư trong và ngoài nước giao dịch tương đối thận trọng và giá trị giao dịch bình quân xuống còn 155 triệu USD mỗi phiên.

Tháng 5 thường là thời gian khá trầm lắng theo quan điểm của nhà đầu tư vì hầu hết KQKD đã được công bố và không có thông tin mới hỗ trợ. Diễn biến thương mại Mỹ - Trung đã ảnh hưởng không tốt tới thị trường, mặc dù Việt Nam đang hưởng lợi khi thu hút thêm nhiều vốn FDI.

HoSE công bố sẽ ra mắt chứng quyền bảo đảm (CW) vào cuối tháng 6. Do đó, các CTCK sẽ được phát hành chứng quyền riêng của họ, sử dụng 30 cổ phiếu trong VN30 làm tài sản bảo đảm. Điều này có thể làm tăng tính thanh khoản cho thị trường và cung cấp cho các nhà đầu tư nước ngoài cơ hội tiếp cận với các cổ phiếu hết room.

Các chỉ số vĩ mô cho thấy những con số đối lập và các con số thương mại khá thất vọng. Trong tháng 5, xuất khẩu tăng 7,5% so với cùng kỳ và nhập khẩu tăng 8,3%, dẫn đến thâm hụt thương mại 1,3 tỷ USD trong tháng và 548 triệu USD từ đầu đầu năm 2019 tới nay.

FDI cam kết tăng 69% từ đầu năm đến nay ở mức 17,7 tỷ USD, trong khi FDI giải ngân tăng 7,8% lên 7,3 tỷ USD. Cuộc chiến thương mại Mỹ - Trung đã khiến dòng vốn FDI từ Trung Quốc dịch chuyển sang Việt Nam để tránh thuế quan cao hơn từ Mỹ. Giá nhiên liệu và điện tăng cũng đẩy lạm phát tăng 2,7%.",2019-07-06T11:55:44+07:00,2019-06-07T11:55:44,2026-07-29T21:44:42.147421+07:00,CafeF,https://cafef.vn/tundra-tang-nam-giu-tien-mat-giam-ty-trong-co-phieu-fpt-trong-thang-5-20190607115405599.chn,https://cafef.vn/tundra-tang-nam-giu-tien-mat-giam-ty-trong-co-phieu-fpt-trong-thang-5-20190607115405599.chn,Minh Anh,Thị trường chứng khoán,https://cafefcdn.com/thumb_w/1200/2019/6/7/shutterstock520796773-15598831828251087975326-crop-1559883188981544128562.jpg,vi,MULTI_COMPANY_NEWS,[],"[""FPT"", ""cổ phiếu FPT""]",6.0,"[""ticker_in_title:+1"", ""alias_in_title:+3"", ""ticker_in_summary:+1"", ""positive_entity:+1"", ""ticker_content:+2"", ""financial_terms:+2"", ""financial_metrics:+2"", ""many_tickers:-3"", ""multi_company_news:-3""]",fb320d51c9c633ae3e07a3830cf290dfb507e81e4b50b7ba69dbfb9643f49571,597,accepted
cafef_fpt_20190705_caf005f5,"[""FPT""]",Công ty Cổ phần FPT,"Khối ngoại mua 1,5 triệu cổ phiếu FPT ngay khi “hở room” do phát hành ESOP","Do phát hành thêm hơn 3 triệu cổ phiếu ESOP, FPT đã “hở room” hơn 1,5 triệu cổ phiếu cho nhà đầu tư nước ngoài (FPT kín room ngoại 49%).","FPT:

Hôm nay (7/5/2019), hơn 3 triệu cổ phiếu FPT được phát hành theo chương trình lựa chọn cho người lao động (ESOP) đã được niêm yết.

Đây là cổ phiếu ưu đãi nhân viên loại 3, được phát hành với mức giá 10.000 đồng/cp cho cán bộ nhân viên có thành tích đóng góp trong năm 2018 theo Điều 5 Nghị quyết ĐHĐCĐ thường niên năm 2017 ngày 31/3/2017 của FPT. Tuy vậy, hơn 3 triệu cổ phiếu này sẽ chỉ được giao dịch từ ngày 31/3/2022 do bị hạn chế 3 năm kể từ ngày phát hành.

Do phát hành thêm hơn 3 triệu cổ phiếu ESOP, FPT đã ""hở room"" hơn 1,5 triệu cổ phiếu cho nhà đầu tư nước ngoài (FPT kín room ngoại 49%). Ngay trong phiên ATO, khối ngoại đã mua thỏa thuận gần 1,5 triệu cổ phiếu FPT tại giá trần 52.100 đồng/cp, tương ứng tổng giá trị 77,6 tỷ đồng.

Trong những phút đầu phiên giao dịch, cổ phiếu FPT có thời điểm tăng 800 đồng lên 49.550 đồng/cp. So với đầu năm, FPT đã có mức tăng khoảng 17%.

Kết thúc quý 1 năm 2019, doanh thu và lợi nhuận trước thuế (LNTT) của FPT lần lượt đạt 5.666 tỷ đồng và 960 tỷ đồng, tăng 19,3% và 23,0% so với cùng kỳ năm trước.

Diễn biến cổ phiếu FPT từ đầu năm tới nay",2019-07-05T09:36:34+07:00,2019-05-07T09:36:34,2026-07-29T21:44:46.867940+07:00,CafeF,https://cafef.vn/khoi-ngoai-mua-15-trieu-co-phieu-fpt-ngay-khi-ho-room-do-phat-hanh-esop-20190507093624187.chn,https://cafef.vn/khoi-ngoai-mua-15-trieu-co-phieu-fpt-ngay-khi-ho-room-do-phat-hanh-esop-20190507093624187.chn,Minh Anh,Thị trường chứng khoán,https://cafefcdn.com/thumb_w/1200/2019/5/7/q-15555836807581595506503-crop-15555836861821812983939-15571964909121595641037-crop-1557196495848451651623.jpg,vi,EARNINGS,"[""EARNINGS_REPORT""]","[""FPT"", ""cổ phiếu FPT""]",13.0,"[""ticker_in_title:+1"", ""alias_in_title:+3"", ""ticker_in_summary:+1"", ""positive_entity:+1"", ""ticker_content:+3"", ""financial_terms:+2"", ""financial_metrics:+2""]",5cfd1b044bc4f5c93e0392a02666493e0fb7c7dbda83456000c64c3707113ae2,252,accepted
cafef_fpt_20190315_e41c689f,"[""FPT""]",Công ty Cổ phần FPT,Quỹ VOF thuộc VinaCapital vừa chuyển nhượng 1 triệu cổ phiếu FPT và PNJ,Giá cổ phiếu FPT và cả PNJ đang đà tăng mạnh.,"FPT&PNJ:

Theo tin từ Trung tâm lưu ký chứng khoán Việt Nam, ngày 14/3 VSD đã hoàn tất thủ tục chuyển nhượng quyền sở hữu chứng khoán từ quỹ ngoại VOF Investment Limited sang cho các quỹ ngoại khác.

Cụ thể VOF chuyển 1 triệu cổ phiếu FPT sang cho quỹ East capital – Easst Capital Global Frontier Markets. Ngoài ra VOF cò chuyển 450.000 cổ phiếu PNJ sang cho DC Developing Markets Strategies Public Limited Company và 550.000 cổ phiếu PNJ sang cho KB Vietnam Focus Balanced Fund.

Gần đây nhất, ngày 15/2 VOF cũng chuyển hơn 3,5 triệu cổ phiếu FPT sang cho 2 quỹ ngoại khác. Trong đó chuyển 500.000 cổ phiếu cho Florida Reirement System và hơn 3,05 triệu cổ phiếu cho Macquarie Bank Limited.

Trên thị trường, cả cổ phiếu FPT và PNJ đang đà tăng mạnh. FPT đang ở vùng đỉnh trong khoảng nhiều tháng trở lại đây với mức giá 46.250 đồng/cổ phiếu còn PNJ cũng đang tăng mạnh, ở mức giá 104.200 đồng/cổ phiếu.",2019-03-15T08:35:06+07:00,2019-03-15T08:35:06,2026-07-29T21:44:51.844375+07:00,CafeF,https://cafef.vn/quy-vof-thuoc-vinacapital-vua-chuyen-nhuong-1-trieu-co-phieu-fpt-va-pnj-20190314174342117.chn,https://cafef.vn/quy-vof-thuoc-vinacapital-vua-chuyen-nhuong-1-trieu-co-phieu-fpt-va-pnj-20190314174342117.chn,Nguyên Phương,Thị trường chứng khoán,https://cafefcdn.com/thumb_w/1200/2019/2/17/q-15503698758311365470534-crop-15525601544991591166301.jpg,vi,COMPANY_ANALYSIS,[],"[""FPT"", ""cổ phiếu FPT""]",13.0,"[""ticker_in_title:+1"", ""alias_in_title:+3"", ""ticker_in_summary:+1"", ""positive_entity:+1"", ""ticker_content:+3"", ""financial_terms:+2"", ""financial_metrics:+2""]",0a8fe8d6dabb57ae839a2ce5ed3519d02ba984e00aa994b33c9c3a3c90dc512f,183,accepted
cafef_fpt_20190217_1204f04b,"[""FPT""]",Công ty Cổ phần FPT,Nhóm VinaCapital vừa bán ra gần 4 triệu cổ phiếu FPT,Tổng giá trị giao dịch cổ phiếu FPT tạm tính theo thị giá hiện nay rơi vào khoảng 170 tỷ đồng.,"FPT:

Theo tin từ Trung tâm lưu ký chứng khoán Việt Nam, ngày 15/2/1019 vừa qua VSD đã hoàn tất chuyển quyền sở hữu gần 3,9 triệu cổ phiếu FPT từ các nhà đầu tư nước ngoài cho nhau.

Cụ thể, bên chuyển nhượng, quỹ ngoại VOF Investment Limited thuộc quản lý của VinaCapital đã chuyển nhượng tổng cộng hơn 3,55 triệu cổ phiếu FPT cho 2 quỹ ngoại khác là Florida Retirement System và Macquarie Bank Limited, trong đó riêng Macquarie Bank nhận hơn 3,05 triệu cổ phiếu và Florida Retirement nhận 500.000 cổ phiếu.

Bên cạnh đó Macquarie Bank còn nhận thêm 300.000 cổ phiếu FPT từ Forum One – VCG Partners Vietnam Fund và 30.000 cổ phiếu FPT từ SHBNPP Vietnam Security Master Inveatment Trust (Equity).

Giá chuyển nhượng không được công bố. Tuy nhiên, tạm tính theo giá hiện nay của cổ phiếu FPT trên thị trường là 44.200 đồng/cổ phiếu, thì giá trị số cổ phiếu vừa chuyển nhượng rơi vào khoảng 170 tỷ đồng.",2019-02-17T09:29:44+07:00,2019-02-17T09:29:44,2026-07-29T21:44:54.265075+07:00,CafeF,https://cafef.vn/nhom-vinacapital-vua-ban-ra-gan-4-trieu-co-phieu-fpt-20190217091841593.chn,https://cafef.vn/nhom-vinacapital-vua-ban-ra-gan-4-trieu-co-phieu-fpt-20190217091841593.chn,Nam Sơn,Thị trường chứng khoán,https://cafefcdn.com/thumb_w/1200/2019/2/17/q-15503698758311365470534-crop-15503698818822012525078.jpg,vi,COMPANY_ANALYSIS,[],"[""FPT"", ""cổ phiếu FPT""]",13.0,"[""ticker_in_title:+1"", ""alias_in_title:+3"", ""ticker_in_summary:+1"", ""positive_entity:+1"", ""ticker_content:+3"", ""financial_terms:+2"", ""financial_metrics:+2""]",51703438b047b0c1d8215659339b80eb19772f76b3768515f32f240e8f4d0b28,179,accepted
cafef_fpt_20181124_2e48cc4e,"[""FPT""]",Công ty Cổ phần FPT,Quỹ ngoại vừa trao tay 4 triệu cổ phiếu FPT trị giá khoảng 172 tỷ đồng,Hai quỹ ngoại này thường xuyên thực hiện các vụ chuyển quyền sở hữu cổ phiếu FPT với các quỹ ngoại khác.,"FPT:

Theo tin từ Trung tâm lưu ký chứng khoán Việt Nam, ngày 22/11 vừa qua VSD đã hoàn tất hồ sơ chuyển quyền sở hữu chứng khoán FPT.

Cụ thể, quỹ ngoại The Ton Poh Fund đã chuyển quyền sở hữu 4 triệu cổ phiếu FPT sang cho quỹ ngoại khác là Apollo Asia Fund Ltd.

Đáng chú ý, cả 2 quỹ ngoại này đều thường xuyên thực hiện các giao dịch trao tay cổ phiếu FPT với các quỹ ngoại khác. Lần gần đây nhất, Apollo Asia Fund Ltd đã nhận chuyển nhượng 2 triệu cổ phần FPT từ tay Vietnam Equity Holding vào ngày 31/8/2018. Cùng đợt này Vietnam Equity Holding còn chuyển nhượng 4,4 triệu cổ phiếu FPT cho The Ton Poh Fund và 1.183.688 cổ phiếu cho Panah Master Fund.

Còn hồi đầu năm 2018 The Ton Poh Fund đã nhận chuyển nhượng 4 triệu cổ phiếu từ tay 5 quỹ ngoại khác nhau.

Trên thị trường chứng khoán, nếu tính từ đầu năm 2018 đến nay cổ phiếu FPT đã giảm 9%, xuống giao dịch quanh mức 43.050 đồng/cổ phiếu. Còn nếu tính từ đỉnh đạt được hồi cuối tháng 1/2018 (xấp xỉ 53.000 đồng/cổ phiếu – giá đã điều chỉnh), thì FPT đã giảm đi 19% giá trị.",2018-11-24T09:40:47+07:00,2018-11-24T09:40:47,2026-07-29T21:44:57.364097+07:00,CafeF,https://cafef.vn/quy-ngoai-vua-trao-tay-4-trieu-co-phieu-fpt-tri-gia-khoang-172-ty-dong-20181123164106559.chn,https://cafef.vn/quy-ngoai-vua-trao-tay-4-trieu-co-phieu-fpt-tri-gia-khoang-172-ty-dong-20181123164106559.chn,Nguyên Phương,Thị trường chứng khoán,https://cafefcdn.com/thumb_w/1200/2018/11/23/q-154296598585670703986-crop-1542965991149285267739.png,vi,COMPANY_ANALYSIS,[],"[""FPT"", ""cổ phiếu FPT""]",13.0,"[""ticker_in_title:+1"", ""alias_in_title:+3"", ""ticker_in_summary:+1"", ""positive_entity:+1"", ""ticker_content:+3"", ""financial_terms:+2"", ""financial_metrics:+2""]",50e07ff864c4a363581e1a766b8fcd3ec2c7b69243fd717808d963543d3219a7,225,accepted
cafef_fpt_20180426_058f3f73,"[""FPT""]",Công ty Cổ phần FPT,Khối ngoại chi trăm tỷ mua cổ phiếu FPT Retail (FRT) trong phiên chào sàn,"Giao dịch FRT đã diễn ra khá sôi động với khối lượng khớp lệnh lên tới 871 nghìn cổ phiếu chỉ sau 1h đầu tiên và lực mua chủ yếu đến từ khối ngoại khi họ đã mua ròng 840 nghìn cổ phiếu FRT, tương ứng giá trị 126 tỷ đồng.","FRT:

Trong phiên sáng nay (26/4/2018), 40 triệu cổ phiếu FRT của CTCP Bán lẻ Kỹ thuật số FPT – FPT Retail đã chính thức chào sàn HoSE với giá tham chiếu 125.000 đồng/cp.

Giao dịch FRT đã diễn ra khá sôi động với khối lượng khớp lệnh lên tới 871 nghìn cổ phiếu chỉ sau 1h đầu tiên và lực mua chủ yếu đến từ khối ngoại khi họ đã mua ròng 840 nghìn cổ phiếu FRT, tương ứng giá trị 126 tỷ đồng.

FRT hiện đang dư mua trần 333 nghìn cổ phiếu, trái ngược với tình trạng ảm đạm đang diễn ra trên thị trường chung. Tại mức giá 150.000 đồng/cp, vốn hóa thị trường FPT Retail tương ứng 6.000 tỷ đồng.

Được biết, tập đoàn FPT hiện vẫn là cổ đông lớn nhất, nắm giữ 47% cổ phần FPT Retail. Hai cổ đông lớn tiếp theo của công ty là Dragon Capital (nắm giữ 20%) và VinaCapital (nắm giữ 15%).

Trong năm 2018, FPT Retail dự kiến tăng trưởng doanh thu lên mức 16.020 tỷ, tăng 22% so với 2017; lợi nhuận sau thuế tăng 30% lên mức 377 tỷ đồng. Đồng thời, kế hoạch tăng trưởng bình quân của FPT Retail trong giai đoạn 2018-2020 là 19,5%/năm cho doanh thu và 26%/năm cho lợi nhuận sau thuế.

Hiện tại, FPT Retail đang sở hữu 2 chuỗi bán lẻ, bao gồm (1) FPT Shop: Hệ thống bán lẻ sản phẩm công nghệ thuộc nhiều hãng khác nhau như Sony, Nokia, Samsung, Dell, Acer, Toshiba, HP... và (2) F.Studio: Là chuỗi cửa hàng được ủy quyền chính thức của Apple tại Việt Nam, chuyên kinh doanh các sản phẩm chính hãng của Apple, bao gồm mô hình cửa hàng cấp 1 là APR, cấp 2 AAR và cấp 3 CES.

Bên cạnh đó, vào cuối năm 2017, FPT Retail đã ""đặt chân"" sang lĩnh vực dược phẩm với việc mua lại chuỗi nhà thuốc Long Châu.",2018-04-26T10:11:05+07:00,2018-04-26T10:11:05,2026-07-29T21:45:05.848949+07:00,CafeF,https://cafef.vn/khoi-ngoai-chi-tram-ty-mua-co-phieu-fpt-retail-frt-trong-phien-chao-san-20180426101030431.chn,https://cafef.vn/khoi-ngoai-chi-tram-ty-mua-co-phieu-fpt-retail-frt-trong-phien-chao-san-20180426101030431.chn,Minh Anh,Thị trường chứng khoán,https://cafefcdn.com/thumb_w/1200/2018/4/26/photo1524712141162-15247121411621712543936.jpg,vi,EARNINGS,"[""EARNINGS_REPORT""]","[""FPT"", ""Tập đoàn FPT"", ""cổ phiếu FPT""]",12.0,"[""ticker_in_title:+1"", ""alias_in_title:+3"", ""positive_entity:+1"", ""ticker_content:+3"", ""financial_terms:+2"", ""financial_metrics:+2""]",acab7246f58015afd7317a5da11848a0b9fc91ce9adf221f54f68a1632b7ec4a,341,accepted
cafef_fpt_20180123_4dd3724c,"[""FPT""]",Công ty Cổ phần FPT,Số cổ phiếu FPT trị giá khoảng 240 tỷ đồng vừa được các quỹ ngoại trao tay,Tổng cộng 4 triệu cổ phiếu FPT vừa được 5 quỹ ngoại chuyển quyền sở hữu sang cho The Ton Poh Fund.,"FPT:

Theo tin từ Trung tâm lưu ký chứng khoán Việt Nam, ngày 22/1 VSD đã hoàn tất chuyển quyền sở hữu 4 triệu cổ phiếu FPT của CTCP FPT từ 5 quỹ ngoại khác nhau sang cho The Ton Poh Fund.

Trong đó Wareham Group Limited chuyển 2 triệu cổ phiếu; Norges Bank, FC Global cùng chuyển nhượng 500.000 cổ phiếu; Vietnam Growth Stock Income Mother Fund chuyển nhượng 700.000 cổ phiếu và Cam Vietnam Mother Fund chuyển nhượng 300.000 cổ phiếu.

Hiện trên thị trường cổ phiếu FPT đang giao dịch quanh mức giá 60.900 đồng/cổ phiếu. Tạm tính theo giá này, số tiền The Ton Poh Fund bỏ ra để nhận về số cổ phiếu trên khoảng 240 tỷ đồng.

Đây không phải lần đầu tiên những quỹ ngoại này chuyển nhượng cổ phiếu FPT. Lần gần đây nhất, tháng 9/2017 3 quỹ ngoại Wareham Group Limited, Norges Bank, Cam Vietnam Mother Fund cùng với quỹ ngoại DC Developing Markets Strategies Public Limited Company cũng đã chuyển nhượng hơn 3,13 triệu cổ phiếu FPT sang cho 1 quỹ ngoại duy nhất là Macquarie Bank Limited.",2018-01-23T09:48:00+07:00,2018-01-23T09:48:00,2026-07-29T21:45:13.544812+07:00,CafeF,https://cafef.vn/so-co-phieu-fpt-tri-gia-khoang-240-ty-dong-vua-duoc-cac-quy-ngoai-trao-tay-20180122183159864.chn,https://cafef.vn/so-co-phieu-fpt-tri-gia-khoang-240-ty-dong-vua-duoc-cac-quy-ngoai-trao-tay-20180122183159864.chn,Mai Nguyễn,Thị trường chứng khoán,https://cafefcdn.com/thumb_w/1200/2018/photo1516620660014-1516620660015.png,vi,COMPANY_ANALYSIS,[],"[""FPT"", ""cổ phiếu FPT""]",13.0,"[""ticker_in_title:+1"", ""alias_in_title:+3"", ""ticker_in_summary:+1"", ""positive_entity:+1"", ""ticker_content:+3"", ""financial_terms:+2"", ""financial_metrics:+2""]",085f7a212e3acadcfb6dc613a80857da4fe023467332020cec1fb2bbe203c421,196,accepted
cafef_fpt_20170726_123b52a1,"[""FPT""]",Công ty Cổ phần FPT,Các quỹ ngoại vừa trao tay số cổ phiếu FPT trị giá khoảng 270 tỷ đồng,Cổ phiếu FPT hiện giao dịch quanh vùng giá 46.700 đồng/cổ phiếu.,"FPT:

Theo tin từ Trung tâm lưu ký chứng khoán Việt Nam, ngày 24/7 vừa qua VSD đã hoàn tất chuyển quyền sở hữu gần 5,9 triệu cổ phiếu FPT từ các quỹ ngoại sang các quỹ ngoại khác.

Cụ thể The Caravel Fund (International) Ltd chuyển hơn 4,46 triệu cổ phiếu FPT sang cho 3 quỹ ngoại khác là Deutsche Bank AG London (2,55 triệu cổ phiếu); Ntasian Emerging Leaders Master Fund (1,1 triệu cổ phiếu) và 813.312 cổ phiếu sang cho Consilium Frontier Equity Fund, L.P.

Bên cạnh đó, quỹ Amersham Industries và Norges Bank chuyển nhượng lần lượt 945.000 cổ phiếu và 455.000 cổ phiếu FPt sang cho Ntasian Emerging Leaders.

Cổ phiếu FPT hiện giao dịch quanh vùng giá 46.700 đồng/cổ phiếu. Tạm tính theo giá này, số cổ phiếu FPT các quỹ ngoại vừa trao tay trị giá khoảng 270 tỷ đồng.",2017-07-26T07:23:25+07:00,2017-07-26T07:23:25,2026-07-29T21:45:18.183318+07:00,CafeF,https://cafef.vn/cac-quy-ngoai-vua-trao-tay-so-co-phieu-fpt-tri-gia-khoang-270-ty-dong-20170725175008457.chn,https://cafef.vn/cac-quy-ngoai-vua-trao-tay-so-co-phieu-fpt-tri-gia-khoang-270-ty-dong-20170725175008457.chn,Nam Sơn,Thị trường chứng khoán,https://cafefcdn.com/thumb_w/1200/2017/q-1500979722264.png,vi,COMPANY_ANALYSIS,[],"[""FPT"", ""cổ phiếu FPT""]",13.0,"[""ticker_in_title:+1"", ""alias_in_title:+3"", ""ticker_in_summary:+1"", ""positive_entity:+1"", ""ticker_content:+3"", ""financial_terms:+2"", ""financial_metrics:+2""]",c84597b6c2739f31776cc9d065088659ce141276dd4d2eea53855cea78126b5d,158,accepted
cafef_fpt_20170621_b49d06e8,"[""FPT""]",Công ty Cổ phần FPT,Phó tổng giám đốc FPT đã mua 150.000 cổ phiếu FPT,"Theo dữ liệu của chúng tôi, ông Dương Dũng Triều đã chi 6,39 tỷ đồng để mua lượng cổ phiếu kể trên. Bình quân giá giao dịch là 42.600 đồng/cổ phiếu.","FPT:

Ông Dương Dũng Triều là phó tổng giám đốc Công ty Cổ phần FPT (FPT) vừa công bố thông tin kết quả giao dịch cổ phiếu FPT .

Theo đó, Ông Dương Dũng Triều đã mua 150.000 cổ phiếu nâng lượng cổ phiếu nắm giữ từ 1.897.504 đơn vị lên 2.047.504 đơn vị tương đương tỷ lệ 0,39% vốn điều lệ FPT.

Giao dịch thực hiện bằng phương thức thỏa thuận vào ngày 19/6/2017.

Theo dữ liệu của chúng tôi, ông Dương Dũng Triều đã chi 6,39 tỷ đồng để mua lượng cổ phiếu kể trên. Bình quân giá giao dịch là 42.600 đồng/cổ phiếu.

Sau khi ông Triều mua vào cổ phiếu ở mức giá 42.600 đồng theo phương thức thỏa thuận, cổ phiếu FPT đã tăng và hiện đang giao dịch ở ngưỡng 46.300 đồng/cổ phiếu. Nếu tính theo mức giá này, ông Triều đã “tạm lãi” hơn 550 triệu đồng chỉ trong 3 phiên giao dịch.",2017-06-21T11:30:54+07:00,2017-06-21T11:30:54,2026-07-29T21:45:20.361690+07:00,CafeF,https://cafef.vn/pho-tong-giam-doc-fpt-da-mua-150000-co-phieu-fpt-20170621111449968.chn,https://cafef.vn/pho-tong-giam-doc-fpt-da-mua-150000-co-phieu-fpt-20170621111449968.chn,Thanh Mai,Thị trường chứng khoán,https://cafefcdn.com/thumb_w/1200/2017/q-1497351001682-1498018422213.png,vi,COMPANY_ANALYSIS,[],"[""FPT"", ""Công ty Cổ phần FPT"", ""cổ phiếu FPT""]",13.0,"[""ticker_in_title:+1"", ""alias_in_title:+3"", ""positive_entity:+2"", ""ticker_content:+3"", ""financial_terms:+2"", ""financial_metrics:+2""]",74800b59c2cb6bf12bdbe10eef292d8d9d1dccb9d82063b2052db93df5dbd2c1,173,accepted
cafef_fpt_20170618_570eb8a1,"[""FPT""]",Công ty Cổ phần FPT,"[Cổ phiếu hoa hậu] Âm thầm đi lên, cổ phiếu FPT đang chứng tỏ sự chuyển mình sau nhiều năm trì trệ?","Lợi nhuận tăng tốc ở mảng phần mềm, viễn thông cùng kết quả kinh doanh quý I khả quan cổ phiếu FPT đang hình thành một xu hướng đi lên khá vững chắc.","FPT:

Diễn biến giao dịch gần đây: Biến động hằng ngày không quá nổi bật, nhưng ổn định nên trong thời gian đủ lớn, suất sinh lời đối với các nhà đầu tư sẽ không nhỏ.

Nhìn chung một xu hướng tăng rõ nét cho ngắn hạn đối với FPT được hình thành kể từ ngày 25.4.2017 và đây cũng là đáy của một đợt điều chỉnh ngắn hạn của thị trường chung. FPT có khối lượng giao dịch trung bình hằng ngày xoay quanh mốc 1 đến 1,2 triệu cổ phiếu/ phiên và với biên độ tăng giảm giá trong phiên không quá lớn đa phần chỉ khoảng dưới 2%/phiên, do vậy trong một thời gian ngắn cổ phiếu FPT không tạo ra một sự nổi bật đối với những nhà đầu tư mới trên thị trường.

Tuy nhiên xét một thời gian đủ lâu và so sánh tương quan cùng giai đoạn so với chỉ số chung VN-index, thì kể từ ngày tạo đáy ngắn hạn tới nay thì VN-index tăng khoảng 7,58% trong khi đó FPT tăng tới 17,8% là một mức chênh lệch khá lớn. Tuần gần nhất cổ phiếu này cũng mang lại 1,2% cho những nhà đầu tư nắm giữ.

Câu chuyện tăng trưởng dài hạn

Theo nghiên cứu của bộ phận phân tích đến từ công ty chứng khoán Bản Việt, triển vọng tăng trưởng dài hạn của FPT đang được hỗ trợ bởi sự tăng tốc của mảng viễn thông và phần mềm:

Mảng Xuất khẩu Phần mềm sẽ tăng trưởng mạnh hơn trong các quý tới nhờ các hợp đồng mới ký tại Mỹ trong Quý 2/2017. Dự báo thị trường Nhật (54% doanh thu mảng này năm 2016) sẽ tiếp tục dẫn đầu với doanh thu tăng 30% so với năm 2016. Trong khi đó, các hợp đồng mới tại thị trường Mỹ sẽ bắt đầu mang lại doanh thu từ Quý 2/2017, bù đắp cho việc mất một khách hàng lớn trong năm 2016, giúp doanh thu thị trường này tăng 20% so với năm 2016. Năng lực ngày một cải thiện của FPT trong các công nghệ mới như S.M.A.C và Internet of Things (IoT), cùng với khả năng cạnh tranh về chi phí, cho thấy mảng này sẽ có triển vọng tích cực trong dài hạn.

Mảng Dịch vụ Viễn thông, khi không còn các chi phí đầu cuối lớn, sẽ hỗ trợ lợi nhuận hơn nữa. Dự báo lượng đăng ký thuê bao băng thông rộng tăng 16% so với năm 2017, bù lại doanh thu từ mỗi thuê bao giảm 3% do FPT thâm nhập sâu hơn vào các thành phố Loại 2 và Loại 3. Tuy nhiên, biên lợi nhuận dự kiến sẽ tăng nhờ không còn chi phí đầu cuối tại Hà Nội và TP. HCM cho cả năm. Điều này được phản ánh rõ nét trong Quý 1/2017 thông qua việc lợi nhuận trước thuế tăng mạnh 21% so với cùng kỳ năm ngoái, trong khi doanh thu tăng 13%. Có khả năng mảng Dịch vụ Viễn thông có thể duy trì tốc độ tăng trưởng thuê bao 10%-15% nhờ chất lượng dịch vụ tốt hơn và giá cả cạnh tranh.

Ý tưởng đầu tư: Mức giá hiện tại vẫn đủ tốt để nắm giữ cho dài hạn

Nhìn chung cổ phiếu FPT vẫn hình thành một xu hướng tăng trưởng doanh kể từ 2012, tuy nhiên mức biến động không đáng kể hoặc có sự không ổn định trong việc tăng trưởng lợi nhuận khi so với thời kỳ gốc ở 2012. Có những năm lợi nhuận sụt giảm nhẹ hoặc chỉ đứng yên mặc dù doanh thu vẫn tăng, do vậy cổ phiếu FPT có biến động giá không đáng kể hoặc nói một cách khác là bị trì trệ so với những doanh nghiệp mới nổi như MWG.

Tuy nhiên việc giải bài toán tăng trưởng 2 con số của FPT dường như đã được giải quyết kể từ quý I.2017 khi doanh thu và lợi nhuận được công bố khả quan so với cùng kỳ, chấm dứt một thời kỳ loay hoay tìm được tăng trưởng nhờ tìm được đầu ra trong mảng xuất khẩu phần mềm và hoàn thành được hạ tầng mảng dịch vụ viễn thông. Đây là 1 điểm đáng lưu ý đối với những nhà đầu tư theo đà tăng trưởng, họ có đủ tự tin để nắm giữ khi doanh thu và lợi nhuận trong tương lai được kỳ vọng là khả quan.

Định giá của FPT hiện tại vẫn rẻ so với thị trường chung khi với thị giá hiện tại P/E tương ứng chỉ xấp xỉ 12, trong khi đó bình quân thị trường vẫn đang giao dịch quanh mốc 16. Kết hợp thêm một vài phương pháp định giá khác, có khả năng mức giá của FPT trong khoảng 1 năm tới sẽ đạt khoảng 60 đến 70.

Do vậy việc nắm giữ FPT và chờ những đợt điều chỉnh đủ lớn để gia tăng vị thế có lẽ vẫn là sự lựa chọn tốt hơn cho những nhà đầu tư dài hạn.

Câu chuyện ngắn hạn

Ngoài vấn đề tăng trưởng dài hạn, những nhà đầu tư hiện tại cũng đang rất quan tâm tới việc thoái vốn mảng bán lẻ và phân phối đang được triển khai. Họ kỳ vọng việc này sẽ hoàn tất vào cuối năm nay và FPT sẽ có thêm 1 khoản lợi nhuận bất thường, tuy nhiên do tính chất phức tạp của vấn đề này và thời gian và mức giá thoái vốn là không thể dự đoán nên đây vẫn sẽ là câu chuyện được nhắc đi nhắc lại mỗi đợt cổ phiếu FPT tăng mạnh trong ngắn hạn.

Các mốc hỗ trợ kháng cự cần lưu ý

Mức giá lý tưởng cho FPT ngắn hạn ở khoảng 50.000 đồng theo công cụ fibonanci extencion, tuy nhiên xét về tầm nhìn một năm nếu như FPT vẫn giữ được mức tăng trưởng cả về doanh thu và lợi nhuận quý 2 con số ở các quý sau đó mức giá mục tiêu cho FPT có thể ở khoảng 60.000 - 70.000 đồng.

Trong trường hợp điều chỉnh ở hiện tại thì mức giá ở khoảng 42.000 – 43.000 đồng sẽ đóng vai trò hỗ mạnh cho đường giá.",2017-06-18T08:00:00+07:00,2017-06-18T08:00:00,2026-07-29T21:45:25.281675+07:00,CafeF,https://cafef.vn/co-phieu-hoa-hau-am-tham-di-len-co-phieu-fpt-dang-chung-to-su-chuyen-minh-sau-nhieu-nam-tri-tre-20170617230534687.chn,https://cafef.vn/co-phieu-hoa-hau-am-tham-di-len-co-phieu-fpt-dang-chung-to-su-chuyen-minh-sau-nhieu-nam-tri-tre-20170617230534687.chn,Tú Phạm,Thị trường chứng khoán,https://cafefcdn.com/thumb_w/1200/2017/1200px-truong-gia-binh-in-vietnam-festival-2008-in-japan-1497715374467.jpg,vi,BROKER_RECOMMENDATION,"[""BROKER_RECOMMENDATION""]","[""FPT"", ""cổ phiếu FPT""]",13.0,"[""ticker_in_title:+1"", ""alias_in_title:+3"", ""ticker_in_summary:+1"", ""positive_entity:+1"", ""ticker_content:+3"", ""financial_terms:+2"", ""financial_metrics:+2""]",7deeed5428270bc2f3899bfe4945f597714c5fce81d00ceecc8d444bfb7b2471,1088,accepted
cafef_fpt_20170613_27d72f48,"[""FPT""]",Công ty Cổ phần FPT,"Cổ phiếu FPT liên tục lập đỉnh mới, Phó TGD Dương Dũng Triều vẫn muốn mua vào",Cổ phiếu FPT đã tăng mạnh trong thời gian vừa qua và hiện giao dịch quanh mốc 45.000 đồng/cổ phiếu.,"FPT:

Ông Dương Dũng Triều Phó Tổng Giám đốc CTCP FPT ( mã chứng khoán FPT ) vừa đăng ký mua vào 150.000 cổ phiếu FPT để đầu tư chứng khoán. Giao dịch dự kiến thực hiện theo phương thức thỏa thuận từ 19/6 đến 18/7/2017.

Hiện tại ông Dương Dũng Triều đang sở hữu 1,89 triệu cổ phiếu FPT tương ứng tỷ lệ 0,39% vốn điều lệ công ty.

Cổ phiếu FPT đã tăng mạnh trong thời gian vừa qua và hiện giao dịch quanh mốc 45.000 đồng/cổ phiếu. Như vậy, để mua được số cổ phiếu mong muốn, ông Dương Dũng Triều phải bỏ ra xấp xỉ 7 tỷ đồng.

Cổ phiếu FPT đã liên tục tăng mạnh trong thời gian vừa qua. Dù chưa đạt được đỉnh cao hồi năm 2006-2007, nhưng đã liên tục lập đỉnh mới kể từ cuối năm 2007 đến nay.",2017-06-13T21:21:41+07:00,2017-06-13T21:21:41,2026-07-29T21:45:29.650175+07:00,CafeF,https://cafef.vn/co-phieu-fpt-lien-tuc-lap-dinh-moi-pho-tgd-duong-dung-trieu-van-muon-mua-vao-20170613175116342.chn,https://cafef.vn/co-phieu-fpt-lien-tuc-lap-dinh-moi-pho-tgd-duong-dung-trieu-van-muon-mua-vao-20170613175116342.chn,Nam Sơn,Thị trường chứng khoán,https://cafefcdn.com/thumb_w/1200/2017/q-1497351001682.png,vi,COMPANY_ANALYSIS,[],"[""FPT"", ""cổ phiếu FPT""]",13.0,"[""ticker_in_title:+1"", ""alias_in_title:+3"", ""ticker_in_summary:+1"", ""positive_entity:+1"", ""ticker_content:+3"", ""financial_terms:+2"", ""financial_metrics:+2""]",572e3c71490fdffe8c993888c6000049e8abcd2e01945ddb8afed5aebcd96683,155,accepted
cafef_fpt_20170327_facca9ce,"[""FPT""]",Công ty Cổ phần FPT,"Giá cổ phiếu FPT đang lên, Đầu tư SCIC muốn bán bớt gần 900.000 cổ phiếu","Tạm tính theo giá hiện nay của cổ phiếu FPT, quy mô thoái vốn của Đầu tư SCIC rơi vào khoảng 42 tỷ đồng.","FPT:

Công ty TNHH MTV Đầu tư SCIC vừa thông báo giao dịch cổ phiếu FPT của CTCP FPT.

Theo đó, Đầu tư SCIC đăng ký bán 875.663 cổ phiếu FPT trong tổng số 1.675.663 cổ phiếu (tương ứng tỷ lệ 0,36%) đang nắm giữ. Giao dịch dự kiến thực hiện theo phương thức khớp lệnh và thỏa thuận từ 29/3 đến 27/4/2017. Mục đích giao dịch để đầu tư tài chính.

Nếu giao dịch thành công, Đầu tư SCIC còn lại 800.000 cổ phiếu FPT tương ứng tỷ lệ 0,17%.

Cổ phiếu FPT vừa hồi phục sau chuỗi ngày giảm giá, hiện giao dịch quanh vùng giá 48.000 đồng/cổ phiếu. Tạm tính theo mức giá này, Đầu tư SCIC sẽ thu về khoảng 42 tỷ đồng.

Đầu tư SCIC thường xuyên mua bán cổ phiếu FPT tuy nhiên, những lần gần đây nhất đều không đạt mục đích. Cụ thể, tháng 10/2016, Đầu tư SCIC đăng ký bán 1 triệu cổ phiếu FPT trong tổng số hơn 1,6 triệu cp đang nắm giữ này nhưng không mua được cổ phiếu nào do biến động giá thị trường.

Tiếp đó, sang đầu tháng 11, thay vì bán, đầu tư SCIC lại đăng ký mua thêm 500.000 cp nhưng cũng không thành công. Từ đó đến nay, hơn 3 tháng, Đầu tư SCIC mới lại giao dịch tiếp cổ phiếu FPT.

Diễn biến giá cổ phiếu FPT trong 6 tháng gần đây.",2017-03-27T21:34:40+07:00,2017-03-27T21:34:40,2026-07-29T21:45:32.465245+07:00,CafeF,https://cafef.vn/gia-co-phieu-fpt-dang-len-dau-tu-scic-muon-ban-bot-gan-900000-co-phieu-20170327182339418.chn,https://cafef.vn/gia-co-phieu-fpt-dang-len-dau-tu-scic-muon-ban-bot-gan-900000-co-phieu-20170327182339418.chn,Thái Phương,Thị trường chứng khoán,https://cafefcdn.com/thumb_w/1200/2017/q-1490613753378.png,vi,COMPANY_ANALYSIS,[],"[""FPT"", ""cổ phiếu FPT""]",13.0,"[""ticker_in_title:+1"", ""alias_in_title:+3"", ""ticker_in_summary:+1"", ""positive_entity:+1"", ""ticker_content:+3"", ""financial_terms:+2"", ""financial_metrics:+2""]",17327ed981337716fa1269cbf7540b2af6afd925d64902ec8b68ada1be323e12,255,accepted
cafef_fpt_20160928_3d6d0287,"[""FPT""]",Công ty Cổ phần FPT,"Cổ phiếu FPT liên tục phá đỉnh, Đầu tư SCIC tính bán chốt lãi",Đầu tư SCIC cũng chỉ mới đăng ký mua vào 1 triệu cổ phiếu FPT trong khoảng thời gian cuối tháng 8 nhưng chỉ mua được gần 223.000 cổ phiếu do diễn biến giá thị trường không như ý.,"FPT:

Công ty TNHH MTV Đầu tư SCIC (SIC) vừa đăng ký bán ra 1 triệu cổ phiếu FPT trong tổng số 1,67 triệu cổ phiếu (tương ứng tỷ lệ 0,36%) đang sở hữu. Giao dịch dự kiến thực hiện từ 30/9 đến 28/10/2016.

Trước đó, Đầu tư SCIC đã mua đươc gần 223.000 cổ phiếu FPT trong tổng số 1 triệu cổ phiếu đăng ký trước đó. Giao dịch thực hiện chỉ trong mấy ngày từ 26/8 đến 29/8/2016. Nguyên nhân không thực hiện mua hết số cổ phiếu đăng ký do biến động giá thị trường. Trong khoảng thời gian mấy ngày đó, giá cổ phiếu FPT xoay quanh vùng giá 42.000 đồng đến 43.500 đồng/cp, và cũng chỉ cao hơn 2.000 đồng so với thời điểm Đầu tư SCIC gửi đăng ký mua (41.400 đồng/cp).

Tuy nhiên, sau chuỗi những phiên tăng điểm liên tiếp, hiện giá cổ phiếu FPT đang ở mức 47.800 đồng/cổ phiếu, tăng mạnh so với thời điểm Đầu tư SCIC mua vào. Đồng thời, thị trường cũng ghi nhận cổ phiếu FPT đã liên tục xác lập đỉnh mới trong thời gian vừa qua.

Biến động giá cổ phiếu FPT trong 3 tháng gần đây.",2016-09-28T05:27:10+07:00,2016-09-28T05:27:10,2026-07-29T21:45:34.426773+07:00,CafeF,https://cafef.vn/co-phieu-fpt-lien-tuc-pha-dinh-dau-tu-scic-tinh-ban-chot-lai-20160927214755056.chn,https://cafef.vn/co-phieu-fpt-lien-tuc-pha-dinh-dau-tu-scic-tinh-ban-chot-lai-20160927214755056.chn,Thạch Lâm,Thị trường chứng khoán,https://cafefcdn.com/thumb_w/1200/2016/fpt-de4f9-1474987585591.jpg,vi,COMPANY_ANALYSIS,[],"[""FPT"", ""cổ phiếu FPT""]",13.0,"[""ticker_in_title:+1"", ""alias_in_title:+3"", ""ticker_in_summary:+1"", ""positive_entity:+1"", ""ticker_content:+3"", ""financial_terms:+2"", ""financial_metrics:+2""]",edc1ec25668e2265a9d9e2c4e81625509f500eb42a823007cbaaac09cae0c5f6,220,accepted
cafef_fpt_20161209_8f68a647,"[""FPT""]",Công ty Cổ phần FPT,"Red River bán ra 3,7 triệu cổ phiếu FPT trong ngày cổ phiếu này đạt đỉnh",Tổng số tiền Red River Holding thu về xấp xỉ 170 tỷ đồng.,"FPT&REDRIVER:

Tổ chức nước ngoài Red River Holding ( REDRIVER ) vừa báo cáo kết quả giao dịch cổ phiếu FPT của CTCP FPT.

Theo đó, ngay 9/9 vừa qua, Red River đã bán ra gần 3,7 triệu cổ phiếu FPT , giảm lượng sở hữu từ 24,71 triệu cổ phiếu (tỷ lệ 5,36%) xuống còn hơn 21 triệu cổ phiếu tương ứng tỷ lệ sở hữu 4,58% và không còn là cổ đông lớn.

Ngày 9/9 – ngày Red River bán ra- cổ phiếu FPT cũng đã đạt đỉnh, đóng cửa phiên giao dịch ngày 9/9 ở mức 45.700 đồng/cổ phiếu nhưng trong phiên cổ phiếu FPT đã có lúc giao dịch đến mức 46.500 đồng/cổ phiếu. Như vậy, với số cổ phiếu bán ra, Red River thu về gần 170 tỷ đồng.

Cổ phiếu FPT đã có mức tăng nhẹ từ đầu tháng 8 đến nay do thông tin thoái vốn tại 10 doanh nghiệp của Chính phủ.

Biến động cổ phiếu FPT trong 3 tháng gần đây.",2016-12-09T21:57:47+07:00,2016-09-12T21:57:47,2026-07-29T21:45:38.425757+07:00,CafeF,https://cafef.vn/red-river-ban-ra-37-trieu-co-phieu-fpt-trong-ngay-co-phieu-nay-dat-dinh-20160912215642615.chn,https://cafef.vn/red-river-ban-ra-37-trieu-co-phieu-fpt-trong-ngay-co-phieu-nay-dat-dinh-20160912215642615.chn,Thái Phương,Thị trường chứng khoán,https://cafefcdn.com/thumb_w/1200/2016/chung-khoan-1473692120218.jpg,vi,COMPANY_ANALYSIS,[],"[""FPT"", ""cổ phiếu FPT""]",12.0,"[""ticker_in_title:+1"", ""alias_in_title:+3"", ""positive_entity:+1"", ""ticker_content:+3"", ""financial_terms:+2"", ""financial_metrics:+2""]",9fe2039ebb922474efcfedc074cee54899605783a2e38c81ae29c777d6d019e7,178,accepted
cafef_fpt_20161207_ecf5560b,"[""FPT""]",Công ty Cổ phần FPT,"Quỹ ngoại trao tay hơn 1,4 triệu cổ phiếu FPT","Các quỹ này cũng đã từng nhận chuyển nhượng 1,39 triệu cổ phiếu FPT từ The Caravel Fund vào ngày 18/1/2016.","FPT:

Ngày 11/7 vừa qua, Trung tâm lưu ký chứng khoán Việt Nam đã hoàn tất thủ tục chuyển quyền sở hữu 1,42 triệu cổ phiếu FPT từ quỹ Kuroto Fund LP sang cho 3 quỹ ngoại khác.

Cụ thể, quỹ Aberdeen Global Frontier Markets Equity Fund nhận 610.000 cổ phiếu; quỹ Aberdeen Institutionnal Commingled Fund, LLC nhận 540.000 cổ phiếu và quỹ Florida Retirement System nhận 270.000 cổ phiếu.

Trong nhóm này có Aberdeen Global Frontier Markets Equity Fund và Aberdeen Institutionnal Commingled Fund, LLC là thuộc quản lý của Aberdeen Asset Management. Đây là nhà quản lý quỹ toàn cầu.

Trước khi chuyển nhượng, Kuroto Fund LP sở hữu gần 9,79 triệu cổ phiếu FPT tương ứng 2,13% vốn điều lệ công ty. Giá trị chuyển nhượng không được công bố, tuy nhiên, giá đóng cửa cổ phiếu FPT phiên 11/7/2016 là 42.600 đồng/cổ phiếu. Nếu tạm tính theo giá này, Kuroto Fund LP nhận về khoảng 60 tỷ đồng.

Trước đó, vào 18/1/2016, cả 3 quỹ này cũng đã nhận chuyển nhượng tổng cộng 1,39 triệu cổ phiếu FPT từ tổ chức The Caravel Fund. Giá trị chuyển nhượng không được công bố nhưng giá đóng cửa phiên giao dịch ngày 18/1/2016 – “phiên giao dịch ngày thứ 2 đen tối“ - của cổ phiếu FPT là 44.900 đồng/cổ phiếu.",2016-12-07T21:46:00+07:00,2016-07-12T21:46:00,2026-07-29T21:45:40.447861+07:00,CafeF,https://cafef.vn/quy-ngoai-trao-tay-hon-14-trieu-co-phieu-fpt-20160712163638237.chn,https://cafef.vn/quy-ngoai-trao-tay-hon-14-trieu-co-phieu-fpt-20160712163638237.chn,Thạch Lâm,Thị trường chứng khoán,https://cafefcdn.com/thumb_w/1200/2016/q-1468315923570.PNG,vi,COMPANY_ANALYSIS,[],"[""FPT"", ""cổ phiếu FPT""]",13.0,"[""ticker_in_title:+1"", ""alias_in_title:+3"", ""ticker_in_summary:+1"", ""positive_entity:+1"", ""ticker_content:+3"", ""financial_terms:+2"", ""financial_metrics:+2""]",0ea544e6dc1e291695ceea56247b420ea28597ff47626819876149079d214e5a,239,accepted
cafef_fpt_20160119_cf92c622,"[""FPT""]",Công ty Cổ phần FPT,"The Caravel đã bán nội khối ngoại gần 2,5 triệu cổ phiếu FPT trong ngày thứ 2 đen tối","The Caravel Fund đã chuyển nhượng 2,55 triệu cổ phiếu FPT cho 4 đối tác nước ngoài.","FPT:

Theo tin từ Trung tâm lưu ký chứng khoán Việt Nam, ngày hôm qua 18/1, VSD đã hoàn tất thủ tục chuyển nhượng 2.545.506 cổ phiếu FPT từ tổ chức The Caravel Fund sang cho các đối tác nước ngoài.

Cụ thể, The Caravel Fund đã chuyển nhượng cho 4 đối tác cũng là các tổ chức nước ngoài Florida Retirement System, Aberdeen Institutional Commingled Fund, LLC, Aberdeen Global Frontier Markets Equity Fund và Truck Capital Master Fund, Ltd tổng cộng gần 2,55 triệu cổ phiếu FPT . Trong đó riêng Truck Capital Master Fund nhận chuyển nhượng hơn 1,11 triệu cổ phần.

Trước giao dịch, The Caravel Fund sở hữu gần 8,4 triệu cổ phiếu FPT tương ứng tỷ lệ 2,11% vốn điều lệ của Tập đoan FPT.

Giá chuyển nhượng chưa được công bố, nhưng các giao dịch trên đều thực hiện vào hôm qua, 18/1 – “ngày thứ 2 đen tối” của thị trường chứng khoán. Hôm qua, cổ phiếu FPT cũng đã có phiên giảm điểm thứ 4 liên tiếp, xuống còn 44.900 đồng/cp (giá đống cửa phiên 18/1).",2016-01-19T11:50:41+07:00,2016-01-19T11:50:41,2026-07-29T21:45:43.153994+07:00,CafeF,https://cafef.vn/thi-truong-chung-khoan/the-caravel-da-ban-noi-khoi-ngoai-gan-2-5-trieu-co-phieu-fpt-trong-ngay-thu-2-den-toi-2016011911343221.chn,https://cafef.vn/thi-truong-chung-khoan/the-caravel-da-ban-noi-khoi-ngoai-gan-2-5-trieu-co-phieu-fpt-trong-ngay-thu-2-den-toi-2016011911343221.chn,Thanh Mai,Thị trường chứng khoán,https://cafefcdn.com/thumb_w/1200/2015/1511201014943109-1441774269528-1448873974658.jpg,vi,COMPANY_ANALYSIS,[],"[""FPT"", ""cổ phiếu FPT""]",13.0,"[""ticker_in_title:+1"", ""alias_in_title:+3"", ""ticker_in_summary:+1"", ""positive_entity:+1"", ""ticker_content:+3"", ""financial_terms:+2"", ""financial_metrics:+2""]",45d982bd99953f5a96e265df07287b5293169bfb99bea20ded7ca8fe8759014b,193,accepted
cafef_fpt_20151116_780f7a55,"[""FPT""]",Công ty Cổ phần FPT,Bảo Minh bất ngờ đăng ký mua cổ phiếu FPT,Cả Bảo Minh (BMI) và FPT đều thuộc danh sách thoái vốn tới đây của SCIC.,"FPT&BMI&SCIC:

Đến bây giờ, sau hơn 1 tháng, nhà đầu tư vẫn chưa hết sôi sục với thông tin Tổng công ty Đầu tư & Kinh doanh vốn Nhà nước ( SCIC ) sẽ thoái vốn tại 10 doanh nghiệp trong đó có những cái tên đáng chú ý như Vinamilk, FPT , Bảo Minh ( BMI )…

Một diễn biến mới hôm nay đó là hành động đăng ký mua vào cổ phần FPT của Tổng Công ty cổ phần Bảo Minh (BMI). Cả FPT và BMI đều thuộc danh sách SCIC sẽ thoái vốn!

Điểm chung khác của FPT và BMI là cả 2 doanh nghiệp này đều có Thành viên HĐQT là ông Lê Song Lai. Ông Lê Song Lai là Phó Tổng giám đốc SCIC.

Trong lần giao dịch này, Bảo Minh ( BMI ) đăng ký mua 100.000 cổ phần FPT theo phương thức khớp lệnh hoặc thỏa thuận. Giao dịch thực hiện từ 19/11 đến 18/12/2015.",2015-11-16T16:44:15+07:00,2015-11-16T16:44:15,2026-07-29T21:45:46.195288+07:00,CafeF,https://cafef.vn/doanh-nghiep/bao-minh-bat-ngo-dang-ky-mua-co-phieu-fpt-20151116164424222.chn,https://cafef.vn/doanh-nghiep/bao-minh-bat-ngo-dang-ky-mua-co-phieu-fpt-20151116164424222.chn,Phương Chi,Doanh nghiệp,https://cafefcdn.com/thumb_w/1200/2015/ck-how-to-set-up-price-for-your-product-1-1438145745494.jpg,vi,COMPANY_ANALYSIS,[],"[""FPT"", ""cổ phiếu FPT""]",11.0,"[""ticker_in_title:+1"", ""alias_in_title:+3"", ""ticker_in_summary:+1"", ""positive_entity:+1"", ""ticker_content:+3"", ""financial_terms:+2""]",65547151b4dc1c373e29acc2e3494371b942076a4cee8bca2836c86c7d25059b,160,accepted
cafef_fpt_20150609_7e91b168,"[""FPT""]",Công ty Cổ phần FPT,"Sau khi bán, công ty con của SCIC lại đăng ký mua vào cổ phiếu FPT",Giao dịch dự kiến được thực hiện từ 8/9 đến 6/10/2015 thông qua phương thức khớp lệnh và thỏa thuận.,"FPT:

Theo thông tin từ Sở Giao dịch chứng khoán Hồ Chí Minh (HOSE), Công ty TNHH MTV Đầu tư SCIC (SIC) đã đăng ký mua 750.000 cổ phiếu của Công ty Cổ phần FPT (mã: FPT) để đầu tư tài chính.

Giao dịch dự kiến được thực hiện từ 8/9 đến 6/10/2015 thông qua phương thức khớp lệnh và thỏa thuận.

Nếu thành công, SIC sẽ tăng tỷ lệ sở hữu tại FPT từ 0,26% (hơn 1 triệu cổ phiếu) lên 0,45% (gần 1,8 triệu cổ phiếu).

Trước đó, vào ngày 31/7, SIC vừa bán ra 124.650 cổ phiếu FPT trong tổng số 997.210 cổ phiếu (tương ứng tỷ lệ 0,3%) mà SIC đăng ký bán và giảm tỷ lệ sở hữu xuống 0,26% như trên.

Mới đây FPT đã thông báo kết quả kinh doanh 7 tháng đầu năm 2015 với doanh thu hợp nhất đạt 22.535 tỷ đồng- tăng 26% so với cùng kỳ. Lợi nhuận sau thuế của cổ đông công ty mẹ đạt 990 tỷ đồng - tăng 12% so với cùng kỳ và EPS đạt 2.498 đồng.",2015-06-09T09:22:43+07:00,2015-09-06T09:22:43,2026-07-29T21:45:49.915115+07:00,CafeF,https://cafef.vn/doanh-nghiep/sau-khi-ban-cong-ty-con-cua-scic-lai-dang-ky-mua-vao-co-phieu-fpt-20150906092239631.chn,https://cafef.vn/doanh-nghiep/sau-khi-ban-cong-ty-con-cua-scic-lai-dang-ky-mua-vao-co-phieu-fpt-20150906092239631.chn,Mai Linh,Doanh nghiệp,https://cafefcdn.com/thumb_w/1200/2015/scic-ee848-1438588567335-1441506010617.jpg,vi,EARNINGS,"[""EARNINGS_REPORT""]","[""FPT"", ""Công ty Cổ phần FPT"", ""cổ phiếu FPT""]",13.0,"[""ticker_in_title:+1"", ""alias_in_title:+3"", ""positive_entity:+2"", ""ticker_content:+3"", ""financial_terms:+2"", ""financial_metrics:+2""]",7ef98b6c540bbf26db4e6ed36d412a7484ca40317422cbc7db5452f6db41f243,196,accepted
cafef_fpt_20150716_aadebb22,"[""FPT""]",Công ty Cổ phần FPT,Nhóm cổ đông Dragon Capital chuyển nhượng 3 triệu cổ phiếu FPT cho Wasatch,Tổng cộng 5 tổ chức thuộc nhóm cổ đông Dragon Capital đồng hành cùng FPT đã lâu đã thoái bớt tổng cộng 3 triệu cổ phiếu FPT.,"FPT&WASATCH&DCVEIL:

Theo tin từ Trung tâm lưu ký chứng khoán Việt Nam (VSD), một số quỹ ngoại đồng hành cùng FPT (Công ty cổ phần FPT) từ lâu đã chuyển nhượng một phần vốn cho Wasatch . Cụ thể:

Vietnam Enterprise Investments Limited (thuộc nhóm nhà đầu tư Dragon Capital Vietnam Enterprise Investment Ltd – DCVEIL cũng đã chuyển nhượng gần 420.000 cổ phiếu FPT cho Wasatch Frontier Emerging Small Countries Cit Fund.

5 tổ chức gồm Vietnam Enterprise Investments Limited, DC Developing Markets Strategies Public Limited Company, Amersham Industries Limited , Norges Bank, The CH/SE Asia Investment Holdings (Singapore) PTE. LTD đã chuyển nhượng gần 2,6 triệu cổ phiếu cho Wasatch Frontier Emerging Small Countries Fund.

Như vậy, tổng cộng 5 tổ chức thuộc nhóm cổ đông Dragon Capital đồng hành cùng FPT đã lâu đã thoái bớt tổng cộng 3 triệu cổ phiếu FPT.

2 tuần giao dịch gần đây, dù thị trường chung có nhiều biến động về điểm số nhưng cổ phiếu FPT khá lình xình, giao dịch quanh mức hơn 46.000 đồng-47.500 đồng/cổ phiếu.",2015-07-16T08:49:02+07:00,2015-07-16T08:49:02,2026-07-29T21:45:52.895758+07:00,CafeF,https://cafef.vn/doanh-nghiep/nhom-co-dong-dragon-capital-chuyen-nhuong-3-trieu-co-phieu-fpt-cho-wasatch-20150716002903378.chn,https://cafef.vn/doanh-nghiep/nhom-co-dong-dragon-capital-chuyen-nhuong-3-trieu-co-phieu-fpt-cho-wasatch-20150716002903378.chn,Mai Nguyễn,Doanh nghiệp,https://cafefcdn.com/thumb_w/1200/2015/lntt-cua-fpt-tang-12-sau-5-thang-1434686287927.png,vi,COMPANY_ANALYSIS,[],"[""FPT"", ""Công ty Cổ phần FPT"", ""cổ phiếu FPT""]",14.0,"[""ticker_in_title:+1"", ""alias_in_title:+3"", ""ticker_in_summary:+1"", ""positive_entity:+2"", ""ticker_content:+3"", ""financial_terms:+2"", ""financial_metrics:+2""]",2208f4ddaca2dc15516ec276079a0d75af05e0655a7eb89f1f234176db7ed981,185,accepted
cafef_fpt_20150513_c2396ab4,"[""FPT""]",Công ty Cổ phần FPT,"Kuroto Fund mua 1,8 triệu cổ phiếu FPT từ 4 tổ chức ngoại","Nếu tính theo mức thị giá đang giao dịch trên HSX hiện tại (~49.000 đồng/cổ phiếu), Kuroto Fund chi khoảng hơn 88 tỷ đồng để sở hữu lượng cổ phiếu nói trên.","FPT&DCVEIL:

Trung tâm Lưu ký Chứng khoán Việt Nam (VSD) thông báo đã thực hiện chuyển quyền sở hữu 1.800.000 cổ phiếu FPT từ 4 nhà đầu tư ngoại sang 1 nhà đầu tư ngoại khác. Cụ thể:

-Vietnam Enterprise Investment Ltd: 800.000 cổ phiếu

-Amersham Industries Limited: 550.000 cổ phiếu

-Norges Bank: 350.000 cổ phiếu

-DC Developing Markets Strategies Public Limited Company: 100.000 cổ phiếu

Bên nhận chuyển quyền sở hữu: Kuroto Fund, L.P

Ngày hiệu lực chuyển quyền sở hữu là 11/05/2015.

Kuroto Fund có trụ sở tại Mỹ. Hình thức của quỹ là quỹ tương hỗ.

Nếu tính theo mức thị giá đang giao dịch trên HSX hiện tại (~49.000 đồng/cổ phiếu), Kuroto Fund chi khoảng hơn 88 tỷ đồng để sở hữu lượng cổ phiếu nói trên.

Cổ phiếu FPT vẫn đang trong trạng thái đầy room ngoại. Bởi vậy, Kuroto Fund muốn mua cổ phiếu FPT chỉ có cách thỏa thuận nội khối ngoại với các tổ chức, cá nhân ngoại khác.

Phương Chi",2015-05-13T11:46:00+07:00,2015-05-13T11:46:00,2026-07-29T21:45:57.596485+07:00,CafeF,https://cafef.vn/doanh-nghiep/kuroto-fund-mua-1-8-trieu-co-phieu-fpt-tu-4-to-chuc-ngoai-20150513114055764.chn,https://cafef.vn/doanh-nghiep/kuroto-fund-mua-1-8-trieu-co-phieu-fpt-tu-4-to-chuc-ngoai-20150513114055764.chn,Thanh Hương,Doanh nghiệp,https://cafefcdn.com/thumb_w/1200/thumb_w/640/2015/anh-1428022691199.jpg,vi,COMPANY_ANALYSIS,[],"[""FPT"", ""cổ phiếu FPT""]",12.0,"[""ticker_in_title:+1"", ""alias_in_title:+3"", ""positive_entity:+1"", ""ticker_content:+3"", ""financial_terms:+2"", ""financial_metrics:+2""]",b68061a6b5e99d653fbe2025b422cd9dac4ccd55156e575f365b8986b722f598,181,accepted
cafef_fpt_20150327_aee9f79a,"[""FPT""]",Công ty Cổ phần FPT,VF4: Thanh lý cổ phiếu FPT đem lại gần 48% lợi nhuận cho quỹ,"Năm 2014, VF4 đã thanh lý FPT đem lại gần 48% lợi nhuận cho quỹ. Năm 2015, quỹ nhận định ngành nhóm ngành vật liệu xây dựng, ngành thực phẩm nước giải khát sẽ có sự tăng trưởng mạnh mẽ.","VFMVF4:

Chiều ngày 26/03/2015, Đại hội Nhà đầu tư thường niên của Quỹ Đầu tư Doanh nghiêp hàng đầu Việt Nam – VF4 đã được tiến hành thành công.

Thanh lý cổ phiếu FPT đem lại gần 48% lợi nhuận cho quỹ

Năm 2014, Quỹ VF4 tạo ra hơn 67 tỷ đồng lợi nhuận, làm tăng giá trị tài sản ròng (NAV) trên mỗi đơn vị quỹ 518 đồng, tương ứng tăng 6,1% so với đầu năm. Kết thúc năm 2014, giá trị NAV/CCQ đạt 8.976,65 đồng/CCQ.

Tỷ trọng tiền mặt bình quân cả năm ở mức xấp xỉ 9% NAV. Tỷ trọng tiền mặt được nâng lên tối đa 20% trong giai đoạn tháng 5 để giảm bớt sức ảnh hưởng khi thị trường chịu tác động rất mạnh cua sự kiện biển Đông. Kết thúc năm 2014 quỹ VF4 có tỷ lệ tiền khả dụng là 14,2%NAV, dự trữ cho một số cơ hội đầu tư mới.

Danh mục đầu tư năm 2014 vẫn duy trì tỷ trọng cổ phiếu vốn hóa lớn chiếm gần 70%/NAV.

VF4 cho biết, đóng góp nhiều nhất vào lợi nhuận của Quỹ VF4 trong năm 2014 là từ cổ phiếu thuộc ngành Thiết bị và phần cứng công nghệ. Ngành này đã tăng hơn 36% trong danh mục và đem lại gần 48% lợi nhuận của Quỹ. Quỹ VF4 đã thực hiện hóa phần lớn lợi nhuận từ ngành này trong năm 2014.

Ngoài ra, các ngành Ngân hàng, Năng lượng, Vật liệu, Dịch vụ tài chính, Tiện ích công cộng và Phụ tùng Ô tô đều cóăng trưởng khá tốt từ 7% đến 20% trong năm 2014 và đều đóng góp vào lợi nhuận chung của Quỹ.

Các ngành Bất động sản, Bảo hiểm, Thực phẩm, Dệt may và tiêu dùng, Dược phẩm có tăng trưởng âm nhẹ trong năm và làm giảm khoảng 0,6% tăng trưởng của Quỹ. Trong đó ngành Dược phẩm đã được thanh lý toàn bộ theo kế hoạch năm 2014, ngành Bảo hiểm (gồm BVH) giảm thị giá chủ yếu do biến động nhân sự trong nửa cuối năm và các ngành khác đang trong quá trình xây dựng danh mục với giá thấp với nhận định các ngành này sẽ có tăng trưởng tốt trong năm 2015.

Về ngành Thực phẩm: Ngành này đã giảm mạnh từ hơn 20% đầu năm 2014 xuống còn 11% cuối năm 2014. Trong năm 2014, VF4 đánh giá tốc độ tăng trưởng chung của ngành đang giảm và tính cạnh tranh trong ngành tăng lên mạnh làm gia tăng chi phí bán hàng và giảm biên lợi nhuận chung của ngành. Ngành Thực phẩm vào thời điểm cuối năm lại được hưởng lợi từ sự giảm giá mạnh của các nguyên liệu đầu vào. Quỹ VF4 vẫn giữ tỷ trọng ngành này khá lớn vào thời điểm cuối năm để làm tiền đề cho tăng trưởng trong năm 2015, khi biên lợi nhuận được cải thiện tốt.

Về ngành Ngân hàng: Cuối năm 2014 Quỹ đã thanh lý bớt khoản đầu tư vào CP EIB và thay thế một phần bằng khoản đầu tư vào VCB. Trong năm 2014, VCB đã tăng trưởng hơn 40%.

Chiến lược đầu tư năm 2015 Năm 2015, Quỹ VF4 sẽ tiếp tục tuân thủ chiến lược đầu tư đã được xác định trong Điều lệ của Quỹ với định hướng:

(i) Điều chỉnh tỷ trọng danh mục theo hướng tăng tỷ trọng cổ phiếu/ngành có tiềm năng tăng trưởng cao như ngành: Ngân hàng, Vật liệu, Bất động sản, Tiện ích công cộng, Vận tải, Dịch vụ y tế ...; giảm tỷ trọng/thực hiện hóa lợi nhuận ở các cổ phiếu trong ngành Hàng hóa công nghiệp, Dịch vụ tài chính, Ô tô và phụ tùng, Năng lượng...

(ii) Năng động tìm kiếm các cơ hội đầu tư ở các doanh nghiệp được hưởng lợi từ biến động tỷ giá, giá dầu, giá nguyên vật liệu đầu vào hoặc các doanh nghiệp đã vượt qua giai đoạn khó khăn và lấy lại đà tăng trưởng, mở rộng quy mô...

(iii) Tận dụng các cơ hội đầu tư CP chuẩn bị niêm yết, quyền mua phát hành thêm hoặc các chứng khoán phái sinh (nếu có) để gia tăng thêm lợi nhuận cho Quỹ.

Điều chỉnh tần suất giao dịch CCQ từ 1 lần/tuần lên hàng ngày

VF4 đề xuất chỉnh sửa lại điều lệ quỹ và được Đại hội đồng nhà đầu tư thông qua. Trong đó có nội dung quan trọng là điều chỉnh tần suất giao dịch của CCQ VF4 từ 1 lần/tuần sang giao dịch hàng ngày ngoại trừ các ngày làm việc bù rơi vào thứ 7/Chủ nhật.

Trong trường hợp tần suất giao dịch hàng ngày , ngày định giá là ngày làm việc trong tuần và ngày đầu tiên của tháng tiếp theo. từ việc giao dịch 1 tuần/lần sang giao dịch hàng ngày, thời điểm áp dụng sẽ được VF4 thông báo với nhà đầu tư.

Quỹ VF4 cũng đã thông qua việc thay đổi Ngân hàng Giám sát. Ngân hàng TNHH Một thành viên Standard Chartered Việt Nam thay cho Ngân hàng giám sát trước đó là Ngân hàng Deutsche Bank.

Thanh Giang",2015-03-27T08:24:00+07:00,2015-03-27T08:24:00,2026-07-29T21:45:59.867910+07:00,CafeF,https://cafef.vn/thi-truong-chung-khoan/vf4-thanh-ly-co-phieu-fpt-dem-lai-gan-48-loi-nhuan-cho-quy-20150327073447885.chn,https://cafef.vn/thi-truong-chung-khoan/vf4-thanh-ly-co-phieu-fpt-dem-lai-gan-48-loi-nhuan-cho-quy-20150327073447885.chn,Ngọc Quỳnh,Thị trường chứng khoán,https://cafefcdn.com/thumb_w/1200/thumb_w/640/2015/vf4-1427416361828.jpg,vi,EARNINGS,"[""EARNINGS_REPORT""]","[""FPT"", ""cổ phiếu FPT""]",11.0,"[""ticker_in_title:+1"", ""alias_in_title:+3"", ""ticker_in_summary:+1"", ""positive_entity:+1"", ""ticker_content:+1"", ""financial_terms:+2"", ""financial_metrics:+2""]",895517202323e5b88bc0d75c2930251b47b82579c9aba9d58b57d5fe634ef6c2,892,accepted
cafef_fpt_20141114_fc0f5b08,"[""FPT""]",Công ty Cổ phần FPT,Vietnam Equity Holding bán 1 triệu cổ phiếu FPT cho Kuroto Fund,"Vietnam Equity Holding đã rút bớt khoản đầu tư tại một số doanh nghiệp Việt thời gian qua như VNM, MBB...","FPT&:

Trung tâm Lưu ký Chứng khoán Việt Nam (VSD) thông báo đã thực hiện chuyển quyền sở hữu 1.000.000 cổ phiếu FPT của Công ty cổ phần FPT, từ nhà đầu tư Vietnam Equity Holding sang nhà đầu tư Kuroto Fund, L.P.

Ngày hiệu lực chuyển quyền sở hữu: 13/11/2014.

Chúng tôi cũng xin lưu ý thêm trường hợp của Vietnam Equity Holding. Quỹ này đã rút bớt khoản đầu tư tại một số doanh nghiệp Việt thời gian qua. Hồi cuối 2013, quỹ này bán bớt khoảng 500 nghìn cổ phiếu VNM cho Aberdeen Institutional Commingled Funds, LLC; Aberdeen Global Frontier Markets Equity Fund và Florida Retirement System. Còn đến tháng 8/2014 thì Vietnam Equity Holding cũng bán 2.756.250 cổ phiếu MBB của Ngân hàng quân đội cho nhà đầu tư The Caravel Fund (International) Ltd.

Kuroto Fund, L.P là quỹ chưa xuất hiện nhiều trên thị trường chứng khoán Việt. Theo tìm hiểu của chúng tôi, đây là một quỹ có trụ sở tại Mỹ.

Phương Chi",2014-11-14T16:26:22+07:00,2014-11-14T16:26:22,2026-07-29T21:46:08.146872+07:00,CafeF,https://cafef.vn/doanh-nghiep/vietnam-equity-holding-ban-1-trieu-co-phieu-fpt-cho-kuroto-fund-2014111416235037316.chn,https://cafef.vn/doanh-nghiep/vietnam-equity-holding-ban-1-trieu-co-phieu-fpt-cho-kuroto-fund-2014111416235037316.chn,thanhhuong,Doanh nghiệp,https://cafefcdn.com/thumb_w/1200/Vietnam Equity Holding bán 1 triệu cổ phiếu FPT cho Kuroto Fund,vi,COMPANY_ANALYSIS,[],"[""FPT"", ""Công ty Cổ phần FPT"", ""cổ phiếu FPT""]",13.0,"[""ticker_in_title:+1"", ""alias_in_title:+3"", ""positive_entity:+2"", ""ticker_content:+3"", ""financial_terms:+2"", ""financial_metrics:+2""]",928ec90a5c4ebbfe8d36597912832b85347551467a81f912dd09b0ca8bbfb473,179,accepted
cafef_fpt_20140408_224de15f,"[""FPT""]",Công ty Cổ phần FPT,FPT gom thêm cổ phiếu FPT Telecom với mức giá 52.000 đồng/cp,"Tại mức giá này, vốn hóa của FPT Telecom đạt gần 6.500 tỷ đồng.","FPT&FTC&:

Hội đồng quản trị FPT vừa có nghị quyết về tạm ứng cổ tức đợt 1/2014 với tỷ lệ 10% bằng tiền mặt và phê duyệt phương án mua thêm cổ phiếu FPT Telecom từ các cổ đông thiểu số.

Với vốn điều lệ hiện tại là 3.440 tỷ đồng, FPT sẽ chi ra khoảng 340 tỷ đồng để trả cổ tức.

Việc mua thêm cổ phiếu FPT Telecom sẽ diễn ra trong vòng 1 tháng kể từ ngày 8/8 với giá mua 52.000 đồng/cp.

FPT Telecom hiện có vốn điều lệ 1.246 tỷ đồng với cơ cấu sở hữu khá cô đặc: SCIC nắm 50,17% và FPT sở hữu 42,5%, tức chỉ có hơn 7% do các cổ đông nhỏ nắm giữ.

Tại mức giá 52.000 đồng thì vốn hóa của FPT Telecom đạt xấp xỉ 6.500 tỷ đồng, bằng 38% vốn hóa của FPT. Hiện cổ phiếu FPT đang giao dịch quanh mức giá 50.000 đồng.

Mặc dù nắm giữ dưới 50% cổ phần nhưng FPT Telecom vẫn được coi là công ty con của FPT. Việc mua lại hoặc hoán đổi số cổ phiếu FPT Telecom mà SCIC được xem là không khả thi khi SCIC quyết định sẽ nắm giữ lâu dài khoản đầu tư này.

Nửa đầu năm nay, FPT Telecom cùng công ty con FPT Online đóng góp tới 42% tổng lợi nhuận trước thuế của toàn tập đoàn FPT.

Kinh Kha",2014-04-08T16:28:22+07:00,2014-08-04T16:28:22,2026-07-29T21:46:10.686676+07:00,CafeF,https://cafef.vn/doanh-nghiep/fpt-gom-them-co-phieu-fpt-telecom-voi-muc-gia-52000-dongcp-2014080416241607317.chn,https://cafef.vn/doanh-nghiep/fpt-gom-them-co-phieu-fpt-telecom-voi-muc-gia-52000-dongcp-2014080416241607317.chn,duchai,Doanh nghiệp,https://cafefcdn.com/thumb_w/1200/FPT gom thêm cổ phiếu FPT Telecom với mức giá 52.000 đồng/cp,vi,EARNINGS,"[""EARNINGS_REPORT""]","[""FPT"", ""Tập đoàn FPT"", ""cổ phiếu FPT""]",14.0,"[""ticker_in_title:+1"", ""alias_in_title:+3"", ""ticker_in_summary:+1"", ""positive_entity:+2"", ""ticker_content:+3"", ""financial_terms:+2"", ""financial_metrics:+2""]",249eadef53dfbf1d83ea258a19a310dff6020fcfbf5c3315966eb753354d8a98,251,accepted
cafef_fpt_20130609_9259bf1b,"[""FPT""]",Công ty Cổ phần FPT,"Orchid Capital và ""nghi án"" thoái 29 triệu cổ phiếu FPT trong 3 phiên vừa qua",Việc nắm giữ hơn 29 triệu cổ phiếu FPT trong gần 2 năm đã thu lợi cho Orchid Capital một khoản lợi không hề nhỏ.,"FPT&:

Cụ thể, ngày 4/9, khối ngoại đã thỏa thuận nội khối 17.942.312 cổ phiếu FPT với giá thỏa thuận 45.000 đồng/cp.

Sang ngày 5/9, lượng thỏa thuận nội khối của khối ngoại còn 1,3 triệu nhưng đến phiên giao dịch hôm nay, khối ngoại tiếp tục thỏa thuận nội khối 10.095.470 cổ phiếu FPT.

Tính chung trong 3 ngày, khối ngoại đã thỏa thuận 29,33 triệu cổ phiếu FPT với giá dao động từ 45.000 – 45.800 đồng/cp.

Nếu tính trong 1 tháng trở lại đây, khối ngoại thỏa thuận nội khối 31,3 triệu cổ phiếu FPT.

Khối ngoại đang làm gì với lượng cổ phiếu FPT khổng lồ như vậy? Với 29 triệu cổ phiếu thỏa thuận trong 3 phiên, chiếm tỷ lệ gần 10,66% khối lượng cổ phiếu lưu hành của FPT ở thời điểm hiện tại mà chưa có bất cứ một thông báo nào về giao dịch cổ đông nội bộ hay cổ đông lớn của FPT bởi việc báo cáo này được giới hạn trong vòng 7 ngày kể từ ngày thay đổi tỷ lệ sở hữu.

Ngoài ra, với quy định mới của Thông tư số 213/2012/TT-BTC, nhóm các nhà đầu tư nước ngoài có liên quan bắt buộc phải báo cáo tỷ lệ sở hữu, cho dù mỗi thành viên chỉ nắm giữ dưới 5%.

Nghi án Orchid Capital

Hiện tại, trong danh sách cổ đông của FPT, có 7 tổ chức và quỹ nắm trên 1% vốn của FPT là:

· Orchid Capital Investments Pte Ltd là tổ chức nước ngoài nắm giữ cổ phiếu FPT nhiều nhất với 10,6% vốn, với lượng cổ phiếu nắm giữ là 29.168.462 cổ phiếu (tính tại thời điểm 3/6/2013)

· Tổ chức ngoại lớn thứ 2 nắm giữ cổ phiếu FPT là Red River Holding nắm 15,75 triệu cổ phiếu (5,73%),

· Vietnam Equity Holding (1,65%)

· Dragon Capital Vietnam Mother Fund (1,63%)

· Amersham Industries Limited (1,6%)

· Vietnam Enterpries Investments Limited (1,54%)

· Wareham Group Limited nắm 1,48%

Đối chiếu danh sách cổ đông ngoại như vậy, duy nhất Orchid Capital có khả năng chuyển nhượng hơn 17 triệu cổ phiếu FPT trong ngày 4/9/2013 và nhiều khả năng lượng thỏa thuận FPT “khủng” trong 3 ngày qua là của tổ chức này.

Orchid Capital Investments Pte. Ltd cũng là tổ chức đang nắm giữ 78.546.994 cổ phiếu MSN của Masan (chiếm 11,14% vốn của MSN), trong đó Orchid Capital nhận chuyển nhượng 58,67 triệu cp MSN từ 6 cổ đông lớn của MSN từ tháng 7/2013. Chưa có một căn cứ cụ thể nào khẳng định việc thoái vốn khỏi FPT của Orchild có dành tiền để đầu tư tiếp vào Masan hay không hay quỹ này sẽ rút vốn về luôn.

Hưởng lợi lớn từ cổ tức của FPT trong 2 năm đầu tư

Orchid Capital Investments Pte. Ltd là tên mới đổi của Quỹ Orchid Fund, một quỹ có nguồn gốc từ Singapore.

Quỹ Orchid Fund trở thành cổ đông lớn của FPT từ tháng 10/2011, và gia tăng rất nhanh tỷ lệ sở hữu tại tập đoàn này từ 5,46% lên 10,6% trong năm 2012. Trong giai đoạn Orchid Fund gom mua FPT, vào khoảng tháng 1/2012, Orchid Fund mua 4,3 triệu cp FPT với giá quanh 34.000 đồng/cp, tháng 2/2012, quỹ này mua 1,8 triệu cp FPT trong khoảng 36.000 đồng/cp.

Đến tháng 5/2012, Orchid Fund đã nắm giữ hơn 21 triệu cổ phiếu FPT, tương đương 9,81% vốn của công ty này, quỹ đăng ký mua thêm gần 11 triệu cổ phiếu FPT trong tháng 5/2012 nhưng giao dịch bất thành do giá FPT đã tăng lên trên 47.000 đồng/cp (tăng hơn 38% so với thời điểm Orchid bắt đầu đầu tư). Thay vì mua trên sàn, Orchild Fund đã nhận chuyển nhượng 2,7 triệu cổ phiếu FPT từ 3 nhà đầu tư ngoại khác, giao dịch hoàn tất ngày 5/7/2013.

Chưa kể chênh lệch giá cổ phiếu trong thời gian đầu tư, mua vào khoảng 34.000 -38.000 đồng/cp và bán ra giá 45.000 đồng/cp (mức lời khoảng 25%).

Như vậy với việc nắm giữ hơn 29 triệu cổ phiếu FPT trong gần 2 năm đã mang về cho Orchid Capital một khoản lợi không hề nhỏ.",2013-06-09T18:35:15+07:00,2013-09-06T18:35:15,2026-07-29T21:46:30.025812+07:00,CafeF,https://cafef.vn/thi-truong-chung-khoan/orchid-capital-va-nghi-an-thoai-29-trieu-co-phieu-fpt-trong-3-phien-vua-qua-2013090618002616020.chn,https://cafef.vn/thi-truong-chung-khoan/orchid-capital-va-nghi-an-thoai-29-trieu-co-phieu-fpt-trong-3-phien-vua-qua-2013090618002616020.chn,phuongmai,Thị trường chứng khoán,"https://cafefcdn.com/thumb_w/1200/Orchid Capital và ""nghi án"" thoái 29 triệu cổ phiếu FPT trong 3 phiên vừa qua",vi,DIVIDEND,"[""DIVIDEND""]","[""FPT"", ""cổ phiếu FPT""]",13.0,"[""ticker_in_title:+1"", ""alias_in_title:+3"", ""ticker_in_summary:+1"", ""positive_entity:+1"", ""ticker_content:+3"", ""financial_terms:+2"", ""financial_metrics:+2""]",e63a42834b6c96f71af82d0adbc0129724f02c21cbc7d8a45fddd41a8fbe489a,764,accepted
cafef_fpt_20120927_31dbf561,"[""FPT""]",Công ty Cổ phần FPT,[Chart] Giá cổ phiếu FPT dưới thời Trương Đình Anh,"Trong thời gian ông Trương Đình Anh làm TGĐ, cổ phiếu FPT giảm giá 1.000 đồng","FPT&:

Ông Trương Đình Anh chính thức nhận chức Tổng Giám Đốc FPT vào ngày 25/3/2011. Khi đó giá cổ phiếu đóng cửa ở mức giá 52.500 đồng/cp (giá điều chỉnh là 39.200 đồng/cp do vào ngày 15/5, FPT đã chốt danh sách trả cổ tức 10% bằng tiền và 15% bằng cổ phiếu).

Kết thúc phiên giao dịch sáng nay, sau khi thông tin ông Trương Đình Anh từ nhiệm được công bố rộng rãi, giá cổ phiếu FPT tăng 3,2% và đang ở mức 38.200 đồng/cp.

Như vậy, nếu nhà đầu tư nắm giữ cổ phiếu trong suốt thời gian ông Trương Đình Anh làm Tổng Giám Đốc sẽ lỗ 1.000 đồng/cp.

Trong khoảng thời gian này cổ phiếu FPT đạt mức giá cao nhất là 67.000 đồng/cp (điều chỉnh còn 51.500 đồng) và mức thấp nhất là 43.400 đồng/cp (điều chỉnh là 32.700 đồng)

Diễn biến giá cổ phiếu FPT từ ngày 25/3/2011 đến 26/9/2012

Diễn biến vốn hóa của cổ phiếu FPT từ 25/3/2011 đến nay

An Huy",2012-09-27T15:09:43+07:00,2012-09-27T15:09:43,2026-07-29T21:46:32.736326+07:00,CafeF,https://cafef.vn/doanh-nghiep/chart-gia-co-phieu-fpt-duoi-thoi-truong-dinh-anh-20120927121421751.chn,https://cafef.vn/doanh-nghiep/chart-gia-co-phieu-fpt-duoi-thoi-truong-dinh-anh-20120927121421751.chn,tuannd,Doanh nghiệp,https://cafefcdn.com/thumb_w/1200/[Chart] Giá cổ phiếu FPT dưới thời Trương Đình Anh,vi,DIVIDEND,"[""DIVIDEND""]","[""FPT"", ""cổ phiếu FPT""]",13.0,"[""ticker_in_title:+1"", ""alias_in_title:+3"", ""ticker_in_summary:+1"", ""positive_entity:+1"", ""ticker_content:+3"", ""financial_terms:+2"", ""financial_metrics:+2""]",57d3453a91711ccd981030c95dea9b5f9375df83e02cb3c4ebf5353fa3dd3b5d,196,accepted
cafef_fpt_20120405_46c14c7a,"[""FPT""]",Công ty Cổ phần FPT,SCIC chưa tiếp cận đề nghị hoán đổi cổ phiếu FPT Telecom,"Năm 2012, FPT đặt mục tiêu doanh thu 31.300 tỷ đồng, tăng 21% so với năm ngoái; LNTT 3.000 tỷ đồng, tăng 22%; chia cổ tức bằng tiền mặt từ 15 - 30% mệnh giá.","Một lãnh đạo Tổng công ty Đầu tư Kinh doanh vốn Nhà nước (SCIC) cho biết, SCIC chưa nhận được phương án cụ thể về việc FPT Telecom hợp nhất vào FPT.

Theo quy trình hiện nay, sau khi nhận được đề nghị và phương án cụ thể về việc hoán đổi cổ phiếu FPT Telecom với cổ phiếu FPT, SCIC sẽ xem xét phương án và báo cáo cấp trên cho ý kiến mới có thể ra quyết định đồng ý hay không đồng ý với đề nghị này. Ban lãnh đạo FPT thể hiện quyết tâm hợp nhất FPT Telecom vào FPT, giới quan sát cho rằng, sức hấp dẫn nằm ở khả năng tạo ra lợi nhuận lớn của FPT Telecom.

Theo thông báo từ Sở GDCK TP. HCM, FPT sẽ phát hành thêm 54.020.669 cổ phiếu để trả cổ tức cho cổ đông theo tỷ lệ 25%. Việc chi trả cổ tức bằng cổ phiếu FPT sẽ được thực hiện trong quý II/2012. 10% mức cổ tức bằng tiền mặt còn lại trên tổng số 20% sẽ được chi trả cùng thời điểm trên. Năm 2011, FPT tiến hành trả cổ tức 45% bằng tiền mặt và cổ phiếu cho cổ đông.

Năm 2012, FPT đặt mục tiêu doanh thu 31.300 tỷ đồng, tăng 21% so với năm ngoái; LNTT 3.000 tỷ đồng, tăng 22%; chia cổ tức bằng tiền mặt từ 15 - 30% mệnh giá.

Theo P.Lan

ĐTCK",2012-04-05T14:09:57+07:00,2012-05-04T14:09:57,2026-07-29T21:46:36.614680+07:00,CafeF,https://cafef.vn/doanh-nghiep/scic-chua-tiep-can-de-nghi-hoan-doi-co-phieu-fpt-telecom-20120504020850753.chn,https://cafef.vn/doanh-nghiep/scic-chua-tiep-can-de-nghi-hoan-doi-co-phieu-fpt-telecom-20120504020850753.chn,thanhhuong,Doanh nghiệp,https://cafefcdn.com/thumb_w/1200/SCIC chưa tiếp cận đề nghị hoán đổi cổ phiếu FPT Telecom,vi,EARNINGS,"[""EARNINGS_REPORT""]","[""FPT"", ""cổ phiếu FPT""]",13.0,"[""ticker_in_title:+1"", ""alias_in_title:+3"", ""ticker_in_summary:+1"", ""positive_entity:+1"", ""ticker_content:+3"", ""financial_terms:+2"", ""financial_metrics:+2""]",90f10ccf7a688b75386c40e6540b201504ac1023b78732867dcd660e644ebecf,249,accepted
cafef_fpt_20110729_55c3961e,"[""FPT""]",Công ty Cổ phần FPT,Khối ngoại mua ròng hơn 4 triệu cổ phiếu FPT trong tháng 7,"Nếu khối ngoại duy trì tốc độ mua ròng190 nghìn cổ phiếu/1 phiên như trong tháng 7, FPT sẽ hết Room sau 18 phiên giao dịch nữa.","Cổ phiếu FPT là tâm điểm giao dịch của khối ngoại trong tháng 7 với tổng giá trị mua ròng cả tháng lên hơn 212 tỷ đồng. Trong tháng cổ phiếu FPT cũng tăng 19,8% về giá và đóng cửa ở mức 57.500 đồng/cp trong phiên giao dịch cuối tháng.

Hiện khối lượng còn được phép mua (Room) của khối ngoại tại FPT là hơn 3,6 triệu đơn vị và FPT đã có 17 phiên mua ròng liên tiếp.

Nếu khối ngoại duy trì tốc độ trung bình 190 nghìn cổ phiếu mua ròng trong 1 phiên như tháng 7, FPT sẽ hết Room sau 18 phiên giao dịch nữa.

Xét theo giá trị, trong tháng 7 toàn thị trường có 243 cổ phiếu được mua ròng và 142 cổ phiếu được bán ròng.

Hôm nay trên HOSE , khối ngoại khép lại tháng 7 bằng phiên mua ròng mạnh nhất trong tháng, khi mua vào 4,2 triệu đơn vị và bán ra 2,4 triệu đơn vị.

Tính trong cả tháng 7, khối ngoại bán nhiều hơn mua 2,2 triệu đơn vị nhưng giá trị mua lại lớn hơn giá trị bán 130 tỷ đồng.

Tại sàn Hà Nội , tương tự khối ngoại cũng có phiên mua ròng mạnh nhất trong tháng với 275 nghìn đơn vị được mua ròng, tương đương 8,7 tỷ đồng.

Tính trong cả tháng 7, khối ngoại tại HNX mua ròng 1,2 triệu đơn vị với giá trị mua ròng đạt hơn 22 tỷ đồng.

Đứng sau FPT trong Top các cổ phiếu được mua ròng nhiều nhất trong tháng 7, lần lượt là VCB (45,2 tỷ) và REE (29 tỷ). Trong Top này, FPT cũng là cổ phiếu có mức tăng giá mạnh nhất (19,8%), xếp sau là TRA (17,1%) và VCB (13,6%).

Trong Top các cổ phiếu bị bán ròng mạnh trong tháng, chỉ duy nhất có STB là tăng giá (tăng 15,8% trong tháng - đóng cửa 13.900 đồng/cp phiên 29/7).

Bảng thống kê top 15 cổ phiếu có giá trị mua/bán ròng lớn nhất trong tháng 7:",2011-07-29T15:33:25+07:00,2011-07-29T15:33:25,2026-07-29T21:46:46.629285+07:00,CafeF,https://cafef.vn/thi-truong-chung-khoan/khoi-ngoai-mua-rong-hon-4-trieu-co-phieu-fpt-trong-thang-7-201172915275972.chn,https://cafef.vn/thi-truong-chung-khoan/khoi-ngoai-mua-rong-hon-4-trieu-co-phieu-fpt-trong-thang-7-201172915275972.chn,lenam,Thị trường chứng khoán,https://cafefcdn.com/thumb_w/1200/Khối ngoại mua ròng hơn 4 triệu cổ phiếu FPT trong tháng 7,vi,COMPANY_ANALYSIS,[],"[""FPT"", ""cổ phiếu FPT""]",13.0,"[""ticker_in_title:+1"", ""alias_in_title:+3"", ""ticker_in_summary:+1"", ""positive_entity:+1"", ""ticker_content:+3"", ""financial_terms:+2"", ""financial_metrics:+2""]",391040e3e040914d68483abb52cf5308ea2bdfd2947ccf18cc87abc743d181c5,362,accepted
cafef_fpt_20081205_e53d3ac5,"[""FPT""]",Công ty Cổ phần FPT,Deutsche Bank đã mua gần 64.500 cổ phiếu FPT,"Ngày 08/05, Deutsche Bank AG London đã mua 64.390 cổ phiếu FPT của Công ty Cổ phần Phát triển Đầu tư Công Nghệ FPT.","Số lượng cổ phiếu Deutsche Bank AG London nắm giữ trước khi thực hiện giao dịch là 4.585.938 cổ phiếu (chiếm tỷ lệ 4,99%). Hiện tại, khi thực hiện giao dịch, Deutsche Bank AG London nắm giữ 4.650.328 cổ phiếu (chiếm tỷ lệ 5,06 %).

Trước đó, bà Trương Ngọc Anh (con ông Trương Gia Bình - Chủ tịch HĐQT kiêm Tổng Giám đốc Công ty) đã đăng ký mua 10.000 cổ phiếu FPT từ ngày 12/05 – 30/05 thông qua hình thức khớp lệnh.

Theo báo cáo kết quả kinh doanh quý I/2008, doanh thu thuần của tập đoàn đạt trên 4.393 tỷ đồng, tăng 58,9% so với cùng kỳ năm ngoái và vượt 13,3% so với kế hoạch.

Lợi nhuận trước thuế đạt trên 303 tỷ đồng, tăng 46,6% so với cùng kỳ năm 2007 và vượt 39,2% so với kế hoạch trong quý I.",2008-12-05T20:55:36+07:00,2008-05-12T20:55:36,2026-07-29T21:46:48.549907+07:00,CafeF,https://cafef.vn/doanh-nghiep/deutsche-bank-da-mua-gan-64500-co-phieu-fpt-2008512205536514.chn,https://cafef.vn/doanh-nghiep/deutsche-bank-da-mua-gan-64500-co-phieu-fpt-2008512205536514.chn,phuongmai,Doanh nghiệp,https://cafefcdn.com/thumb_w/1200/Deutsche Bank đã mua gần 64.500 cổ phiếu FPT,vi,EARNINGS,"[""EARNINGS_REPORT""]","[""FPT"", ""cổ phiếu FPT""]",11.0,"[""ticker_in_title:+1"", ""alias_in_title:+3"", ""ticker_in_summary:+1"", ""positive_entity:+1"", ""ticker_content:+1"", ""financial_terms:+2"", ""financial_metrics:+2""]",7d0036ea2c025f95be090a3677bc1518440c220cb0f717a988b6aa431d5a81a0,159,accepted
cafef_fpt_20071216_440ea205,"[""FPT""]",Công ty Cổ phần FPT,Liệu có vấn đề gì với cổ phiếu FPT hay không?,"Cổ phiếu FPT giảm giá liên tục, khiến không ít nhà đầu tư phải đặt câu hỏi về tình hình kinh doanh và các chỉ số của blue-chip này liệu có vấn đề gì không.","Riêng trong tuần vừa qua, giá của FPT giảm tới 4 phiên. Giá cuối tuần giảm mất 8.000 đồng so với phiên đầu tuần. Tuy vậy, lượng giao dịch có xu hướng ít đi do các nhà đầu tư có lẽ không chịu bán ở mức giá như hiện nay. Biến động giá cổ phiếu trong 5 phiên vừa qua:

Ngày

Thay đổi

% thay đổi

Giá

Khối lượng

14/12/2007

-2 .000

-0,89%

222.000

204.820

13/12/2007

-3.000

-1,32%

224.00

291.570

12/12/2007

1.000

+0,44%

227.000

329.220

11/12/2007

-2.000

-0,88%

226.000

327.840

10/12/2007

-4.000

-1,72%

228.000

301.700

Tính đến hết quý 3 năm 2007, FPT đã đạt doanh số 566 triệu USD, lợi nhuận trước thuế đạt 41 triệu USD, hoàn thành 83% kế hoạch lợi nhuận năm 2007. So với cùng kỳ năm ngoái, mức tăng trưởng về doanh số và lợi nhuận trước thuế tương ứng là 20,6% và 91%. Lợi nhuận dự kiến cả năm 2007 sẽ đạt vượt mức kế hoạch đề ra với tỷ lệ khoảng 115%.

Năm 2007, FPT đã trở thành đối tác của Microsoft tại Việt Nam, và vừa qua là ký kết thành lập quỹ đầu tư 100 triệu USD với SBI-Nhật Bản...

Cũng trong năm 2007, công ty được cấp thêm 3 giấy phép kinh doanh viễn thông, đang xây dựng và từng bước chuyển sang chiến lược “e-citizen” (công dân điện tử)...

Chiến lược mới này sẽ hứa hẹn doanh số và lợi nhuận vượt trội của toàn tập đoàn trong những năm tới.

Mới đây, FPT cũng được chọn làm nhà phân phối sản phẩm của Sandisk tại VN. Sandisk vừa chính thức công bố sự hợp tác chiến lược với Công ty FPT và Công ty Ingram Micro trong việc đưa các sản phẩm của Sandisk tiếp cận người tiêu dùng, nhằm mở rộng thị trường bán lẻ thiết bị lưu trữ tại Việt Nam. Theo đó, FPT và Ingram Micro trở thành nhà phân phối độc quyền các loại thiết bị lưu trữ của Sandisk như thẻ nhớ MicroSDHC và M2 dung lượng 8GB, các sản phẩm USB và thẻ nhớ flash hiệu Extreme Ducati và Cruzer Contour, các phần mềm bổ sung như Skype, CruzerSync, HP photosmart...

Bên cạnh đó, các dự án lớn của FPT như ngân hàng FPT hay bất động sản FPTcũng bắt đầu đi vào hoạt động, mang lại những nguồn thu mới và lớn cho công ty trong thời gian tới.

Theo Trần Ngọc ATPVietnam",2007-12-16T07:20:14+07:00,2007-12-16T07:20:14,2026-07-29T21:46:52.787330+07:00,CafeF,https://cafef.vn/thi-truong-chung-khoan/lieu-co-van-de-gi-voi-co-phieu-fpt-hay-khong-2007121672014910.chn,https://cafef.vn/thi-truong-chung-khoan/lieu-co-van-de-gi-voi-co-phieu-fpt-hay-khong-2007121672014910.chn,thanhtu,Thị trường chứng khoán,https://cafefcdn.com/thumb_w/1200/Liệu có vấn đề gì với cổ phiếu FPT hay không?,vi,EARNINGS,"[""EARNINGS_REPORT""]","[""FPT"", ""cổ phiếu FPT""]",13.0,"[""ticker_in_title:+1"", ""alias_in_title:+3"", ""ticker_in_summary:+1"", ""positive_entity:+1"", ""ticker_content:+3"", ""financial_terms:+2"", ""financial_metrics:+2""]",6ced45c760db16418ecbd415961f70552b57bef0d327a5b67190616b107d31e5,445,accepted
cafef_fpt_20230716_8a6a36db,"[""FPT""]",Công ty Cổ phần FPT,"Tăng liên tục nhiều tháng, định giá FPT lên sát 100.000 tỷ đồng, ngang ngửa Masan, TCB và nhỉnh hơn Sabeco, MB","Từng mất 11 năm “vật vã” để về đỉnh cũ lúc chào sàn, FPT đang sáng cửa trở lại nhóm vốn hóa 100.000 tỷ chỉ sau hơn 1 năm.","Sau khi công bố kết quả kinh doanh tích cực trong 6 tháng đầu năm với doanh thu tăng 22% và lợi nhuận trước thuế tăng 19% lên 4.339 tỷ đồng, cổ phiếu FPT đã tăng 3,3% lên 78.300 đồng.

Dù mức tăng không quá lớn nhưng cổ phiếu FPT đã tăng liên tục trong 2 tháng qua và hiện là mức giá cao nhất trong vòng hơn 1 năm qua. Ở mức giá hiện tại, định giá của FPT đạt 99.400 tỷ đồng – là doanh nghiệp có vốn hóa lớn thứ 13 trên sàn chứng khoán, con số được coi là may mắn của doanh nghiệp công nghệ này.

FPT hiện là doanh nghiệp có giá trị lớn thứ 13 trên sàn chứng khoán

Vốn hóa của FPT hiện chỉ thấp hơn một chút so với Techcombank, Masan và nhỉnh hơn so với Sabeco, Tập đoàn Cao su (VRG), MB, Becamex…

Nếu đà tăng của thị trường được duy trì, FPT một lần nữa lại sáng cửa quay lại ""câu lạc bộ"" vốn hóa trên 100.000 tỷ đồng – cột mốc mà doanh nghiệp này đã đạt được trong ít ngày đầu tháng 4/2022 khi VN-Index ở vùng đỉnh 1.500 điểm.

FPT hiện tiến về sát vùng đỉnh đạt được vào tháng 4/2022, khi đó vốn hóa của doanh nghiệp này đạt hơn 100.000 tỷ đồng

FPT là một trong những cổ phiếu vốn hóa lớn tăng trưởng đều đặn và ổn định nhất trong 10 năm gần đây. Từ năm 2013 đến nay, chỉ có duy nhất năm 2018 là cổ phiếu của công ty bị giảm sâu. Ngay cả năm 2022 khi thị trường lao dốc trong nửa cuối năm thì vốn hóa của công ty vẫn giữ được ngang bằng so với năm 2021.

Năm 2021 là giai đoạn bùng nổ nhất của FPT khi vốn hóa của công ty tăng vọt từ 46.300 tỷ lên 84.400 tỷ đồng.

Chào sàn cuối năm 2006, FPT từng là một trong những cổ phiếu hot nhất khi đó, vốn hóa tăng vọt lên 28.000 tỷ đồng nhưng đến cuối năm 2008 đã mất 3/4 giá trị, xuống còn 7.000 tỷ đồng. Phải mất 11 năm, đến năm 2017 công ty mới vượt qua đỉnh cũ, đồng nghĩa với việc vốn hóa vượt trên 1 tỷ USD.",2023-07-16T15:03:00+07:00,2023-07-16T15:03:00,2026-07-29T21:47:09.098105+07:00,CafeF,https://cafef.vn/tang-lien-tuc-nhieu-thang-dinh-gia-fpt-len-sat-100000-ty-dong-ngang-ngua-masan-tcb-va-nhinh-hon-sabeco-mb-188230716150348197.chn,https://cafef.vn/tang-lien-tuc-nhieu-thang-dinh-gia-fpt-len-sat-100000-ty-dong-ngang-ngua-masan-tcb-va-nhinh-hon-sabeco-mb-188230716150348197.chn,Trường An,Doanh nghiệp,https://cafefcdn.com/thumb_w/1200/203337114487263232/2023/7/16/anhtruonggiabinh-1689494647033232920242-25-0-339-600-crop-1689494664039799198316.jpg,vi,EARNINGS,"[""EARNINGS_REPORT""]","[""FPT"", ""cổ phiếu FPT""]",10.0,"[""ticker_in_title:+1"", ""ticker_in_summary:+1"", ""positive_entity:+1"", ""ticker_content:+3"", ""financial_terms:+2"", ""financial_metrics:+2""]",23813ed41c33d60395aeb3b0ca99f0485113119999c4bc4dc5c5a7aefc63f707,402,accepted
cafef_fpt_20260716_85b2eb05,"[""FPT""]",Công ty Cổ phần FPT,Hé lộ lợi nhuận FPT quý 2,"Tính riêng quý 2/2026, doanh thu thuần của FPT ghi nhận 13.789 tỷ đồng, giảm 17% so với cùng kỳ và lợi nhuận sau thuế thuộc về công ty mẹ đạt 2.568 tỷ đồng, tăng 14% so với cùng kỳ năm ngoái.","FPT:

Tập đoàn FPT ( mã FPT ) vừa công bố kết quả kinh doanh 6 tháng đầu năm. Cụ thể, kết thúc 6 tháng đầu năm 2026, FPT ghi nhận doanh thu 26.269 tỷ đồng, lợi nhuận trước thuế 5.714 tỷ đồng, lần lượt tăng 12,6% và 18,1% so với cùng kỳ năm ngoái. Lợi nhuận sau thuế cho cổ đông công ty mẹ đạt 5.055 tỷ đồng, tăng trưởng 14,1%, EPS (Earning Per Share) đạt 2.967 đồng/cổ phiếu, tăng trưởng 13,4% so với năm trước.

﻿Như vậy, tính riêng quý 2/2026, doanh thu thuần của FPT ghi nhận 13.789 tỷ đồng, giảm 17% so với cùng kỳ và lợi nhuận sau thuế thuộc về công ty mẹ đạt 2.568 tỷ đồng, tăng 14% so với cùng kỳ năm ngoái.

Nửa đầu năm 2026, FPT thắng thầu 14 dự án với quy mô hơn 10 triệu USD/dự án, doanh thu ký mới mảng Dịch vụ CNTT nước ngoài tăng trưởng 32,3% so với cùng kỳ.

Khối Công nghệ (bao gồm Dịch vụ CNTT trong nước và Dịch vụ CNTT nước ngoài) tiếp tục giữ vai trò chủ chốt, đóng góp 88% doanh thu và 58% lợi nhuận trước thuế của toàn Tập đoàn, tương đương 23.138 tỷ đồng và 3.314 tỷ đồng, tăng trưởng lần lượt 15,0% và 16,9% so với cùng kỳ năm trước.

Trước bối cảnh kinh tế toàn cầu còn nhiều thách thức, doanh thu mảng Dịch vụ CNTT nước ngoài duy trì tăng trưởng 13,4%, đạt 18.902 tỷ đồng. Động lực tăng trưởng chính đến từ thị trường Nhật Bản với mức tăng trưởng đạt 24,4% so với cùng kỳ. Kết thúc 6 tháng đầu năm 2026, doanh thu ký mới của mảng Dịch vụ CNTT nước ngoài đạt 26.338 tỷ đồng, tăng trưởng 32,3% so với cùng kỳ, cho thấy dấu hiệu phục hồi tích cực. Khẳng định vị thế là công ty công nghệ tỷ đô đẳng cấp toàn cầu, FPT liên tục thắng thầu 14 dự án lớn (trên 10 triệu USD mỗi dự án), tăng 27,3% so với cùng kỳ.

Doanh thu chuyển đổi số từ thị trường nước ngoài đạt 9.610 tỷ đồng, tăng trưởng 23,8% so với cùng kỳ, tập trung vào các công nghệ mới như AI/Data Analytics, Cybersecurity, ... Trong đó, doanh thu từ Dịch vụ AI/Data Analytics đạt 1.842 tỷ đồng, tăng trưởng 54% so với cùng kỳ

Mảng Dịch vụ CNTT trong nước ghi nhận doanh thu đạt 4.236 tỷ đồng (tăng 22,5% so với cùng kỳ) và lợi nhuận trước thuế đạt 308 tỷ đồng (tăng 100,5% so với cùng kỳ), chủ yếu nhờ gia tăng tỷ trọng dịch vụ/phần mềm, đặc biệt từ các cơ hội mở rộng ở cả khối khách hàng tư nhân và khu vực công.

Mới đây, FPT đã được Bộ Công an cấp Giấy chứng nhận đủ điều kiện kinh doanh sản phẩm, dịch vụ trung gian dữ liệu, trở thành một trong những doanh nghiệp tiên phong đáp ứng các yêu cầu pháp lý theo Luật Dữ liệu. Chứng nhận này tạo nền tảng để FPT cung cấp các dịch vụ chia sẻ, kết nối và khai thác dữ liệu an toàn, góp phần hoàn thiện năng lực triển khai các giải pháp AI và dữ liệu cho khách hàng doanh nghiệp cũng như khu vực công. Hệ sinh thái sản phẩm Made-by-FPT tiếp tục đà tăng trưởng mạnh mẽ, ghi nhận doanh thu 1.264 tỷ đồng (tăng 0,1% so với cùng kỳ).

Doanh thu Khối Giáo dục, Đầu tư và Khác điều chỉnh nhẹ -2,1% so với cùng kỳ năm ngoái, đạt 3.131 tỷ đồng. LNTT của Khối đạt 2.400 tỷ đồng, tăng trưởng 19,8% so với cùng kỳ năm trước, chủ yếu đến từ mức tăng trưởng lợi nhuận 2 chữ số từ các công ty liên doanh liên kết.",2026-07-16T13:55:00+07:00,2026-07-16T13:55:00,2026-07-29T21:47:36.088953+07:00,CafeF,https://cafef.vn/he-lo-loi-nhuan-fpt-quy-2-188260716135124803.chn,https://cafef.vn/he-lo-loi-nhuan-fpt-quy-2-188260716135124803.chn,Ngọc Ly,Thị trường chứng khoán,https://cafefcdn.com/thumb_w/1200/203337114487263232/2026/7/16/avatar1784184901020-1784184901379118787542.jpg,vi,EARNINGS,"[""EARNINGS_REPORT""]","[""FPT"", ""Tập đoàn FPT"", ""mã FPT""]",11.0,"[""ticker_in_title:+1"", ""ticker_in_summary:+1"", ""positive_entity:+2"", ""ticker_content:+3"", ""financial_terms:+2"", ""financial_metrics:+2""]",7e97a17840f0321c367bc2d683d559437de93ff66e7a4e0c06fd8a73979b47a4,683,accepted
cafef_fpt_20260326_46d95349,"[""FPT""]",Công ty Cổ phần FPT,"Không còn hợp nhất FPT Telecom, lợi nhuận FPT vẫn tăng 18%","Không còn hợp nhất kết quả kinh doanh FPT Telecom, doanh thu FPT chỉ tăng 7,2% trong khi lợi nhuận tập đoàn vẫn tăng hai chữ số.","FPT:

Hai tháng đầu năm 2026, FPT ghi nhận doanh thu hợp nhất đạt 7.932 tỷ đồng, tăng 7,2% trong bối cảnh báo cáo tài chính chỉ hợp nhất phần lợi nhuận FPT Telecom tương ứng với vốn chủ sở hữu thay vì cả doanh thu và lợi nhuận như trước đây.

Mới đây, FPT công bố kết quả kinh doanh trong hai tháng đầu năm. Trong hai tháng đầu năm 2026, FPT ghi nhận doanh thu hợp nhất đạt 7.932 tỷ đồng, tăng 7,2% so với cùng kỳ năm trước. Lợi nhuận trước thuế đạt 1.790 tỷ đồng, tăng 18%.

Lợi nhuận sau thuế thuộc về cổ đông công ty mẹ đạt 1.600 tỷ đồng, tăng 16,1%, trong khi lãi cơ bản trên mỗi cổ phiếu (EPS) đạt 939 đồng, tăng 15,4%.

Doanh thu và lợi nhuận Tập đoàn FPT . Ảnh: FPT

Đáng lưu ý, từ ngày 1/1/2026, FPT thay đổi phương pháp hợp nhất báo cáo tài chính đối với FPT Telecom . Theo đó, doanh nghiệp chuyển từ hợp nhất toàn bộ sang ghi nhận theo phương pháp vốn chủ sở hữu, tức chỉ hạch toán phần lợi nhuận tương ứng với tỷ lệ sở hữu, thay vì hợp nhất toàn bộ doanh thu và lợi nhuận như trước.

Khối công nghệ tiếp tục chiếm tỷ trọng lớn trong cơ cấu hoạt động, đóng góp 86% doanh thu và 56% lợi nhuận trước thuế toàn tập đoàn.

Trong đó, mảng dịch vụ công nghệ thông tin tại thị trường nước ngoài đạt doanh thu 5.891 tỷ đồng, tăng 11,9%. Thị trường Nhật Bản ghi nhận mức tăng 24,4%, với doanh thu đạt 2.698 tỷ đồng.

Đáng chú ý, khối lượng đơn hàng ký mới tại thị trường nước ngoài đạt 10.073 tỷ đồng, tăng 20,5% so với cùng kỳ. Riêng trong hai tháng đầu năm, FPT thắng thầu 5 dự án lớn có quy mô trên 10 triệu USD, cho thấy nhu cầu công nghệ từ các doanh nghiệp quốc tế. Lợi nhuận trước thuế của mảng công nghệ thông tin nước ngoài đạt 942 tỷ đồng, tăng 9,3%.

Ở các mảng còn lại, khối giáo dục, đầu tư và hoạt động khác ghi nhận doanh thu 1.110 tỷ đồng, giảm 7,6%. Lợi nhuận trước thuế đạt 794 tỷ đồng, giảm 17,3%.

Trong năm 2026, theo tài liệu trình Đại hội cổ đông, FPT đặt mục tiêu doanh thu 58.580 tỷ đồng, tăng 15,8% so với năm 2025. Lợi nhuận trước thuế dự kiến đạt 11.629 tỷ đồng, tăng 15%. Trong đó, khối công nghệ tiếp tục là động lực tăng trưởng chính.

Năm 2025, FPT ghi nhận 70.112 tỷ đồng doanh thu, tăng 11,5% so với 2024. Lợi nhuận sau thuế cổ đông công ty mẹ đạt 9.369 tỷ đồng, tăng 19,5%, cao nhất từ trước đến nay.

Về chính sách cổ tức, FPT dự kiến trình cổ đông phương án chi trả bằng tiền mặt tối đa 20% cho năm 2026, tương đương tối đa 2.000 đồng mỗi cổ phiếu. Dự kiến, doanh nghiệp cần chi 3.400 tỷ đồng để phân phối lợi nhuận. Hội đồng quản trị sẽ căn cứ vào kết quả kinh doanh thực tế để quyết định mức tạm ứng cổ tức trong năm, đảm bảo không ảnh hưởng đến hoạt động sản xuất kinh doanh.",2026-03-26T21:50:00+07:00,2026-03-26T21:50:00,2026-07-29T21:47:38.223434+07:00,CafeF,https://cafef.vn/khong-con-hop-nhat-fpt-telecom-loi-nhuan-fpt-van-tang-18-188260326215034033.chn,https://cafef.vn/khong-con-hop-nhat-fpt-telecom-loi-nhuan-fpt-van-tang-18-188260326215034033.chn,Theo Thảo Vân,Thị trường chứng khoán,https://cafefcdn.com/thumb_w/1200/203337114487263232/2026/3/26/avatar1774536567982-1774536568390493155594.png,vi,EARNINGS,"[""EARNINGS_REPORT""]","[""FPT"", ""Tập đoàn FPT""]",10.0,"[""ticker_in_title:+1"", ""ticker_in_summary:+1"", ""positive_entity:+1"", ""ticker_content:+3"", ""financial_terms:+2"", ""financial_metrics:+2""]",17041ab20f448ac6ce4b75b93b3c526bc58b78b78d9beb22dddba9abb204ef01,583,accepted
cafef_fpt_20250226_04e0c815,"[""FPT""]",Công ty Cổ phần FPT,ACBS: Lợi nhuận FPT có thể lập kỷ lục hơn 13.000 tỷ trong năm 2025,"Đội ngũ phân tích kỳ vọng mảng dịch vụ CNTT thị trường nước ngoài của FPT có thể tăng trưởng doanh thu 26,6% so với cùng kỳ trong 2025.","Trong báo cáo cập nhật về Tập đoàn FPT (mã: FPT) mới đây, Chứng khoán ACBS lạc quan rằng mảng dịch vụ viễn thông và dịch vụ CNTT thị trường nước ngoài sẽ tiếp tục là trụ cột của FPT trong 2025.

Mảng dịch vụ CNTT nước ngoài kỳ vọng tăng trưởng mạnh﻿

Cụ thể, ACBS cho biết dịch vụ CNTT thị trường nước ngoài vẫn là mảng hứa hẹn tăng trưởng tốt nhất trong bối cảnh Việt Nam được đánh giá là điểm đến hấp dẫn cho các dịch vụ CNTT, với lợi thế chi phí thấp.

Các công ty Việt Nam còn có thể gây ấn tượng với khách hàng về sự nhiệt tình, khả năng thích ứng, chăm chỉ,... và hưởng lợi từ xu hướng tìm kiếm đối tác khác ngoài Trung Quốc và tình trạng thiếu lao động ở nhiều nước.

Về dịch vụ, theo Hiệp hội phần mềm và dịch vụ CNTT Việt Nam (VINASA), dịch vụ được cung cấp từ các doanh nghiệp công nghệ Việt Nam không chỉ dừng lại ở phát triển, kiểm thử mà đã trở thành đối tác tư vấn, nghiên cứu, thiết kết, phát triển chuyển đổi số cho các đối tác toàn cầu.

Dịch vụ DX tiếp tục có triển vọng tích cực vì vẫn được thúc đẩy trên toàn cầu. Theo International Data Corporation (IDC), thị trường DX được dự báo sẽ tăng trưởng với tốc độ CAGR là 16,2% lên gần 4 nghìn tỷ USD trong giai đoạn 2022-2027. ﻿

Đội ngũ phân tích kỳ vọng mảng dịch vụ CNTT thị trường nước ngoài của FPT có thể tăng trưởng doanh thu 26,6% so với cùng kỳ trong 2025. Nhật Bản và châu Á-TBD có thể vẫn là những thị trường nổi bật nhất với mức tăng trưởng doanh thu dự phóng 30% nhờ nhu cầu gia tăng chi tiêu cho CNTT, đặc biệt là chuyển đổi số và AI.

Trong khi tăng trưởng ở châu Á-TBD có thể được thúc đẩy bởi các hợp đồng mới và tinh thần sẵn sàng áp dụng công nghệ mới, tăng trưởng tại thị trường Nhật Bản có thể đến từ nhu cầu giảm chi phí thông qua tự động hóa và tiết kiệm lao động, đổi mới các hệ thống cũ, tăng cường đầu tư để gia tăng hiệu quả và đầu tư vào nhiều ngành khác nhau.

Đối với thị trường Mỹ, ACBS dự phóng mức tăng trưởng 20% so với cùng kỳ dựa trên tín hiệu tích cực hơn của doanh thu ký mới trong Q4/2024 và kỳ vọng của công ty về khả năng phục hồi tại thị trường này khi tổng thống Trump có định hướng thúc đẩy sự phát triển của các doanh nghiệp.

﻿Dịch vụ viễn thông giữ mức tăng trưởng ổn định

Khiêm tốn hơn, mảng dịch vụ viễn thông được dự phóng sẽ giữ mức tăng trưởng một chữ số ở 9% và đóng góp LNTT ổn định cho FPT.

Do dịch vụ Internet băng thông rộng cố định đã tiến đến giai đoạn trưởng thành, công ty đặt mục tiêu thúc đẩy tăng trưởng cho mảng này bằng các dịch vụ giá trị gia tăng và các dịch vụ khác (trung tâm dữ liệu, Pay TV,...).

Trung tâm dữ liệu tại quận 9 dự kiến sẽ đi vào hoạt động vào cuối năm 2025 sau khi hoàn tất các vấn đề hậu cần. Công ty cũng đang hợp tác với các đối tác để thành lập các trung tâm dữ liệu quy mô lớn tại Việt Nam, tuy nhiên thông tin chi tiết chưa được công bố.

Dù vậy, ACBS cho rằng dịch vụ Internet băng thông rộng cố định vẫn đóng vai trò chủ chốt của mảng này và sự thay đổi đáng kể về cơ cấu sẽ chưa diễn ra ngay trong vài năm tới, vì các dịch vụ còn lại cần thời gian để gia tăng tỷ trọng đóng góp doanh thu.﻿

Đối với dịch vụ CNTT trong nước và quảng cáo trực tuyến, ACBS kỳ vọng kết quả hoạt động của hai mảng có thể cải thiện thêm và tăng trưởng doanh thu ở mức 10-15% svck cho năm 2025.

Nhà máy AI sẽ bắt đầu đóng góp vào kết quả chung từ năm 2025. Trong năm 2024, FPT đã đầu tư vào các nhà máy AI tại Việt Nam và Nhật Bản. Việc thiết lập tại Việt Nam đã hoàn tất trong khi cơ sở tại Nhật Bản dự kiến sẽ đi vào hoạt động vào giữa tháng 3/2025.﻿

Tại mảng giáo dục , ACBS dự phóng ghi nhận tăng trưởng đi ngang trong 2025 do tỷ lệ tuyển sinh 2024 không đạt kỳ vọng của công ty. FPT dự kiến sẽ thúc đẩy tuyển sinh trong 2025 bằng cách tăng cường marketing, mở rộng mạng lưới và chương trình đào tạo vào các lĩnh vực mà chính phủ hiện đang muốn thúc đẩy.

﻿FPT kỳ vọng mảng kinh doanh này sẽ có khoản đóng góp doanh thu đầu tiên là 40 triệu USD (giả định biên lợi nhuận trước thuế là 20%) trong năm 2025. Các số liệu này sẽ được ghi nhận ở công ty FPT Smart Cloud.

Theo các phân tích và kỳ vọng trên, ACBS dự phóng doanh thu thuần và LNTT cho FPT trong năm 2025 lần lượt là 74.800 tỷ đồng (+19% so với cùng kỳ) và 13.245 tỷ đồng (~0,52 tỷ USD) (+19,6% so với cùng kỳ). ﻿Nếu hoàn thành, đây sẽ tiếp tục là mức doanh thu và lợi nhuận kỷ lục mới của FPT.",2025-02-26T00:08:00+07:00,2025-02-26T00:08:00,2026-07-29T21:47:51.080873+07:00,CafeF,https://cafef.vn/acbs-loi-nhuan-fpt-co-the-lap-ky-luc-hon-13000-ty-trong-nam-2025-18825022522594804.chn,https://cafef.vn/acbs-loi-nhuan-fpt-co-the-lap-ky-luc-hon-13000-ty-trong-nam-2025-18825022522594804.chn,Dương Ngọc,Thị trường chứng khoán,https://cafefcdn.com/thumb_w/1200/203337114487263232/2025/2/25/avatar1740499105923-1740499106202565080326.png,vi,EARNINGS,"[""EARNINGS_REPORT""]","[""FPT"", ""Tập đoàn FPT""]",10.0,"[""ticker_in_title:+1"", ""ticker_in_summary:+1"", ""positive_entity:+1"", ""ticker_content:+3"", ""financial_terms:+2"", ""financial_metrics:+2""]",d4d03e96015590ba68c8ba08064834791fbaf49ceb354feacef318920ccb0a63,949,accepted
cafef_fpt_20230818_a8a32079,"[""FPT""]",Công ty Cổ phần FPT,"Tăng trưởng đều đến kinh ngạc, lợi nhuận FPT liên tục lập kỷ lục đẩy cổ phiếu vượt đỉnh, vốn hóa xấp xỉ 5 tỷ USD","FPT là một trong số những cổ phiếu tăng trưởng bền vững suốt nhiều năm qua với chính sách cổ tức rất đều đặn. Những năm gần đây, tốc độ tăng trưởng doanh thu và lợi nhuận mỗi quý của FPT so với cùng kỳ năm trước đều đạt 2 con số và thường dao động quanh mức 20%.","FPT:

Thị trường chứng khoán giao dịch sôi động cùng làn sóng đầu cơ lên ngôi thời gian gần đây phần nào đã làm lu mờ các Bluechips. Tuy nhiên, một số cổ phiếu vẫn biết cách tạo điểm nhấn khiến nhà đầu tư phải nhắc tên, điển hình như FPT.

Cổ phiếu công nghệ hiếm hoi trên sàn chứng khoán Việt Nam vừa vượt đỉnh lịch sử bất chấp thị trường giảm mạnh. Từ đầu năm, FPT đã tăng hơn 30% thị giá qua đó leo lên mức 86.000 đồng/cp, tương ứng giá trị vốn hóa xấp xỉ 110.000 tỷ đồng (~5 tỷ USD).

Đà tăng thời gian gần đây của FPT được hỗ trợ tích cực từ các thông tin liên quan đến chính sách cổ tức. Cụ thể, ngày 25/8 tới đây, FPT sẽ chốt danh sách cổ đông thực hiện tạm ứng cổ tức đợt 1 năm 2023 bằng tiền mặt với tỷ lệ 10%. Thời gian thanh toán dự kiến vào 12/9. Với gần 1,3 tỷ cổ phiếu đang lưu hành, tập đoàn dự kiến sẽ chi khoảng 1.260 tỷ đồng để chi trả cho cổ đông.

Trước đó trong tháng 7, FPT cũng đã chi 1.100 tỷ đồng để trả cổ tức còn lại của năm 2022 cho cổ đông với tỷ lệ 10% bằng tiền. Ngoài ra, doanh nghiệp này còn phát hành 165,6 triệu cổ phiếu để trả cổ tức năm 2022 với tỷ lệ 20:3. Vốn điều lệ sau phát hành cũng theo đó tăng từ 11.000 tỷ đồng lên 12.700 tỷ đồng.

Tăng trưởng đều đến kinh ngạc

FPT là một trong số những cổ phiếu tăng trưởng bền vững suốt nhiều năm qua với chính sách cổ tức rất đều đặn. Điều này xuất phát từ nền tảng kinh doanh ổn định với tăng trưởng cao được duy trì liên tục trong thời gian dài. Kể từ khi cơ cấu lại mô hình hoạt động của tập đoàn năm 2018, FPT tăng trưởng mạnh liên tục cả về doanh thu và lợi nhuận qua từng năm.

Năm 2023, FPT đặt mục tiêu tham vọng với kế hoạch doanh thu 52.289 tỷ đồng (~2,1 tỷ USD) và lợi nhuận trước thuế 9.055 tỷ đồng, tăng lần lượt 19% và 18% so với kết quả thực hiện năm ngoái. Nếu hoàn thành kế hoạch đề ra, tập đoàn công nghệ này sẽ tiếp tục phá kỷ lục doanh thu và lợi nhuận lập được năm 2022 trước đó.

7 tháng đầu năm, FPT ghi nhận doanh thu đạt 28.429 tỷ đồng và lợi nhuận trước thuế đạt 5.069 tỷ đồng, lần lượt tăng 22,4% và 19,5% so với cùng kỳ năm ngoái. Mảng công nghệ vẫn đóng vai trò chủ chốt, chiếm khoảng 47% tổng lợi nhuận trước thuế tập đoàn. Với kết quả đạt được sau 7 tháng, FPT đã hoàn thành 54% chỉ tiêu doanh thu và 56% mục tiêu lợi nhuận cả năm.

Riêng quý 2 vừa qua, FPT đã lập kỷ lục lợi nhuận mới trong một quý khi ghi nhận lãi trước thuế 1.856 tỷ đồng, tăng 19% so với cùng kỳ và cao hơn 2,5% so với quý đầu năm. Kết quả này giúp tiếp tục nối dài chuỗi tăng trưởng theo quý đều đến kinh ngạc. Những năm gần đây, tốc độ tăng trưởng doanh thu và lợi nhuận mỗi quý của FPT so với cùng kỳ năm trước đều đạt 2 con số và thường dao động quanh mức 20%.

Không chỉ kết quả kinh doanh tăng trưởng, quy mô nhân sự của FPT cũng tiếp tục mở rộng. Đến cuối quý 2, tập đoàn này có gần 45.800 nhân viên, tăng 3.400 người sau 6 tháng. Sự gia tăng nhân sự chủ yếu diễn ra trong quý đầu năm. Nòng cốt vẫn là nhân lực công nghệ với hơn 28.500 người (chiếm gần 70%) tổng lực lượng nhân sự toàn tập đoàn tại thời điểm cuối năm ngoái.

Công nghệ tiếp tục là bệ phóng

Trong báo cáo mới đây, VNDirect đưa ra quan điểm tích cực về triển vọng của FPT 2023/24 trên bệ phóng là lĩnh vực công nghệ. Chi tiêu cho CNTT trên toàn thế giới theo Gartner, Inc. dự báo đạt tổng cộng 4.600/5.000 tỷ USD vào năm 2023/24, lần lượt tăng 5,5%/8,6% so với cùng kỳ. Với giá trị hợp đồng ký mới được ký mới ấn tượng của dịch vụ CNTT toàn cầu nửa đầu năm, VNDirect kỳ vọng doanh thu mảng công nghệ sẽ tăng trưởng ổn định trong năm 2023/24.

VNDirect dự phóng doanh thu mảng công nghệ của FPT đạt 29.699 tỷ đồng trong năm 2023 và đạt 37.037 tỷ đồng trong năm 2024, lần lượt tăng trưởng 16% và 25% so với cùng kỳ. Trong đó, dịch vụ CNTT toàn cầu dự kiến tăng 24% và 28% trong các năm 2023 và 2024 nhờ đóng góp cao hơn từ thị trường APAC và Nhật Bản.

Bên cạnh đó, nhóm phân tích kỳ vọng doanh thu mảng công nghệ đạt CAGR 14,1% trong giai đoạn 2023-25 nhờ sự tăng trưởng của Data Center. Mảng kinh doanh Data Center sẽ phát triển nhờ nhu cầu điện toán đám mây ngày càng tăng. FPT tiếp tục mở rộng Data Center với kế hoạch mở thêm 2 Data Center tại Hồ Chí Minh và 1 Data Center tại Hà Nội.﻿

VNDirect kỳ vọng biên lợi nhuận gộp của FPT sẽ tăng 0,3 điểm % so với cùng kỳ lên 39,8% trong năm 2023 nhờ tỷ trọng Dx cao hơn trong doanh thu mảng công nghệ. Trong năm 2023/24, CTCK này dự phóng các mảng kinh doanh của FPT sẽ duy trì đà tăng trưởng ổn định để mang lại mức tăng trưởng doanh thu 17,2%/20,1% và lợi nhuận ròng 19,3%/20,5% so với cùng kỳ năm trước.",2023-08-18T00:02:00+07:00,2023-08-18T00:02:00,2026-07-29T21:47:56.746920+07:00,CafeF,https://cafef.vn/tang-truong-deu-den-kinh-ngac-loi-nhuan-fpt-lien-tuc-lap-ky-luc-day-co-phieu-vuot-dinh-von-hoa-xap-xi-5-ty-usd-188230817232413515.chn,https://cafef.vn/tang-truong-deu-den-kinh-ngac-loi-nhuan-fpt-lien-tuc-lap-ky-luc-day-co-phieu-vuot-dinh-von-hoa-xap-xi-5-ty-usd-188230817232413515.chn,Hà Linh,Thị trường chứng khoán,https://cafefcdn.com/thumb_w/1200/203337114487263232/2023/8/17/avatar1692289286370-16922892867151105474375.jpg,vi,EARNINGS,"[""EARNINGS_REPORT""]","[""FPT""]",5.0,"[""ticker_in_title:+1"", ""ticker_in_summary:+1"", ""ticker_content:+3"", ""financial_terms:+2"", ""financial_metrics:+2"", ""no_positive_entity:-4""]",d670b163abc5716ab4b1b930045e03f4f1c0921bf6c8535a7fc66c0f97c536c8,1025,accepted
cafef_fpt_20221211_f2956673,"[""FPT""]",Công ty Cổ phần FPT,"SSI Research: Kịch bản kém khả quan nhất, lợi nhuận FPT vẫn đạt mức tăng trưởng hai chữ số trong năm 2023",Cổ phiếu FPT cũng được SSI định giá khá hấp dẫn so với các công ty công nghệ thông tin toàn cầu nhờ tăng trưởng EPS ổn định trong giai đoạn 2022-2023.,"FPT:

Trong báo cáo mới cập nhật, SSI Research cho biết trong kịch bản cơ sở giai đoạn 2022-2023, LNTT của CTCP FPT (mã chứng khoán: FPT) ước tính sẽ tăng ở mức hai chữ số, cụ thể là tăng 22% trong năm 2022 lên 7.750 tỷ đồng và 18% trong năm 2023 lên 9.130 tỷ đồng.

Con số này so với ước tính hồi tháng 4 trước đó của SSI đã giảm khoảng 5% đối với LNTT năm 2023 sau khi SSI Research tính đến rủi ro suy thoái toàn cầu có thể ảnh hưởng đến chi tiêu công nghệ thông tin toàn cầu.

Đánh giá từng mảng cụ thể, về mảng dịch vụ công nghệ thông tin nước ngoài, SSI Research dự báo LNTT sẽ tăng trưởng 21% trong năm 2023, thấp hơn một chút so với mức tăng trưởng 24% của năm 2022. Dẫn dự báo của Gartner vào ngày 19/10 cho rằng mức chi tiêu cho CNTT toàn cầu có thể giảm thêm khoảng 2% so với dự báo vào tháng 7/2022, SSI Research vẫn lạc quan cho rằng mảng công nghệ thông tin nước ngoài có thể tăng trưởng khả quan cho tới năm 2023 nhờ vào lợi thế chi phí thấp của FPT để giành thêm được hợp đồng.

Trong đó, tăng trưởng doanh thu từ thị trường Nhật Bản dự kiến đạt mức 15% trong năm 2023, so với 15,4% trong năm 2022. Thực tế, tốc độ tăng trưởng hữu cơ từ Nhật Bản trong năm 2022 là khoảng 35%; nhưng do ảnh hưởng bởi việc đồng JPY giảm giá nên tăng trưởng chỉ dừng lại ở mức 15,4% trong năm 2022. SSI cũng dự báo tăng trưởng trong năm 2023 có thể đạt 15%.

Tại thị trường Mỹ và Châu Á Thái Bình Dương, dự kiến mức tăng trưởng sẽ cao hơn thị trường EU do căng thẳng kéo dài giữa Nga và Ukraine. Theo SSI Research, FPT sẽ có tỷ trọng doanh thu tại thị trường EU thấp nhất so với các công ty cùng ngành, chiếm 7% doanh thu mảng dịch vụ CNTT nước ngoài và chỉ 3% tổng doanh thu năm 2023. Ngược lại, tăng trưởng doanh thu của thị trường Hoa Kỳ và Châu Á Thái Bình Dương ước tính lần lượt vào khoảng 27% và 33% trong năm 2023, so với mức tăng trưởng 10% của thị trường EU.

Tuy nhiên, trước rủi ro suy thoái kinh tế toàn cầu và biến động tỷ giá, SSI Research dự báo tỷ suất LNTT từ mảng dịch vụ công nghệ thông tin nước ngoài của FPT sẽ giảm trong năm 2023.

Ngoài ra, mảng dịch vụ công nghệ thông tin trong nước có thể ghi nhận mức tăng trưởng doanh thu không đổi, nhưng biên LNTT sẽ thấp hơn do tác động của lãi suất cho vay tăng. Lãi suất cho vay tăng có thể ảnh hưởng trực tiếp đến lợi nhuận của các doanh nghiệp và ngân sách dành cho công nghệ thông tin có thể bị ảnh hưởng tiêu cực.

Mặt khác, SSI Research dự báo LNTT của mảng dịch vụ viễn thông sẽ tăng trưởng ở mức trên 10% trong. Điều này được thúc đẩy bởi tốc độ tăng trưởng ổn định của dịch vụ internet băng thông rộng và truyền hình internet (IPTV). SSI ước tính tăng trưởng thuê bao internet băng thông rộng và IPTV cho năm 2023 lần lượt là 13,5% và 18%. Đồng thời, Luật an ninh mạng được thông qua gần đây có thể là một yếu tố khác góp phần thúc đẩy nhu cầu đối với các trung tâm dữ liệu của Việt Nam. Theo đó kể từ 1/10, Nghị định 53/2022 yêu cầu các doanh nghiệp nước ngoài có hoạt động kinh doanh tại Việt Nam (thuộc các lĩnh vực như Dịch vụ viễn thông; lưu trữ, chia sẻ dữ liệu trên không gian mạng; cung cấp tên miền quốc gia hoặc quốc tế cho người sử dụng dịch vụ tại Việt Nam; thương mại điện tử; thanh toán trực tuyến; trung gian thanh toán; dịch vụ kết nối vận chuyển qua không gian mạng; mạng xã hội và truyền thông xã hội; trò chơi điện tử trên mạng,...) phải tiến hành lưu trữ dữ liệu tại Việt Nam. Trước đây, một số doanh nghiệp nước ngoài thường lưu trữ dữ liệu ở Singapore và Hongkong. Do vậy Nghị định mới có hiệu lực sẽ thúc đẩy nhu cầu trung tâm dữ liệu có thể tăng lên và các đơn vị cung cấp dịch vụ như FPT sẽ được hưởng lợi.

Xây dựng kịch bản kém khả quan nhất trong giai đoạn 2022-2023, trong trường hợp xảy ra suy thoái kinh tế nghiêm trọng, SSI Research đưa ra dự báo LNTT năm 2023 của FPT sẽ đạt mức tăng trưởng 13% so với cùng kỳ.

Trong đó, mảng dịch vụ công nghệ thông tin nước ngoài sẽ tăng trưởng ở mức 12% so với cùng kỳ, ngang bằng với năm 2020. Theo SSI, suy thoái toàn cầu và căng thẳng leo thang giữa Nga, Ukraine và phần còn lại của thế giới là những yếu tố tác động tiêu cực. Song, lợi thế chi phí thấp có thể giúp công ty đạt được mức tăng trưởng hơn 10%.

Tuy vậy, do lãi suất cho vay tăng và chi tiêu cho dịch vụ công nghệ thông tin trong nước giảm đi, SSI Research thận trọng hơn trong ước tính đối với tăng trưởng LNTT và tỷ suất LNTT mảng này trong năm 2023. Tương tự, tăng trưởng LNTT năm 2023 của mảng dịch vụ viễn thông có thể đạt mức 12% so với cùng kỳ (thấp hơn mức 15% tại kịch bản cơ sở). Trong bối cảnh suy thoái kinh tế nghiêm trọng, Chính phủ có thể đưa ra yêu cầu giảm phí internet băng thông rộng. Do đó, tỷ suất LNTT của mảng dịch vụ viễn thông có thể giảm 10 bps so với cùng kỳ trong năm 2023. Mảng quảng cáo trực tuyến có thể suy giảm đáng kể trong trường hợp suy thoái kinh tế tiêu cực hơn dự kiến, như đã thấy trong giai đoạn 2020-2021 trước đó.

Về tình hình kinh doanh trong 9 tháng đầu năm 2022, FPT đạt doanh thu thuần 30.975 tỷ đồng, và lợi nhuận sau thuế 4.856 tỷ đồng, lần lượt tăng 24% và 28% so với cùng kỳ.

Riêng trong quý 3/2022, mức tăng trưởng LNTT cao ghi nhận từ mảng công nghệ với mảng dịch vụ công nghệ thông tin nước ngoài, đạt 26,4% so với cùng kỳ nhờ doanh thu từ các thị trường đều tích cực. Đáng chú ý, tăng trưởng doanh thu của FPT từ thị trường Nhật Bản trong quý 3/2022 vượt kế hoạch của ban lãnh đạo là 19% so với cùng kỳ dù đồng JPY giảm giá. N ếu loại sự ảnh hưởng của đồng Yên Nhật, SSI cho rằng tăng trưởng doanh thu của thị trường Nhật Bản là khoảng 40%.

Đồng thời, FPT có tỷ trọng doanh thu từ thị trường EU thấp nhất so với các công ty cùng ngành, do đó mảng CNTT nước ngoài của FPT có thể bị ảnh hưởng ít hơn so với các đối thủ trong trường hợp căng thẳng giữa Nga và Ukraine kéo dài hơn.

Ngoài ra, nợ nước ngoài cũng FPT đã được phòng ngừa rủi ro đầy đủ, SSI không nhận thấy rủi ro từ biến động tỷ giá đối với FPT . Có thể thấy mặc dù USD tăng giá, FPT vẫn ghi nhận lãi ròng từ chênh lệch tỷ giá hối đoái là 29 tỷ đồng trong 9 tháng đầu năm 2022, với 41 tỷ đồng trong quý 3/2022.

Đặc biệt, lượng tiền mặt dồi dào và tỷ lệ thanh toán lãi vay cao đã bảo vệ FPT khỏi rủi ro từ việc lãi suất cho vay tăng lên. Tính đến tháng 9/2022, số dư tiền mặt ròng của FPT là 5.800 tỷ đồng so với 3.700n tỷ đồng trong quý 1/2022, do công ty có tỷ lệ thanh toán lãi vay cao là 12,8 lần.

Cổ phiếu FPT cũng được SSI định giá khá hấp dẫn so với các công ty công nghệ thông tin toàn cầu nhờ tăng trưởng EPS ổn định trong giai đoạn 2022-2023. Chốt phiên 10/11, thị giá FPT đạt 74.000 đồng/cp.",2022-12-11T01:05:00+07:00,2022-11-12T01:05:00,2026-07-29T21:48:01.415423+07:00,CafeF,https://cafef.vn/ssi-research-kich-ban-kem-kha-quan-nhat-loi-nhuan-fpt-van-dat-muc-tang-truong-hai-chu-so-trong-nam-2023-20221111230617111.chn,https://cafef.vn/ssi-research-kich-ban-kem-kha-quan-nhat-loi-nhuan-fpt-van-dat-muc-tang-truong-hai-chu-so-trong-nam-2023-20221111230617111.chn,Phương Linh,Thị trường chứng khoán,https://cafefcdn.com/thumb_w/1200/203337114487263232/2022/11/11/photo1668182706977-1668182707282356441793.jpg,vi,EARNINGS,"[""EARNINGS_REPORT""]","[""FPT"", ""cổ phiếu FPT""]",10.0,"[""ticker_in_title:+1"", ""ticker_in_summary:+1"", ""positive_entity:+1"", ""ticker_content:+3"", ""financial_terms:+2"", ""financial_metrics:+2""]",30430b7c695884c2fa69575976f3d57ad72cef05c2e7343ad01d51d573fb9df8,1435,accepted
